Publisher Name,Publisher Registry Id,Transaction - Commitment (with valid data),Transaction - Disbursement or Expenditure (with valid data),Transaction - Traceability (with valid data),Budget (with valid data),Average (with valid data),Transaction - Commitment (with any data),Transaction - Disbursement or Expenditure (with any data),Transaction - Traceability (with any data),Budget (with any data),Average (with any data)
Aapasi Sahayog Kendra Syangja Nepal (ASK Nepal),ask,0,100,0,100,50,0,100,0,100,50
Aasaman Nepal,aasaman,-,-,-,-,0,-,-,-,-,0
ABAAD - Resource Center for Gender Equality,arcfge,50,50,-,50,38,50,50,-,50,38
Abaseen Foundation UK,abaseen,-,-,-,-,0,-,-,-,-,0
AbleChildAfrica,ablechildafrica,0,100,0,100,50,0,100,0,100,50
Abt Associates Inc,abt,67,33,0,33,33,67,33,0,100,50
Academy for Health Development (AHEAD),ahead,100,0,-,100,50,100,0,-,100,50
Académie de recherche et d'enseignement supérieur,ares,74,100,-,95,67,74,100,-,95,67
Access to Medicine Foundation,atmf,100,-,0,100,50,100,-,0,100,50
Access to Seeds Foundation,atsf,0,0,-,0,0,0,0,-,0,0
Accountability Lab,alab,0,100,-,100,50,0,100,-,100,50
Acid Survivors Foundation,_admin,0,100,-,100,50,0,100,-,100,50
ACODEV,acodev,100,100,-,100,75,100,100,-,100,75
Across,across,-,-,-,-,0,-,-,-,-,0
act4africa,act4africa,-,-,-,-,0,-,-,-,-,0
ACTED,acted,0,0,100,33,33,0,0,100,33,33
ACTION AGAINST HUNGER SPAIN,acfspain,0,0,-,100,25,0,0,-,100,25
Action Against Hunger UK,acf,0,89,29,100,55,0,89,29,100,55
ActionAid Denmark (Mellemfolkeligt Samvirke),aadk,0,0,0,0,0,0,0,0,0,0
ActionAid International,aai,60,-,0,60,30,100,-,0,60,40
ACTIONAID INTERNATIONAL KENYA,aaik,100,-,100,100,75,100,-,100,100,75
ActionAid Rwanda,aar,100,-,0,100,50,100,-,0,100,50
ActionAid UK,aauk,100,100,100,100,100,100,100,100,100,100
Acumen,acumen,0,100,0,100,50,0,100,0,100,50
Adam Smith International,asi,0,22,100,100,56,0,22,100,100,56
Adaptation Fund,af,100,-,100,0,50,100,-,100,0,50
ADD International (Action on Disability and Development),addinternational,11,0,0,100,28,11,0,0,100,28
Administração de Infra-Estruturas de Águas e Saneamento,aias,0,100,100,100,75,0,100,100,100,75
ADRA Denmark,adra-dk,100,0,100,100,75,100,0,100,100,75
ADRA-UK,adrauk,100,100,0,100,75,100,100,0,100,75
ADS-Nyanza,ads-nyanza,-,-,-,-,0,-,-,-,-,0
Adventist Development and Relief Agency (ADRA Somalia),adrasom,-,-,-,-,0,-,-,-,-,0
AECOM,aecom,0,4,0,100,26,0,4,0,100,26
Aeras,aeras,0,100,100,100,75,0,100,100,100,75
AFELT,afelt,0,0,100,0,25,0,0,100,0,25
AFEW International,afewinternational,100,80,0,40,55,100,80,0,40,55
Afghanaid,afghanaid,0,50,0,50,25,0,50,0,100,38
Afghanistan and Central Asian Association,acaa,-,-,-,-,0,-,-,-,-,0
Afghanistan Public Policy Research Organization (APPRO),appro-af,0,100,0,100,50,0,100,0,100,50
Africa Educational Trust,aet,0,50,0,0,13,0,50,0,100,38
Africalia,africalia,82,91,100,91,91,82,91,100,91,91
African Center for Economic Transformation (ACET),acet,0,100,0,100,50,0,100,0,100,50
African Centre for Global Health and Social Transformation,achest,0,71,71,100,61,0,71,71,100,61
African Development Bank,afdb,100,82,100,86,92,100,82,100,86,92
African Initiatives,ai_1064413,0,100,0,100,50,0,100,0,100,50
African Population and Health Research Center,aphrc,100,100,-,100,75,100,100,-,100,75
African Revival,africanrevival,0,100,100,100,75,0,100,100,100,75
African Women's Development Fund,awdf,0,80,100,100,70,0,80,100,100,70
Afrikagrupperna Sweden,afrikagrupperna,100,100,0,100,75,100,100,0,100,75
AfriKids,afrikids,-,-,-,-,0,-,-,-,-,0
Aga Khan Foundation (United Kingdom),akfuk73,0,100,50,50,50,0,100,50,100,63
Aga Khan Foundation Afghanistan,akf_afghanistan,0,33,50,100,46,0,33,50,100,46
AgDevCo,agdevco,0,100,-,0,25,0,100,-,0,25
Agence Française de Développement,afd,100,0,100,0,50,100,100,100,0,75
Agence Nationale d'Approvisionnement en Eau Potable en Milieu Rural du Benin,anaepmr_benin,0,0,0,100,25,0,0,0,100,25
Agency for Cooperation and Research in Development (ACORD),acord,0,50,0,50,25,0,50,0,50,25
AgResults Initiative,agresults,0,0,100,100,50,0,0,100,100,50
AgriProFocus,agriprofocus,-,-,-,-,0,-,-,-,-,0
Agulhas Applied Knowledge,aak,0,-,-,100,25,0,-,-,100,25
Agência de Desenvolvimento do Vale do Zambeze,agencia_do_zambeze,0,100,100,100,75,0,100,100,100,75
AICS - Agenzia Italiana per la Cooperazione allo Sviluppo / Italian Agency for Cooperation and Development,aics,98,91,100,0,72,98,91,100,0,72
AidData,aiddata,-,-,-,-,0,-,-,-,-,0
Aids Fonds - STOP AIDS NOW! - Soa Aids Nederland,nl-kvk-41207989,47,63,60,100,68,47,63,60,100,68
AIDSPAN,aidspan,0,67,0,0,17,0,67,0,0,17
Ajuda de Desenvolvimento de Povo para Povo (ADPP),adpp,0,100,-,0,25,0,100,-,0,25
Aktis Strategy Ltd,aktis,0,75,0,100,44,0,75,0,100,44
Akvo Foundation,akvo,100,95,100,100,99,100,95,100,100,99
Alcis Holdings Limited,alcis,-,-,-,-,0,-,-,-,-,0
Alfalit,alfalit,0,-,-,0,0,0,-,-,0,0
All We Can (formerly Methodist Relief and Development Fund),allwecan,-,-,-,-,0,-,-,-,-,0
Alliance of Religions and Conservation,alliance_of_religions_and_conservation,0,100,-,100,50,0,100,-,100,50
American Friends Service Committee,afsc,100,100,100,100,100,100,100,100,100,100
Amnesty International The Netherlands,amnesty,100,100,0,100,75,100,100,0,100,75
Amnesty International UK Section Charitable Trust,aiuk,0,0,-,100,25,0,0,-,100,25
Amref Flying Doctors,amrefnl,57,85,76,79,74,57,85,76,79,74
Amref Health Africa - UK,amrefha,0,100,0,100,50,0,100,0,100,50
Amref Health Africa Headquarters,amrefhq,100,0,100,100,75,100,0,100,100,75
Amref Health Africa in Ethiopia,amrefeth,50,100,100,50,75,50,100,100,50,75
Amref Health Africa in Kenya,amrefkenya,100,50,100,100,88,100,50,100,100,88
Amref Health Africa in Tanzania,amreftz,100,0,100,100,75,100,0,100,100,75
Amref Health Africa in Uganda,amrefug,50,0,0,100,38,50,0,0,100,38
Amref Health Africa Malawi,amrefmw,100,100,100,100,100,100,100,100,100,100
Ananda Marga Universal Relief Team (AMURT) Africa,amurt_kenya,0,100,100,0,50,0,100,100,0,50
ANDA,anda,0,-,-,0,0,0,-,-,0,0
Anti-Slavery International,asil,67,-,-,100,42,67,-,-,100,42
APPRO-Europe,appro-eu,-,-,-,-,0,-,-,-,-,0
APT Action on Poverty,apt,0,100,0,100,50,0,100,0,100,50
Aqua for All,aqua4all,-,-,-,0,0,-,-,-,58,15
Arab foundation for freedoms and equality,afemena,0,67,0,67,34,0,67,0,67,34
ARK (Absolute Return for Kids),ark,-,-,-,-,0,-,-,-,-,0
Article19,art19,-,-,-,-,0,-,-,-,-,0
Asian Development Bank,asdb,100,92,-,96,72,100,92,-,96,72
Association Centrafricaine de Traduction de la Bible et Alphabetisation,acatba,0,-,-,0,0,0,-,-,0,0
Association for Cultural Technical and Educational Cooperation (ACTEC),actec,100,100,100,100,100,100,100,100,100,100
Association for Progressive Communication,apc,0,0,100,0,25,0,0,100,0,25
Association for Reproductive and Family Health,arfh,-,-,-,-,0,-,-,-,-,0
Association for Women's Rights in Development (AWID),awid,0,92,-,0,23,0,92,-,0,23
Association of Commonwealth Universities,acu,0,100,-,100,50,0,100,-,100,50
Association pour la Promotion de l'Education et de la Formation à l'Etranger,apefe,100,100,100,94,99,100,100,100,94,99
Atos IT Services Ltd,atosuk,0,100,0,100,50,0,100,0,100,50
Atradius Dutch State Business,adsb,14,0,100,7,30,14,0,100,7,30
Australia - Department of  Foreign Affairs and Trade,ausgov,100,100,100,0,75,100,100,100,0,75
Auto-Développement Afrique (ADA),ada,100,100,-,100,75,100,100,-,100,75
Autre Terre asbl,a-t,100,100,-,100,75,100,100,-,100,75
Avanti Communications Plc,ava_admin,0,100,100,100,75,0,100,100,100,75
Avocats Sans Frontières,asf,100,100,-,100,75,100,100,-,100,75
AVSI FOUNDATION IN UGANDA,avsi_uganda,100,100,0,100,75,100,100,0,100,75
AVT-L Association of Victims of Terrorism Lebanon,avt-l,0,-,-,100,25,0,-,-,100,25
AWEPA,awepa,20,90,100,100,78,20,90,100,100,78
Babawatoto Centre For Children and Youth,bawacecy-tz,0,100,100,100,75,0,100,100,100,75
Backward Society Education (BASE),base_22,0,0,-,100,25,0,0,-,100,25
Bangladesh Nari Progati Sangha,bnps,100,100,100,100,100,100,100,100,100,100
BasicNeeds,basicneeds,17,100,0,100,54,17,100,0,100,54
Baylor College of Medicine Children's Foundation Malawi,bcm-cf,-,-,-,-,0,-,-,-,-,0
BBC Media Action,bbcmediaaction,0,3,0,100,26,0,3,0,100,26
BDO LLP,bdo,0,-,0,100,25,0,-,0,100,25
Bees Abroad UK,bauk,-,-,-,-,0,-,-,-,-,0
Bees for Development Trust,beesfordevelopment,-,-,-,-,0,-,-,-,-,0
Belgian development agency (Enabel),enabel,0,0,-,0,0,0,0,-,0,0
Belgian Development Cooperation,be-dgd,96,93,100,4,73,96,93,100,4,73
Benelux Afro Center,bac,100,75,100,100,94,100,75,100,100,94
Berytech Foundation,berytech,0,0,-,100,25,0,0,-,100,25
Beweging voor Internationale Solidariteit - Mouvement pour la Solidarité Internationale,bismsi,100,100,-,100,75,100,100,-,100,75
Bill & Melinda Gates Foundation,bmgf,100,100,100,100,100,100,100,100,100,100
Bioclimate Research and Development,bioclimate,100,100,67,33,75,100,100,67,100,92
Blue Ventures Conservation,blueventures,-,-,-,-,0,-,-,-,-,0
Bond,bond,100,-,100,100,75,100,-,100,100,75
BOS+ tropen,bos_plus_tropen,100,93,86,100,95,100,93,86,100,95
Both ENDS,bothends,8,100,100,100,77,8,100,100,100,77
BRAC,brac_admin2,100,100,100,100,100,100,100,100,100,100
BRAC International,bracintl,25,100,25,100,63,25,100,25,100,63
Brigham and Women's Hospital,bwh,0,100,100,100,75,0,100,100,100,75
British & Irish Agencies Afghanistan Group,baag,0,100,100,100,75,0,100,100,100,75
British Asian Trust,b_a_t,0,100,0,100,50,0,100,0,100,50
British Council,britishcouncil,13,7,100,100,55,13,7,100,100,55
British Red Cross,gb-chc-220949,0,100,100,100,75,0,100,100,100,75
Broederlijk Delen,bd,88,94,100,94,94,88,94,100,94,94
Brulocalis,brulocalis,100,0,100,100,75,100,0,100,100,75
BSR,bsr_admin,100,0,-,80,45,100,0,-,80,45
Bucks Community NGO,bucksfarm,0,100,100,100,75,0,100,100,100,75
Build Africa,buildafrica,0,-,100,100,50,0,-,100,100,50
Burns Violence Survivors - Nepal,bvs-nepal,-,-,-,-,0,-,-,-,-,0
C40 Cities Climate Leadership Group,c40cities,0,0,100,100,50,0,0,100,100,50
CABI,cabi,0,100,33,0,33,0,100,33,0,33
Camfed International,camfed,17,-,-,100,29,17,-,-,100,29
Canada - Global Affairs Canada | Affaires mondiales Canada,gac-amc,100,87,100,100,97,100,87,100,100,97
Canada - International Development Research Centre/Centre de recherches pour le développement international,idrccrdi,86,90,-,0,44,86,90,-,0,44
Canada Department of Finance / Ministère des Finances Canada,finance_canada,73,100,100,100,93,73,100,100,100,93
Canon Collins Trust,canoncollinstrust,0,100,0,100,50,0,100,0,100,50
Cardno Emerging Markets,cardnoem,0,100,80,100,70,0,100,80,100,70
CARE BENIN/TOGO,carebenintogo,-,-,-,-,0,-,-,-,-,0
CARE Danmark Fonden for Frivillig Ulandsbistand,12921047,100,0,100,100,75,100,0,100,100,75
CARE International Afghanistan,ciafg,0,0,100,100,50,0,0,100,100,50
CARE International in Zimbabwe,ciz,0,0,100,100,50,0,0,100,100,50
CARE International UK,ciuk,0,-,-,0,0,100,-,-,0,25
CARE Nederland,carenederland,9,100,100,100,77,9,100,100,100,77
CARE SOMALIA,csom1,0,100,100,100,75,0,100,100,100,75
Carers Worldwide,cww,-,-,-,-,0,-,-,-,-,0
Caribbean Development Bank (CDB),caribank,11,100,-,56,42,11,100,-,56,42
Caritas Denmark,caritas_denmark,100,0,100,100,75,100,0,100,100,75
Caritas Finland,caritasfin,0,-,-,100,25,0,-,-,100,25
Caritas International (Belgium),cibe,100,100,100,100,100,100,100,100,100,100
Caritas Serbia,caritas_serbia,0,-,-,0,0,0,-,-,0,0
Catholic Agency For Overseas Development (CAFOD),cafod,0,86,100,100,72,0,86,100,100,72
Catholic Relief Services,crs,88,83,60,63,74,88,83,60,63,74
CDA Collaborative Learning Projects,cda,0,0,0,100,25,0,0,0,100,25
CDC Group plc,cdc,100,0,100,0,50,100,0,100,0,50
Cecily's Fund,cecily,0,100,-,100,50,0,100,-,100,50
Center for Civilians in Conflict,civic_admin,0,100,-,100,50,0,100,-,100,50
Center for International Studies and Cooperation,ceci,0,0,-,100,25,0,0,-,100,25
Center for Research on Environment Health and Population Activities (CREHPA),crehpa,0,100,-,100,50,0,100,-,100,50
Centre For Citizens With Disabilities,ccdnigeria,-,-,-,-,0,-,-,-,-,0
Centre for Economic Policy Research,cepr,-,-,-,-,0,-,-,-,-,0
Centre for Indian Knowledge Systems,ciks,0,100,100,100,75,0,100,100,100,75
Centre for the Study of Adolescence,csa-kenya,-,-,-,-,0,-,-,-,-,0
Centre National de Coopération au Développement (CNCD-11.11.11),cncd,100,100,-,100,75,100,100,-,100,75
Centre Tricontinental - CETRI,ct-admin,100,100,-,100,75,100,100,-,100,75
Chama cha Uzazi na Malezi Bora Tanzania (UMATI),umati,-,-,-,-,0,-,-,-,-,0
Charity Projects Ltd (Comic Relief),cprojects,100,100,100,100,100,100,100,100,100,100
Chaîne de l'Espoir Belgique / Keten van Hoop België / Chain of Hope Belgium,cdeb-kvhb_admin,100,100,-,100,75,100,100,-,100,75
CHEKA SANA TANZANIA,cst,0,100,100,0,50,0,100,100,0,50
Chemonics International Inc.,chemonics,0,100,100,100,75,0,100,100,100,75
Child-to-Child,ctc,-,-,-,-,0,-,-,-,-,0
ChildFund International,childfund,-,-,-,-,0,-,-,-,-,0
ChildHope UK,childhopeuk,50,100,50,75,69,50,100,50,75,69
Children in Crisis,cic,100,100,0,100,75,100,100,0,100,75
CHOICE for Youth and Sexuality,cfyas,31,100,46,100,69,31,100,46,100,69
Christian Aid,caid,0,-,-,5,1,0,-,-,5,1
Christian Aid Ireland,caid_ireland,-,-,-,-,0,-,-,-,-,0
Christian Blind Mission (UK) Ltd.,cbm,0,-,-,100,25,0,-,-,100,25
Christian Engineers in Development,ced,0,100,-,100,50,0,100,-,100,50
CIFAL Scotland,cifal,-,-,-,-,0,-,-,-,-,0
CINI,cini_jhk,-,-,-,-,0,-,-,-,-,0
CISU,cisu,0,-,0,0,0,0,-,0,0,0
CIVICUS World Alliance for Citizen Participation,civicus,100,100,100,100,100,100,100,100,100,100
CLASP,clasp,0,50,100,100,63,0,50,100,100,63
Clean Clothes Campaign,ccc,0,100,100,100,75,0,100,100,100,75
Climate Investment Funds,cif,100,0,-,0,25,100,0,-,0,25
Climate Policy Initiative,cpi,0,0,-,0,0,0,0,-,0,0
Clinton Health Access Initiative,chai,0,0,0,100,25,0,0,0,100,25
CNV Internationaal,nl-kvk-54436222-27541,37,97,100,100,84,37,97,100,100,84
COC Nederland,cocnl_publisher,50,91,100,100,85,50,91,100,100,85
CODA International,coda,-,-,-,-,0,-,-,-,-,0
Coffey International Development,coffey,0,100,0,100,50,0,100,0,100,50
ColaLife,colalife,100,100,0,100,75,100,100,0,100,75
Collectif Stratégies Alimentaires,csa,100,100,-,100,75,100,100,-,100,75
Comité pour l'abolition des dettes illégitimes,cadtm,100,100,-,100,75,100,100,-,100,75
COMMISSION JUSTICE ET PAIX ASBL (cjp),cjp,100,100,-,100,75,100,100,-,100,75
Commune de Adja-Ouere - Bénin,adja-ouere,0,0,0,100,25,0,0,0,100,25
Commune de Adjarra - Bénin,adjarra,0,0,0,100,25,0,0,0,100,25
Commune de Adjohoun - Bénin,adjohoun,0,0,0,100,25,0,0,0,100,25
Commune de Akpro-Missérété - Bénin,akpro-misserete,0,0,0,100,25,0,0,0,100,25
Commune de Allada - Bénin,allada,0,0,0,100,25,0,0,0,100,25
Commune de Aplahoué - Bénin,aplahoue,0,0,0,100,25,0,0,0,100,25
Commune de Avrankou - Bénin,avrankou,0,0,0,100,25,0,0,0,100,25
Commune de Bopa - Bénin,bopa,0,0,0,100,25,0,0,0,100,25
Commune de Comè - Bénin,come,0,0,0,100,25,0,0,0,100,25
Commune de Dangbo - Benin,dangbo,0,0,0,100,25,0,0,0,100,25
Commune de Ifangni - Bénin,ifangni,0,0,0,100,25,0,0,0,100,25
Commune de Klouékanmè - Bénin,klouekanme,0,0,0,100,25,0,0,0,100,25
Commune de Kpomassè - Bénin,kpomasse,0,0,0,100,25,0,0,0,100,25
Commune de Kétou - Bénin,ketou,0,0,0,100,25,0,0,0,100,25
Commune de Lalo - Bénin,lalo,0,0,0,100,25,0,0,0,100,25
Commune de Parakou - Bénin,parakou,0,0,100,100,50,0,0,100,100,50
Commune de Pobè - Bénin,pobe,0,0,0,100,25,0,0,0,100,25
Commune de Toffo - Bénin,toffo,0,0,0,100,25,0,0,0,100,25
Commune de Toviklin - Bénin,toviklin,0,0,0,100,25,0,0,0,100,25
Commune de Zè - Bénin,ze,0,0,0,100,25,0,0,0,100,25
Concern Worldwide,concern_worldwide,94,100,100,94,97,94,100,100,94,97
Concern Worldwide UK,concernuk,94,100,91,94,95,94,100,91,94,95
Conciliation Resources,cr,25,-,-,75,25,25,-,-,75,25
Concordis International,concordis,50,0,100,100,63,50,0,100,100,63
Conflict Dynamics International,cdi,100,0,100,100,75,100,0,100,100,75
Congodorpen vzw,congodorpen,100,80,100,100,95,100,80,100,100,95
Construction Sector Transparency Initiative (CoST),cost_uk,0,0,0,100,25,0,0,0,100,25
Coopération par l'Education et la Culture,cec,100,100,100,100,100,100,100,100,100,100
Cord,cord,-,-,-,-,0,-,-,-,-,0
Cordaid,cordaid,100,83,100,96,95,100,83,100,96,95
Cowater International Inc,cowater,0,-,-,0,0,0,-,-,0,0
COWI,cowi,33,33,0,100,42,33,33,0,100,42
CRANE,crane,0,100,100,0,50,0,100,100,0,50
CREA,creausa-org,0,87,100,27,54,0,87,100,27,54
Croix-Rouge de Belgique Communauté francophone - Activités internationales ASBL,crb-ai_admin,100,100,-,100,75,100,100,-,100,75
Crown Agents Limited,cal,20,100,80,100,75,20,100,80,100,75
CUAMM Trustees,cuammtrustees,-,-,-,-,0,-,-,-,-,0
Cyan International,cyan,-,-,-,100,25,-,-,-,100,25
DAI Europe,dai-e,0,100,85,100,71,0,100,85,100,71
DAI Global Health,healthpartners-international,33,67,0,67,42,33,67,0,67,42
Damiaanactie / Action Damien,damien-foundation,100,100,100,100,100,100,100,100,100,100
dance4life,dance4life,0,88,88,100,69,0,88,88,100,69
DanChurchAid,dca,33,50,89,78,63,33,50,89,78,63
Danish Family Planning Association,dfpa,0,-,0,0,0,0,-,0,0,0
Danish Red Cross,danishrc,100,-,100,0,50,100,-,100,0,50
Danish Refugee Council,drc,57,40,71,71,60,57,40,71,71,60
Danmission,danmission,0,0,100,100,50,0,0,100,100,50
Dansk Missionråds Udviklingsafdeling,dmru,0,-,100,67,42,0,-,100,67,42
Data4Development,d4d,100,100,0,100,75,100,100,0,100,75
David Gordon Memorial Hospital,dgmh,0,-,100,100,50,0,-,100,100,50
Dawuro Development Association,dawuro_da,0,100,100,0,50,0,100,100,0,50
DECP,decp,0,100,-,100,50,0,100,-,100,50
Defence for Children International Netherlands - ECPAT Netherlands,dciecpatnl,100,100,100,100,100,100,100,100,100,100
Delivery Associates Ltd,delivery_associates,0,0,-,100,25,0,0,-,100,25
Deloitte Touche Tohmatsu India LLP,dttillp,0,0,100,100,50,0,0,100,100,50
Democracy Reporting International gGmbH,dri,-,-,-,-,0,-,-,-,-,0
Democratic Governance Facility,dgf,100,100,100,100,100,100,100,100,100,100
Denmark - Ministry of Foreign Affairs,danida,79,96,100,79,89,79,96,100,79,89
Desmond Tutu HIV Foundation,dthfxx12,0,91,80,100,68,0,91,80,100,68
Development Aid from People to People (DAPP) Malawi,dapp,0,50,100,50,50,0,50,100,75,56
Development Initiatives Poverty Research,dipr,0,100,9,14,31,0,100,9,14,31
Development Organisation of the Rural Poor,dorp-org,100,100,100,100,100,100,100,100,100,100
Developments In Literacy Trust UK,diltuk,-,-,-,-,0,-,-,-,-,0
Diakonia Sweden,diakonia802017-3517,100,100,0,100,75,100,100,0,100,75
Digital Campus,dc,-,-,-,-,0,-,-,-,-,0
Direcção Provincial de Saúde de Nampula,dps-nampula,0,-,0,100,25,0,-,0,100,25
Disability and Development Partners,ddp,0,100,33,100,58,0,100,33,100,58
Disability Rights Advocacy Fund,draf,-,-,-,-,0,-,-,-,-,0
Disability Rights Fund,drf,0,0,0,100,25,0,0,0,100,25
Disabled People's Organisations Denmark,dpod,0,-,0,100,25,0,-,0,100,25
Disasters Emergency Committee,dec-uk,20,100,100,100,80,20,100,100,100,80
"Discovery Learning Alliance, Inc.",dla,0,100,-,100,50,0,100,-,100,50
Djapo VZW,djapo,100,100,-,100,75,100,100,-,100,75
DKT - (Pakistan),dkt,0,0,-,0,0,0,0,-,0,0
DNH Mali (Direction Nationale de l’Hydraulique du Mali),pca-gire,-,-,-,-,0,-,-,-,-,0
Doctors of the World UK,dotw_uk,-,-,-,-,0,-,-,-,-,0
Dorcas Aid International,dai,75,40,86,100,75,75,40,86,100,75
DUF - The Danish Youth Council,duf,0,-,100,0,25,0,-,100,0,25
Dynamo International asbl,dynamo_international,100,50,-,100,63,100,50,-,100,63
Défi Belgique Afrique,dba,100,100,-,100,75,100,100,-,100,75
Dóchas - Irish Association of Non Governmental Development Organisations,dochas,0,100,-,100,50,0,100,-,100,50
ECDPM,ecdpm,-,-,-,-,0,-,-,-,-,0
Echos Communication,ec,100,100,-,100,75,100,100,-,100,75
Eclosio,eclosio,55,91,100,91,84,55,91,100,91,84
Economic and Social Research Foundation (ESRF),esrf,0,100,-,100,50,0,100,-,100,50
Ecorys Nederland B.V.,ecorysnl,100,100,100,100,100,100,100,100,100,100
Ecorys UK,ecuk,0,0,67,100,42,0,0,67,100,42
Educate!,educate,0,100,-,100,50,0,100,-,100,50
Education Development Trust,edt_kenya,0,50,100,0,38,0,50,100,0,38
EDUCATION DEVELOPMENT TRUST - RWANDA,edt_rwanda,0,100,100,100,75,0,100,100,100,75
Edukans Foundation,edukans_foundation,97,57,50,64,67,97,57,50,64,67
Emmanuel International UK,eiuk,-,-,-,-,0,-,-,-,-,0
EMMS International,emms,-,-,-,-,0,-,-,-,-,0
Energy 4 Impact,e4i,0,0,-,100,25,0,0,-,100,25
Energy Saving Trust,energy_saving_trust,0,100,0,100,50,0,100,0,100,50
Enfance Tiers Monde Kinderen Derde Wereld,etmkdw,100,100,100,100,100,100,100,100,100,100
EngenderHealth Ethiopia,engenderhealth_eth,0,0,100,0,25,0,0,100,0,25
Engineers Without Borders Canada,ewb_canada,0,100,0,50,38,0,100,0,50,38
Enhanced Integrated Framework,eif,0,95,-,5,25,0,95,-,5,25
Entraide et Fraternité,ef_,50,100,-,100,63,50,100,-,100,63
equileap,equileap,0,100,100,100,75,0,100,100,100,75
Ethical Trading Initiative,eti,0,0,-,100,25,0,0,-,100,25
Ethiopiaid UK,ethiopiaiduk,0,94,-,6,25,0,94,-,6,25
Ethiopian Horticulture Producer Exporters Association (EHPEA),ehpea,0,0,0,100,25,0,0,0,100,25
European Bank for Reconstruction and Development,ebrd,100,18,100,47,66,100,18,100,47,66
European Commission - Directorate-General for International Cooperation and Development,ec-devco,100,100,100,0,75,100,100,100,100,100
European Commission - Humanitarian Aid & Civil Protection,ec-echo,100,96,100,100,99,100,96,100,100,99
European Commission - Neighbourhood and Enlargement Negotiations,ec-near,100,100,100,0,75,100,100,100,100,100
European Commission - Service for Foreign Policy Instruments,ec-fpi,100,99,100,0,75,100,99,100,100,100
European Institute of Peace,eip,0,0,-,20,5,0,0,-,20,5
European Investment Bank,eib,100,5,-,100,51,100,5,-,100,51
European Journalism Centre,ejc,67,100,100,100,92,67,100,100,100,92
EveryChild,evc,-,-,-,-,0,-,-,-,-,0
Excellent Development,excellent,-,-,-,-,0,-,-,-,-,0
Exeter Ethiopia Link,eel,-,-,-,-,0,-,-,-,-,0
Fair Wear Foundation,fwf,9,100,100,100,77,9,100,100,100,77
Fairfood International,fairfood,0,0,-,100,25,0,0,-,100,25
Fairtrade Belgium,fairtrade_be,0,100,-,100,50,0,100,-,100,50
Fairtrade Labelling Organizations International e.V.,fairtrade_international,-,-,-,-,0,-,-,-,-,0
Family Aids Caring Trust,fact,0,100,100,100,75,0,100,100,100,75
Family Life Education Program,flepuganda,-,-,-,-,0,-,-,-,-,0
Farm Africa,fa,75,67,0,75,54,100,100,0,100,75
Farm Concern International,fci,100,-,100,100,75,100,-,100,100,75
Fauna & Flora International,ffi_publisher,-,-,-,-,0,-,-,-,-,0
Federation of Women Lawyers Kenya,fida,100,100,100,100,100,100,100,100,100,100
Feed the Minds,ftm-291333,-,-,-,-,0,-,-,-,-,0
FHI360,fhi360,-,-,-,-,0,-,-,-,-,0
Fiabel,fiabel,100,100,-,100,75,100,100,-,100,75
FIAN Belgium,fian-belgium,100,100,-,100,75,100,100,-,100,75
Find Your Feet,fyf,100,100,0,67,67,100,100,0,100,75
Finland - Ministry of Foreign Affairs,finland_mfa,51,81,100,65,74,51,81,100,65,74
FMO,fmo,-,-,-,-,0,-,-,-,-,0
FONCABA ASBL KBA VZW,foncaba,100,75,100,75,88,100,75,100,75,88
Fondo Centroamericano de Mujeres,fcam,0,100,80,100,70,0,100,80,100,70
Fonds voor Ontwikkelingssamenwerking - Socialistische Solidariteit VZW,fos,100,100,100,100,100,100,100,100,100,100
Food and Agriculture Organization of the United Nations (FAO),fao,100,99,0,100,75,100,99,0,100,75
Food for the Hungry UK,fh,0,-,100,100,50,0,-,100,100,50
Forests Monitor,fm,-,-,-,-,0,-,-,-,-,0
Forum Universitaire pour la Coopération Internationale au Développement -FUCID ASBL,fucid,17,83,100,83,71,17,83,100,83,71
France - Ministry for Europe and Foreign Affairs,france,100,86,100,0,72,100,86,100,0,72
FRANK Water,frankwater,-,-,-,-,0,-,-,-,-,0
Free a Girl,freeagirl,100,100,-,100,75,100,100,-,100,75
Free Press Unlimited,free_press_unlimited,96,82,93,100,93,96,82,93,100,93
Freedom Forum,ff,0,50,0,100,38,0,50,0,100,38
Friends of Kipkelion,kipkelion,-,-,-,-,0,-,-,-,-,0
Friends of Publish What You Fund,friendsofpwyf,0,100,0,0,25,0,100,0,0,25
"Friends of the Earth England, Wales and Northern Ireland",foe_ewni,-,-,-,-,0,-,-,-,-,0
Friends of the Earth International,foei,33,100,67,100,75,33,100,67,100,75
Friends of the Earth-Ghana,foe-ghana,0,100,0,100,50,0,100,0,100,50
Frontline AIDS,f-aids,63,95,100,95,88,63,95,100,95,88
Fundacion Acceso,fundacion-acceso,0,100,-,100,50,0,100,-,100,50
Fundación Fondo Mujeres del Sur,fms,0,80,0,100,45,0,80,0,100,45
Fundación Oriéntame,orientame,100,100,100,0,75,100,100,100,0,75
Fundo de Investimento e Patrimonio do Abastecimento de Água (FIPAG),fipag,0,100,0,100,50,0,100,0,100,50
GAVI Alliance,gavi,90,96,100,100,97,90,96,100,100,97
GEMS Education Solutions,mgcubed,-,-,-,-,0,-,-,-,-,0
Gender Links,gl,0,0,-,100,25,0,0,-,100,25
Geneva Centre for the Democratic Control of Armed Forces (DCAF),dcaf,20,80,40,100,60,20,80,40,100,60
Geneva International Centre for Humanitarian Demining,gichd,0,-,-,100,25,0,-,-,100,25
GEOMOUN ASBL,geomoun,100,100,-,100,75,100,100,-,100,75
Germany - Federal Foreign Office,fo_germany,0,100,-,100,50,0,100,-,100,50
Germany - Ministry for Economic Cooperation and Development,bmz,100,93,100,82,94,100,93,100,82,94
Girls Not Brides: The Global Partnership to End Child Marriage,girlsnotbrides,0,100,0,100,50,0,100,0,100,50
Girls’ Education Challenge – Fund Manager PwC,gecfundmanagerpwc,-,-,-,-,0,-,-,-,-,0
Giro555 (Stichting Samenwerkende Hulporganisaties),giro555,100,100,0,100,75,100,100,0,100,75
GiveDirectly,givedirectly,-,-,-,-,0,-,-,-,-,0
Global Action Nepal,gan,-,-,-,-,0,-,-,-,-,0
Global Alliance for TB Drug Development,tb-a,0,100,0,100,50,0,100,0,100,50
Global Canopy,globalcanopy,100,-,100,100,75,100,-,100,100,75
Global Focus,globaltfokus,0,-,-,0,0,0,-,-,0,0
Global Green Growth Institute (GGGI),gggi,0,100,-,100,50,0,100,-,100,50
Global Innovation Fund,gif,0,100,-,0,25,0,100,-,0,25
Global Integrity,globalintegrity,-,-,-,-,0,-,-,-,-,0
Global Network of People Living with HIV (GNP+),gnpplus,0,100,-,100,50,0,100,-,100,50
Global Network of Sex Work Projects (NSWP),nswp,0,50,100,100,63,0,50,100,100,63
Global Partnership for Education,gpe,-,-,-,-,0,-,-,-,-,0
Global Rights Compliance,grc2018,0,0,-,67,17,0,0,-,67,17
GlobalGiving.org,globalgiving,0,100,100,0,50,0,100,100,0,50
GOAL,goal,100,50,0,100,63,100,50,0,100,63
GOGLA - Global Off-Grid Lighting Association,gogla,0,100,0,100,50,0,100,0,100,50
GPPAC Foundation,gppac,100,100,100,50,88,100,100,100,50,88
Groupe Pivot Santé Population,gpsp-org,0,100,-,100,50,0,100,-,100,50
Grow Movement,growmovement_admin,50,0,0,100,38,50,0,0,100,38
Guttmacher Institute,guttmacher,100,100,100,100,100,100,100,100,100,100
Habitat for Humanity Great Britain,hfhgb,-,-,-,-,0,-,-,-,-,0
Hagar International UK,hagar_uk,-,-,-,-,0,-,-,-,-,0
Haiti Hospital Appeal,hha,100,100,0,100,75,100,100,0,100,75
Hand in Hand International,handinhand,0,100,100,100,75,0,100,100,100,75
Handicap International,hifed,100,0,-,100,50,100,0,-,100,50
Handicap International Belgique,hib,100,100,-,100,75,100,100,-,100,75
Handicap International UK,hiuk,10,13,22,90,34,10,13,22,90,34
HE Foundation,hefoundation,100,100,0,100,75,100,100,0,100,75
Health Poverty Action,hpa,-,-,-,100,25,-,-,-,100,25
HealthNet TPO,healthnet,100,100,100,100,100,100,100,100,100,100
HealthProm,hp_12,0,100,-,100,50,0,100,-,100,50
Heartland Alliance International,ha-i,100,-,-,100,50,100,-,-,100,50
Heifer International South Africa,hsa,100,100,0,100,75,100,100,0,100,75
Heifer Nederland,heifernederland,0,69,-,85,39,0,69,-,85,39
HelpAge International,helpage_international,0,100,0,98,50,0,100,0,98,50
HelpAge International UK,ageintl,50,100,0,100,63,50,100,0,100,63
Helvetas Swiss Intercooperation,hsi,100,0,100,100,75,100,0,100,100,75
HiiL innovating Justice,hiil_mfa,40,0,100,100,60,40,0,100,100,60
Hilfswerk Austria Zimbabwe,hwa-zm,-,-,-,-,0,-,-,-,-,0
Hivos,stichting_hivos,0,90,-,0,23,0,90,-,100,48
Homeless International,hi,14,100,60,14,47,14,100,60,14,47
Hope and Homes for Children,hhc,100,100,100,100,100,100,100,100,100,100
Hope for Children,hfc,0,100,0,100,50,0,100,0,100,50
Horizons for Green Development,horizons,-,-,-,-,0,-,-,-,-,0
Hospice Africa Ltd,hauk,0,0,-,100,25,0,0,-,100,25
HTSPE,htspe,0,100,100,100,75,0,100,100,100,75
Human Relief Foundation,hrf,0,0,0,100,25,0,0,0,100,25
I Choose Life Africa,ke-ngc-3372,-,-,-,-,0,-,-,-,-,0
ICA:UK,icauk,0,100,0,100,50,0,100,0,100,50
ICCO Cooperation,icco-cooperation,-,-,-,-,0,-,-,-,-,0
ICF Consulting Services Ltd,icf,0,100,100,100,75,0,100,100,100,75
ICS,ics,-,-,-,-,0,-,-,-,-,0
IDEO.org,ideo_org,0,0,0,0,0,0,0,0,0,0
"IDH, the Sustainable Trade Initiative",idh,95,79,82,47,76,95,79,82,47,76
IDinsight,idinsight,0,0,100,100,50,0,0,100,100,50
IFOAM - Organics International,ifoam,0,0,-,0,0,0,0,-,0,0
IHE Delft Institute for Water Education,ihedelft,100,100,0,100,75,100,100,0,100,75
Iles de Paix,idp,100,100,-,100,75,100,100,-,100,75
IMC WORLDWIDE,imcw_admin,22,67,100,56,61,44,67,100,56,67
Index Initiative Foundation,iif,-,-,-,-,0,-,-,-,-,0
Indigo Trust,indtrust,100,100,100,0,75,100,100,100,0,75
Instiglio,instiglio,0,100,0,100,50,0,100,0,100,50
Institut de Formation Syndical International - Internationaal Syndicaal Vormingsinstituut,ifsi_isvi,100,93,-,100,73,100,93,-,100,73
"Institut National de l'Eau, Benin",ine_benin,0,0,100,100,50,0,0,100,100,50
Institute for International Workers Education,iiwe,100,100,-,100,75,100,100,-,100,75
Institute for Security Studies,issafrica,100,-,100,100,75,100,-,100,100,75
Institute for War & Peace Reporting,iwpr,0,0,-,0,0,0,0,-,0,0
Institute of Development Studies,ids,0,100,0,67,42,0,100,0,67,42
Institute of Tropical Medicine,itm,100,100,-,100,75,100,100,-,100,75
Integrity Action,integrity_action,0,13,0,8,5,0,30,0,83,28
Integrity Research and Consultancy Ltd,integrity,-,-,-,-,0,-,-,-,-,0
Inter-American Development Bank,iadb,100,99,100,90,97,100,99,100,90,97
Interact Worldwide,iww_publish,-,-,-,-,0,-,-,-,-,0
InterAction,interaction,100,0,-,0,25,100,0,-,0,25
InterAction's NGO Aid Map,ia_nam,22,0,-,0,6,22,0,-,0,6
interburns,interburns,-,-,-,-,0,-,-,-,-,0
InterClimate Network,icn,0,100,0,100,50,0,100,0,100,50
International Alert,international-alert,0,-,-,0,0,0,-,-,0,0
International Bureau of Fiscal Documentation (IBFD),ibfd,100,0,-,100,50,100,0,-,100,50
International Center for Not-for-Profit Law,icnl_org,100,100,100,100,100,100,100,100,100,100
International Centre of Insect Physiology and Ecology (icipe),icipe,0,0,100,100,50,0,0,100,100,50
International Child Development Initiatives,icdi,100,100,100,100,100,100,100,100,100,100
International Climate Initiative / BMU - IKI Secretariat,bmu_iki,100,82,100,0,71,100,82,100,0,71
International Committee of the Red Cross (ICRC),icrc,76,-,-,99,44,76,-,-,99,44
International Development Law Organization (IDLO),idlo,94,98,42,0,59,94,98,42,0,59
International Federation of Accountants,ifac,0,0,-,50,13,0,0,-,50,13
International Federation of the Red Cross and Red Crescent (IFRC),ifrcrcs,0,99,0,100,50,0,99,0,100,50
International Fertilizer Development Center,ifdc-us,0,33,100,33,42,0,33,100,33,42
International Finance Corporation,ifcwbg,97,0,100,97,74,97,0,100,97,74
International Fund for Agricultural Development (IFAD),ifad,100,0,100,0,50,100,0,100,0,50
International IDEA,idea,0,100,0,1,25,0,100,0,1,25
International Indigenous Women Forum,fimi_iiwf_2019,0,100,100,100,75,0,100,100,100,75
International Initiative for Impact Evaluation,3ie,-,-,-,-,0,-,-,-,-,0
International Labour Organization (ILO),ilo,95,100,100,77,93,95,100,100,77,93
International Media Support,ims,0,0,100,100,50,0,0,100,100,50
International Medical Corps UK,imc_uk,0,100,50,80,58,0,100,50,100,63
International Monetary Fund,imf,0,97,-,100,49,0,97,-,100,49
International Network for Bamboo and Rattan (INBAR),inbar,0,0,-,79,20,0,0,-,79,20
International Network for the Availability of Scientific Publications,inasp,0,100,0,100,50,0,100,0,100,50
International Network of People who Use Drugs (INPUD),inpud_admin,0,0,-,100,25,0,0,-,100,25
International NGO Safety Orgnisation,inso,0,0,-,100,25,0,0,-,100,25
International Organization for Migration (IOM),iom,100,0,100,100,75,100,0,100,100,75
International Planned Parenthood Federation,ippf,32,95,67,36,58,32,95,67,36,58
International Procurement Agency,ipa,0,63,-,63,32,0,63,-,100,41
International Rescue Committee UK,irc_uk,0,-,0,0,0,100,-,0,0,25
International Service,unais,0,100,0,100,50,0,100,0,100,50
International Trade Centre (ITC),itc,100,96,0,100,74,100,96,0,100,74
International Treatment Preparedness Coalition (ITPC),itpc,50,100,100,100,88,50,100,100,100,88
International Union for Conservation of Nature and Natural Resources,iucn,100,100,83,100,96,100,100,83,100,96
International Women's Development Agency,iwda,17,17,0,100,34,17,17,0,100,34
Internews Europe,ieu,0,-,-,100,25,0,-,-,100,25
Interpeace,interpeace,100,0,0,100,50,100,0,0,100,50
IntraHealth International,intrahealth,0,100,-,100,50,0,100,-,100,50
IOD PARC,iodparc,0,100,0,100,50,0,100,0,100,50
iPartner India,ip-india,-,-,-,-,0,-,-,-,-,0
Ipas,ipas,0,100,-,100,50,0,100,-,100,50
IPE Global Limited,ipeglobal,0,0,-,100,25,0,0,-,100,25
Iraq Foundation,iraq_foundation,100,100,0,100,75,100,100,0,100,75
IRC,irc,39,100,94,100,83,39,100,94,100,83
Ireland - Department of Foreign Affairs and Trade,irishaid,0,100,100,0,50,0,100,100,0,50
IREX (International Research and Exchange Board),suhanajjar,0,0,-,100,25,0,0,-,100,25
"Iringa Development of Youth, Disabled and Children Care",idydc,0,100,100,0,50,0,100,100,0,50
Irise International,irise_int,100,100,100,100,100,100,100,100,100,100
Irrawaddy Policy Exchange,ipe,0,100,0,100,50,0,100,0,100,50
Islamic Relief Worldwide,irw,0,100,100,100,75,0,100,100,100,75
Itad,itad,17,100,0,100,54,17,100,0,100,54
ITECO - Centre de formation pour le développement,iteco,100,100,100,100,100,100,100,100,100,100
IUCN Nederlands Comité,iucn_nl,94,88,100,100,96,94,88,100,100,96
Japan International Cooperation Agency (JICA),jica,13,-,100,0,28,13,-,100,0,28
Jeevika Trust,jeevika_trust,-,-,-,-,0,-,-,-,-,0
Johns Hopkins University,gi-jhu,100,100,100,100,100,100,100,100,100,100
Joshua Orphan and Community Care,jocc_uk,0,100,100,100,75,0,100,100,100,75
Just Associates,jass,0,85,-,0,21,0,85,-,0,21
Kadaster International,kad,0,0,-,33,8,0,0,-,100,25
Karuna Mission Social Solidarity - KMSS,kmss,0,100,0,100,50,0,100,0,100,50
Karuna Trust,karuna,0,100,100,100,75,0,100,100,100,75
Kepa ry,kepa,-,-,-,-,0,-,-,-,-,0
Kesho Kenya,kesho_kenya,0,100,100,0,50,0,100,100,0,50
King Salman Humanitarian Aid and Relief Centre,ksrelief291,0,-,-,100,25,0,-,-,100,25
Kisumu Medical and Education Trust,kmet,-,-,-,-,0,-,-,-,-,0
KIYO,kiyo,100,100,-,100,75,100,100,-,100,75
Koepel van de Vlaamse Noord-Zuidbeweging 11.11.11 VZW,111111_publisher,100,100,-,100,75,100,100,-,100,75
Koninklijk Nederlands Meteorologisch Instituut,knmi,0,0,-,100,25,0,0,-,100,25
KPMG East Africa,kpmgea,25,50,50,75,50,25,50,50,100,56
KPMG LLP,kpmgllp,100,100,0,100,75,100,100,0,100,75
KwaAfrica,kwaafrica,0,100,0,100,50,0,100,0,100,50
LAMB Health Care Foundation,lhcf,0,100,0,100,50,0,100,0,100,50
Landell Mills,landell-mills,0,0,-,100,25,0,0,-,100,25
Le Monde selon les femmes asbl,mondefemmes,100,100,-,100,75,100,100,-,100,75
LEAD International,lead_international,-,-,-,-,0,-,-,-,-,0
Learning for Life,learningforlife,-,-,-,-,0,-,-,-,-,0
Leonard Cheshire Disability,lcd_admin,0,100,0,50,38,0,100,0,50,38
Lepra,lepra,0,0,100,100,50,0,0,100,100,50
Light For The World Belgium,lftw-be,100,100,100,100,100,100,100,100,100,100
LIGHT FOR THE WORLD The Netherlands,lftwnl,100,100,100,100,100,100,100,100,100,100
Link Community Development International,lcdi_admin,0,100,-,100,50,0,100,-,100,50
Link Community Development Scotland,lcds,0,100,100,100,75,0,100,100,100,75
"Lithuania, Ministry of Foreign Affairs",lithuania_mfa,-,-,-,-,0,-,-,-,-,0
Lively Minds,livelyminds,-,-,-,-,0,-,-,-,-,0
Liverpool School of Tropical Medicine,lstm,0,100,0,100,50,0,100,0,100,50
Living Earth Foundation,livingearth12,0,100,-,100,50,0,100,-,100,50
living peace institute,lpi,-,-,-,-,0,-,-,-,-,0
LIWA programme trust,liwa-admin,0,0,100,0,25,0,0,100,0,25
Local Development and Small Projects Support,ldsps,100,0,100,0,50,100,0,100,0,50
Louvain Coopération,lc,0,79,100,100,70,0,79,100,100,70
LTS International Limited,lts,0,100,100,50,63,0,100,100,50,63
MADE in Europe,mie-1134415,0,0,0,100,25,0,0,0,100,25
MAG,mag,50,100,-,75,56,50,100,-,75,56
Magariro,magariro,-,-,-,-,0,-,-,-,-,0
Mainline,mainline,100,100,100,100,100,100,100,100,100,100
Malaria Consortium,malariaconsortium,60,80,-,95,59,60,80,-,95,59
Mama Cash,mamac,0,65,100,0,41,0,65,100,0,41
MAMTA - Health Institute for Mother and Child,mamta_himc,0,0,0,100,25,0,0,0,100,25
MannionDaniels,manniondaniels,33,23,100,67,56,33,23,100,67,56
Manx Times,manxtimes,-,-,-,-,0,-,-,-,-,0
MapAction,mapaction,0,100,0,100,50,0,100,0,100,50
Marie Stopes International,msi,100,100,100,100,100,100,100,100,100,100
marysmeals,marysmeals,-,-,-,-,0,-,-,-,-,0
Mastercard Foundation,mastercard-foundation,100,0,-,0,25,100,0,-,0,25
Max Foundation,max-foundation,0,100,100,100,75,0,100,100,100,75
Maxwell Stamp PLC,mstamp,0,0,0,50,13,0,0,0,100,25
McKinsey & Company,mck,50,0,0,50,25,50,0,0,100,38
MDF Global,mdf,100,100,100,100,100,100,100,100,100,100
Medair,medair,0,100,0,100,50,0,100,0,100,50
Medecins du Monde Belgique - Dokters van de Wereld Belgïe,medecins,100,100,100,100,100,100,100,100,100,100
Medecins du Monde France,mdm-fr,0,-,-,100,25,0,-,-,100,25
"Medical Research Centre (MRC), Sierra Leone",mrc-sierra-leone,-,-,-,-,0,-,-,-,-,0
Memisa,memisa,100,100,-,100,75,100,100,-,100,75
Meningitis Research Foundation,mrf,-,-,-,-,0,-,-,-,-,0
Mensen met een Missie,mm1,100,67,100,100,92,100,67,100,100,92
Mercy Corps Europe,mce,77,90,73,92,83,77,90,73,92,83
Mercy Corps Global,mcg,-,-,-,-,0,-,-,-,-,0
Mercy Corps Netherlands,mcn,0,-,-,100,25,0,-,-,100,25
MICAIA,mic-uk,0,50,0,100,38,0,50,0,100,38
Micro Insurance Academy,mia_india,-,-,-,-,0,-,-,-,-,0
MicroLoan Foundation,mlf,-,-,-,-,0,-,-,-,-,0
Miel Maya Honing asbl,mmha,100,100,-,100,75,100,100,-,100,75
Mifumi UK,mifumi_uk,-,-,-,-,0,-,-,-,-,0
Milieudefensie,foenl,79,100,93,100,93,79,100,93,100,93
Millennium Challenge Corporation,millenniumchallenge,95,72,100,100,92,95,72,100,100,92
Ministry of Foreign Affairs of  Japan,mofa-jpn,100,0,-,0,25,100,0,-,0,25
Ministry of Foreign and European Affairs of the Slovak Republic,slovakaid,93,99,-,0,48,93,99,-,0,48
Ministère de l'Economie et des Finances du Bénin,mefbenin,0,100,100,100,75,0,100,100,100,75
Mission Øst,missioneast,100,0,100,0,50,100,0,100,0,50
Mondiaal FNV,mondiaalfnv,64,64,100,100,82,64,64,100,100,82
mothers2mothers,m2m_sa,100,100,0,100,75,100,100,0,100,75
Motivation,motivation,0,-,-,100,25,0,-,-,100,25
Mott MacDonald Limited,mml,100,0,100,100,75,100,0,100,100,75
Mukisa Foundation,mukisa_foundation,0,100,100,100,75,0,100,100,100,75
Mulanje Mission Hospital,mmh,0,-,100,100,50,0,-,100,100,50
Multilateral Investment Fund,fomin,100,98,100,2,75,100,98,100,2,75
Musalaha Ministry of Reconciliation,mmr_admin2,0,100,-,100,50,0,100,-,100,50
Muslim Aid,muslimaid,-,-,-,-,0,-,-,-,-,0
MVO Nederland,mvo_nederland,18,100,14,100,58,18,100,14,100,58
Mzumbe University,m_u,0,33,-,100,33,0,33,-,100,33
Médecins Sans Vacances,msv,100,100,-,100,75,100,100,-,100,75
"Namati, Inc",namati_inc,100,-,100,100,75,100,-,100,100,75
Nathan Associates London Ltd.,nathan,0,33,67,100,50,0,33,67,100,50
National Coalition of Human Rights Defenders - Kenya,nchrdk,100,100,-,100,75,100,100,-,100,75
Natural Resource Governance Institute (NRGI),nrgi,-,-,-,-,0,-,-,-,-,0
"Natural Resources Institute, University of Greenwich.",nri,0,100,-,100,50,0,100,-,100,50
Near East Foundation (NEF USA),nef_usa,-,-,-,-,0,-,-,-,-,0
Nepal Disabled Human Rights Center,dhrc_nepal,0,-,100,100,50,0,-,100,100,50
Netherlands - Ministry of Foreign Affairs,minbuza_nl,100,99,100,100,100,100,99,100,100,100
Netherlands Commission for Environmental Assessment,ncea,100,82,-,15,49,100,82,-,15,49
Netherlands Enterprise Agency,rvo,76,55,46,19,49,76,55,46,19,49
Netherlands Institute for Multiparty Democracy (NIMD),nimd-hq,53,20,100,6,45,53,20,100,6,45
Netherlands Leprosy Relief,nlr,0,0,100,100,50,0,0,100,100,50
Netherlands Red Cross,nlrc,43,97,100,100,85,43,97,100,100,85
Network for Africa,network4africa,-,-,-,-,0,-,-,-,-,0
Network For Enterprise Enhancement and Development Support,needs,-,-,-,-,0,-,-,-,-,0
Network of International Development Organisations in Scotland,nidos,-,-,-,-,0,-,-,-,-,0
New Zealand - Ministry of Foreign Affairs and Trade - New Zealand Aid Programme,mfat,-,-,-,-,0,-,-,-,-,0
NGO Federation of Nepal,nfn,-,-,-,-,0,-,-,-,-,0
Ngo-federatie (Vlaamse federatie van ngo's voor ontwikkelingssamenwerking),ngo-federatie,100,100,-,100,75,100,100,-,100,75
Niger Delta Stakeholders Initiative for Community Development and Empowerment,ndsicde,0,100,0,100,50,0,100,0,100,50
NKHOMA MISSION HOSPITAL,nmhiati,0,-,100,100,50,0,-,100,100,50
Norad - Norwegian Agency for Development Cooperation,norad,100,96,100,41,84,100,96,100,41,84
Northern Network for Education Development,nned,0,100,0,0,25,0,100,0,0,25
Northern Rangelands Trust,nrt-kenya,-,-,-,-,0,-,-,-,-,0
Norwegian People's Aid,npa,0,100,0,100,50,0,100,0,100,50
Norwegian Refugee Council,nrc,36,100,0,79,54,36,100,0,79,54
"NpM, Platform for Inclusive Finance",npm,0,100,0,100,50,0,100,0,100,50
Nuffic,nuffic20171017,-,-,-,-,0,-,-,-,-,0
OCHA Country Based Pooled Funds,unocha-cbpf,100,81,0,100,70,100,81,0,100,70
ODI Sales Limited,odi_sales_ltd,100,100,100,100,100,100,100,100,100,100
Omidyar Network Fund Inc.,omidyarnetwork,100,0,100,0,50,100,0,100,0,50
One Acre Fund,oneacrefund,0,-,100,100,50,0,-,100,100,50
One to One Children's Fund,onetoonecf,-,-,-,-,0,-,-,-,-,0
ONG ALCRER,alcrer-1,0,0,0,100,25,0,0,0,100,25
openmindedly,openmindedly,-,-,-,-,0,-,-,-,-,0
OpenNorth,opennorth,0,-,-,100,25,0,-,-,100,25
Opportunity International UK,opportunity-international-uk,17,60,40,83,50,17,60,40,100,54
Options Consultancy Services,options,40,100,0,100,60,40,100,0,100,60
Orbis Africa,orbis_africa,100,100,100,100,100,100,100,100,100,100
Orbis Charitable Trust,orbis_uk,100,100,100,100,100,100,100,100,100,100
Orbis Ethiopia,orbis_ethiopia,100,100,100,100,100,100,100,100,100,100
Orbis International,orbis_international,50,100,100,50,75,50,100,100,50,75
Overseas Development Institute,odi,100,100,100,100,100,100,100,100,100,100
Oxfam America,oxfamus,0,93,-,94,47,0,93,-,94,47
Oxfam GB,oxfamgb,93,100,100,100,98,93,100,100,100,98
Oxfam IBIS,ibis_denmark,0,0,100,88,47,0,0,100,88,47
Oxfam India,oxfamindia,-,-,-,-,0,-,-,-,-,0
Oxfam Intermón,oxfamintermon,0,0,-,100,25,0,0,-,100,25
Oxfam Novib,onl,0,99,79,100,70,0,99,79,100,70
Oxfam Solidarité-Solidariteit,oxsol,100,100,-,100,75,100,100,-,100,75
Oxfam Wereldwinkels,oww,100,100,-,100,75,100,100,-,100,75
Oxfam-Magasins du monde (omdm),omdm,100,100,-,100,75,100,100,-,100,75
Oxford Policy Management,opml,9,0,80,100,47,9,0,80,100,47
Pact,pact,0,0,-,98,25,0,0,-,98,25
Palladium International Ltd (UK),palladium,100,94,47,100,85,100,94,47,100,85
Palliative Care Association of Malawi,pacam,0,-,100,100,50,0,-,100,100,50
Palliative Care Support Trust,pcst,0,100,100,100,75,0,100,100,100,75
Panos Institute West Africa (PIWA),ipao,0,0,-,25,6,0,0,-,25,6
partos,partos_nl,78,100,86,78,86,78,100,86,100,91
Pastoralist Girls Initiative,pgi_kenya,0,100,100,0,50,0,100,100,0,50
PATH,_path_,0,-,-,100,25,0,-,-,100,25
PAX,pax,85,70,55,51,65,85,70,55,51,65
PEAS (Promoting Equality in African Schools),peas,0,100,0,50,38,0,100,0,100,50
Penal Reform International,pri,-,-,-,-,0,-,-,-,-,0
People In Aid,peopleinaid,0,100,0,100,50,0,100,0,100,50
People in Need,pin,100,100,0,100,75,100,100,0,100,75
PHASE Nepal,phase-nepal,-,-,-,-,0,-,-,-,-,0
PHASE Worldwide,phase_worldwide,0,100,0,100,50,0,100,0,100,50
Plan International Belgium,pib,100,100,100,100,100,100,100,100,100,100
Plan International Finland,planinternationalfinland,-,-,-,-,0,-,-,-,-,0
Plan International Netherlands,plannlno,97,96,97,97,97,97,96,97,97,97
Plan International UK,plan_uk,100,50,0,100,63,100,50,0,100,63
Plan International USA,plan_usa,50,100,0,100,63,50,100,0,100,63
Plan Ireland Charitable Assistance Limited,plan_ireland,-,-,-,-,0,-,-,-,-,0
PlanBørnefonden,plb,100,0,100,100,75,100,0,100,100,75
Plataforma Moçambicana da Água (PLAMA),plama,0,100,-,100,50,0,100,-,100,50
PONT,pont,-,-,-,-,0,-,-,-,-,0
Pontis Foundation,pontis,-,-,-,-,0,-,-,-,-,0
Population Service International,psi,1,99,0,1,25,1,99,0,100,50
Population Services and Training Centre (PSTC),pstc_1102,0,0,100,100,50,0,0,100,100,50
PositiveNegatives,posneg,0,-,0,100,25,0,-,0,100,25
Power International,power,0,100,-,100,50,0,100,-,100,50
PRACTICA Foundation,practica,100,-,100,100,75,100,-,100,100,75
Practical Action,pa,-,-,-,-,0,-,-,-,-,0
Pragya India,pragya,-,-,-,-,0,-,-,-,-,0
PricewaterhouseCoopers Private Limited India,pwcplindia,0,100,83,100,71,0,100,83,100,71
Private Infrastructure Development Group,pidg,91,91,90,73,86,91,91,90,91,91
Progressio,progressio,0,100,0,0,25,0,100,0,50,38
Project Harar,phe,-,-,-,-,0,-,-,-,-,0
Promundo-US,pmo-us,100,100,100,100,100,100,100,100,100,100
Protecting Families Against HIV/AIDS,prefa_1,0,100,100,100,75,0,100,100,100,75
Protos,protos,100,100,-,100,75,100,100,-,100,75
Publish What You Fund,pwyf,0,100,0,0,25,0,100,0,0,25
PUM Netherlands,pumnl,100,100,0,100,75,100,100,0,100,75
Pump Aid,pumpaid,50,100,50,100,75,50,100,50,100,75
PwC,pwc,0,100,100,67,67,0,100,100,67,67
Queen Rania Foundation for Education and Development,qrfed,0,75,-,0,19,0,75,-,0,19
Quinoa,quinoa,100,100,-,100,75,100,100,-,100,75
Rahnuma-Family Planning Assocation of Pakistan,rfpap,-,-,-,-,0,-,-,-,-,0
Railway Children,rc,0,100,0,50,38,0,100,0,100,50
Railway Children Africa,rc2africa,0,100,0,0,25,0,100,0,0,25
RAIN Foundation (former),rainfoundation,7,80,-,100,47,7,80,-,100,47
Rainforest Alliance,rainforest-alliance,0,-,0,100,25,0,-,0,100,25
Rainforest Foundation UK,rfuk,0,100,100,100,75,0,100,100,100,75
Raleigh International,raleigh_int,50,100,0,100,63,50,100,0,100,63
RCN Justice & Démocratie,rcn,100,100,100,100,100,100,100,100,100,100
Red Cross Red Crescent Climate Centre,climate_centre,100,89,-,89,70,100,89,-,89,70
Regional Advisory Information and Network Systems,rains,0,100,100,100,75,0,100,100,100,75
"Rehabilitation, Education and Community Health (REACH)",reach-iraq,0,-,0,100,25,0,-,0,100,25
Relief International - Somalia,ri_kenya,100,100,0,100,75,100,100,0,100,75
Relief International UK,ri-uk,100,100,100,100,100,100,100,100,100,100
Republic of Korea,odakorea,58,38,9,76,45,58,38,9,76,45
Resource Extraction Monitoring,rem,-,-,-,-,0,-,-,-,-,0
Responsible Mining Foundation,rmf,-,-,-,-,0,-,-,-,-,0
Restless Development,restless,0,100,0,100,50,0,100,0,100,50
Retrak,retrak,-,-,-,-,0,-,-,-,-,0
Right to Play Netherlands Foundation,rtp,100,100,100,100,100,100,100,100,100,100
Rikolto,rikolto,92,100,-,100,73,92,100,-,100,73
Rikolto in Belgium,rikolto_belgium,100,100,-,100,75,100,100,-,100,75
Rode Kruis-Vlaanderen Internationaal vzw,rkiv,76,94,100,94,91,76,94,100,94,91
Rojiroti UK,rojiroti,-,-,-,-,0,-,-,-,-,0
Romania Ministry of Foreign Affairs,uasd,-,-,-,-,0,-,-,-,-,0
Rotary Clubs For Development,rc4d,100,100,-,100,75,100,100,-,100,75
Royal College of General Practitioners (RCGP),rcgp-international,-,-,-,-,0,-,-,-,-,0
Royal College of Obstetricians & Gynaecologists,rcog_resilience_in_obstetric_skills,0,100,-,100,50,0,100,-,100,50
Royal Netherlands Football Association,knvb,0,100,100,100,75,0,100,100,100,75
Royal Society for the Protection of Birds,rspb_,-,-,-,-,0,-,-,-,-,0
Royal Tropical Institute,kit,0,89,100,100,72,0,89,100,100,72
RUAF Foundation,ruaf,0,100,100,100,75,0,100,100,100,75
Rutgers,rutgers,61,97,76,100,84,61,97,76,100,84
Saferworld,saferworld,98,98,100,93,97,98,98,100,93,97
Samaritan's Purse UK,spuk,100,100,100,100,100,100,100,100,100,100
Savana Signatures,savsign-org,-,-,-,-,0,-,-,-,-,0
Save the Children DK,redbarnet,100,100,100,100,100,100,100,100,100,100
Save the Children International,sci,55,65,100,55,69,55,65,100,55,69
Save the Children Netherlands,scnl,78,100,100,96,94,78,100,100,96,94
Save the Children UK,scuk,58,67,16,57,50,58,67,16,57,50
SCI Projets Internationaux ASBL_Service Civil International branche belge,scibelgium,100,100,-,100,75,100,100,-,100,75
Scottish Catholic International Aid Fund (SCIAF),sciaf,0,100,100,100,75,0,100,100,100,75
Search for Common Ground (SFCG),sfcg,33,33,100,83,62,33,33,100,83,62
SECOURS CATHOLIQUE - CARITAS FRANCE,sccf,0,0,100,100,50,0,0,100,100,50
Seefar,seefar,0,0,-,0,0,0,0,-,0,0
Sehat Kahani (Community Innovation Hub),sehatkahanicih,0,-,-,100,25,0,-,-,100,25
Self Help Africa,self-help-africa,0,100,-,100,50,0,100,-,100,50
Send a Cow,sendacow,0,89,25,100,54,0,89,25,100,54
Send a Cow Ethiopia,sacethiopia,0,67,0,0,17,0,67,0,0,17
Send a Cow Kenya,sac_kenya,0,100,100,0,50,0,100,100,0,50
Send a Cow Uganda,sacu,-,-,-,-,0,-,-,-,-,0
Sense International,sense_international,0,100,0,100,50,0,100,0,100,50
Sensorial Handicap Cooperation,shc,100,100,-,100,75,100,100,-,100,75
ShelterBox,shelterbox,-,-,-,-,0,-,-,-,-,0
Shtrii Shakti,shtrii_shakti,0,-,-,0,0,0,-,-,0,0
Sightsavers,ss-org,94,100,4,100,75,94,100,4,100,75
Signal,signal,100,100,0,100,75,100,100,0,100,75
Silsab Foundation,silsab1-_,0,-,-,100,25,0,-,-,100,25
Simavi,simavi,93,-,-,97,48,93,-,-,97,48
Simprints,simprints,-,-,-,-,0,-,-,-,-,0
Siren Associates,siren,-,-,-,-,0,-,-,-,-,0
SNV Netherlands Development Organisation,snv,24,18,86,100,57,24,18,86,100,57
Social Development Direct Limited,sddirect,0,83,67,67,54,0,83,67,67,54
"Social Fund for Development, Yemen",sfd-yemen,-,-,-,-,0,-,-,-,-,0
Social Impact Lab CIC,simlab,50,50,0,100,50,50,50,0,100,50
Social Watch Benin,swb_1,0,0,100,100,50,0,0,100,100,50
Société Nationale des eaux du Bénin (SONEB),soneb-benin,0,0,100,100,50,0,0,100,100,50
SolarNow Services (U) Ltd,solarnowsofa,0,0,0,100,25,0,0,0,100,25
Solidagro,solidagro_admin,100,100,-,100,75,100,100,-,100,75
Solidaridad,solidaridad,39,63,75,97,69,39,63,75,97,69
Solidaridad Europe,solidaridad-europe,38,81,100,88,77,38,81,100,88,77
Solidaridad South & South-East Asia,solidaridad-ssea,29,19,96,93,59,29,19,96,93,59
Solidaridad West Africa,solidaridad-waf,31,45,100,85,65,31,45,100,85,65
Solsoc,solsoc,77,92,100,92,90,77,92,100,92,90
Sonke Gender Justice,sjg,100,100,100,100,100,100,100,100,100,100
SOS Children's Villages Kenya,soscvkenya,-,-,-,-,0,-,-,-,-,0
SOS Children's Villages The Netherlands,sosnl,50,17,100,100,67,50,17,100,100,67
SOS FAIM - SOS HUNGER,sosfaim,100,100,-,100,75,100,100,-,100,75
SOS Kinderdorpen België / SOS Villages d'Enfants Belgique,svdbskb_admin,100,100,-,100,75,100,100,-,100,75
SOS Sahel International UK,sossaheluk,-,-,-,-,0,-,-,-,-,0
Sound Seekers Limited,soundseekers,-,-,-,-,0,-,-,-,-,0
Southern African Catholic Bishops' Conference Aids Office,sacbc,0,-,0,100,25,0,-,0,100,25
Spain - Ministry of Foreign Affairs and Cooperation,maec,100,85,-,100,71,100,85,-,100,71
SPARK,spark,-,-,-,-,0,-,-,-,-,0
Special Hope Network,shn,-,-,-,-,0,-,-,-,-,0
Stakeholder Democracy Network,sdn,0,100,100,100,75,0,100,100,100,75
Stars Foundation,starsfoundation,0,100,-,100,50,0,100,-,100,50
Stichting ActionAId,aanl,0,100,0,100,50,0,100,0,100,50
Stichting Aflatoun International,aflatoun,-,-,-,-,0,-,-,-,-,0
Stichting Agriterra,agriterra,-,-,-,-,0,-,-,-,-,0
Stichting Aidenvironment,aidenvironment,100,100,100,100,100,100,100,100,100,100
Stichting Deltares,deltares,15,15,100,100,58,15,15,100,100,58
Stichting fondsbeheer DGGF lokaal MKB,dggf_financing_local_smes,78,97,97,90,91,78,97,97,90,91
Stichting Health Action International,hai,83,100,67,83,83,83,100,67,83,83
Stichting Humana,humana_houben,0,0,-,100,25,0,0,-,100,25
Stichting Kinderpostzegels Nederland,skn,100,100,100,100,100,100,100,100,100,100
Stichting Mayday Rescue Foundation,maydayrescue,0,0,-,100,25,0,0,-,100,25
Stichting Nederlands Instituut voor Internationale Betrekkingen 'Clingendael',clingendael,28,25,100,97,63,28,25,100,97,63
Stichting Onderzoek Multinationale Ondernemingen (SOMO),somo,25,88,100,100,78,25,88,100,100,78
Stichting Red een Kind,redeenkind,100,100,100,100,100,100,100,100,100,100
Stichting Vluchteling,st_vluchteling,100,100,38,92,83,100,100,38,92,83
Stichting VU Amsterdam - Amsterdam Centre for World Food Studies,acwfs_vu,-,-,-,-,0,-,-,-,-,0
Stichting Woord en Daad,w-d,50,100,-,88,60,50,100,-,88,60
Street Child,street_child,50,100,100,100,88,50,100,100,100,88
StreetInvest,si,-,-,-,-,0,-,-,-,-,0
Stromme Foundation,stromme_ug,-,-,-,-,0,-,-,-,-,0
Studio Globo,sg,33,67,100,67,67,33,67,100,67,67
Support Trust for Africa Development (STAD),stad,100,100,0,100,75,100,100,0,100,75
Survivors Fund (SURF),surf,0,0,0,0,0,0,100,0,100,50
"Sweden, through Swedish International Development Cooperation Agency (Sida)",sida,78,100,100,77,89,78,100,100,77,89
Switzerland - Swiss Agency for Development and Cooperation (SDC),sdc_ch,78,89,100,0,67,78,89,100,0,67
Sympany+,simone_sympany,-,-,-,-,0,-,-,-,-,0
Syria Relief,sr,0,-,0,100,25,0,-,0,100,25
Target TB,targettb,-,-,-,-,0,-,-,-,-,0
TB Alert,tbalert,100,100,0,100,75,100,100,0,100,75
Teach A Man To Fish,tamtf,-,-,-,-,0,-,-,-,-,0
TEAR fund Nederland,tear,100,100,100,100,100,100,100,100,100,100
Tearfund,tearfund,50,100,50,100,75,50,100,50,100,75
Tearfund VZW (TFBE),tfb_admin1,100,100,100,100,100,100,100,100,100,100
TechnoServe,tns,100,0,-,100,50,100,0,-,100,50
Terre des Hommes Netherlands,tdh_nl,100,64,-,100,66,100,64,-,100,66
The Access to Nutrition Foundation,atnf,0,83,-,83,42,0,83,-,83,42
The Asia Foundation,taf,-,-,-,-,0,-,-,-,-,0
The Carter Center,carter-center,0,100,0,100,50,0,100,0,100,50
the center for victimized women and children,cavwoc,-,-,-,-,0,-,-,-,-,0
The Coca-Cola Export Corporation,tccec,-,-,-,-,0,-,-,-,-,0
The Commonwealth Secretariat,commonwealthsecretariat,0,100,-,100,50,0,100,-,100,50
The Convention on Business Integrity,cbi-nigeria,-,-,-,-,0,-,-,-,-,0
The Foundation Center,foundation_center,100,0,-,0,25,100,0,-,0,25
The Fred Hollows Foundation (UK),fhfuk,0,100,100,100,75,0,100,100,100,75
The Freedom Fund,thefreedomfund,-,-,-,-,0,-,-,-,-,0
The Global Alliance for Improved Nutrition,gain,0,100,100,0,50,0,100,100,0,50
"The Global Development Incubator, Inc",gdi,100,100,0,100,75,100,100,0,100,75
The Global Forum on MSM & HIV (MSMGF),msmgf,0,100,-,100,50,0,100,-,100,50
"The Global Fund to Fight AIDS, Tuberculosis and Malaria",theglobalfund,99,100,100,0,75,99,100,100,0,75
The HALO Trust,halo,100,83,-,100,71,100,83,-,100,71
The Hunger Project Netherlands,thp_org,100,100,100,100,100,100,100,100,100,100
The International Children's Trust,theict,0,100,0,100,50,0,100,0,100,50
The International Rescue Committee,irc_inc,81,80,97,97,89,81,80,97,97,89
The Leprosy Mission England and Wales,tlmew,-,-,-,-,0,-,-,-,-,0
The LO/FTF Council (Ulandssekretariatet),loftf,100,0,100,100,75,100,0,100,100,75
The Louis Berger Group Inc.,lbg,0,-,100,100,50,0,-,100,100,50
The MENTOR Initiative,the_mentor_initiative,0,-,-,100,25,0,-,-,100,25
The National Association of Municipalities of Benin (ANCB),ancb_benin,-,-,-,-,0,-,-,-,-,0
The OPEC Fund for International Development (OFID),ofid,0,-,-,0,0,0,-,-,0,0
The Open University,open_university,0,100,100,100,75,0,100,100,100,75
"The Population Council, Inc.",populationcouncil,100,0,100,100,75,100,0,100,100,75
The Power of Nutrition,the_power_of_nutrition,0,100,25,100,56,0,100,25,100,56
The Princess Alia Foundation,paf_2018,0,-,-,100,25,0,-,-,100,25
The Queen Elizabeth Diamond Jubilee Trust,qedjt,0,0,100,100,50,0,0,100,100,50
The Sabre Charitable Trust,sct,-,-,-,-,0,-,-,-,-,0
The Salvation Army International Development UK,said-uk,100,0,100,100,75,100,0,100,100,75
"The University of Dodoma (UDOM), Tanzania",udom,0,0,100,100,50,0,0,100,100,50
The University of Manchester,uom,0,100,100,100,75,0,100,100,100,75
The University of Oxford,oxford,0,-,-,0,0,0,-,-,0,0
The William and Flora Hewlett Foundation,hewlett-foundation,100,100,100,0,75,100,100,100,0,75
The World Bank,worldbank,100,97,-,99,74,100,97,-,99,74
Theatre for a Change Malawi,tfacmalawi,-,-,-,-,0,-,-,-,-,0
Theatre for a Change UK,tfac,-,-,-,-,0,-,-,-,-,0
Timidria,timidria,0,100,0,100,50,0,100,0,100,50
TradeMark East Africa,tmea,0,100,-,100,50,0,100,-,100,50
Traidcraft Exchange,traidcraft,100,-,0,100,50,100,-,0,100,50
Transnational Institute,tni,25,75,100,100,75,25,75,100,100,75
Transparency International Bangladesh,tib,0,100,100,100,75,0,100,100,100,75
Transparency International Kenya,ti_kenya,50,100,0,100,63,50,100,0,100,63
Transparency International Secretariat,transparency-international,0,100,33,100,58,0,100,33,100,58
Transparency International UK,ti-uk,0,100,0,100,50,0,100,0,100,50
TREE AID,treea,-,-,-,-,0,-,-,-,-,0
Trianglen,trianglen,8,100,96,100,76,8,100,96,100,76
Trias,trias,100,100,-,100,75,100,100,-,100,75
Triple Line,tripleline_crownagents,0,-,100,0,25,0,-,100,0,25
Trocaire,trocaire,100,100,0,100,75,100,100,0,100,75
Trocaire (Northern Ireland),troc,50,100,100,100,88,50,100,100,100,88
Tropenbos International,tbi,0,100,-,100,50,0,100,-,100,50
Tropical Health and Education Trust,tropicalhealth,0,100,-,100,50,0,100,-,100,50
Trust for Africa's Orphans,tao-03473165,-,-,-,-,0,-,-,-,-,0
Twaweza,twaweza,0,100,-,0,25,0,100,-,100,50
Twin,twin-iati,-,-,-,100,25,-,-,-,100,25
Uganda Martyrs University,umu,0,-,100,0,25,0,-,100,0,25
UHAI EASHRI,uhai-eashri,0,67,0,67,34,0,67,0,67,34
"UK - Department for Business, Energy and Industrial Strategy",beis,49,72,100,93,79,49,72,100,93,79
"UK - Department for Environment, Food and Rural Affairs",defra_transparency,85,57,100,15,64,85,57,100,15,64
UK - Department for International Development (DFID),dfid,96,89,100,96,95,96,89,100,96,95
UK - Department for Work and Pensions,dwp,100,0,100,100,75,100,0,100,100,75
UK - Department of Health and Social Care (DHSC),dhsc,32,100,100,100,83,32,100,100,100,83
UK - Foreign & Commonwealth Office,fco,-,-,-,-,0,-,-,-,-,0
UK - Medical Research Council,mrc,100,100,100,0,75,100,100,100,0,75
UK - Ministry of Defence,ukmod,100,100,100,100,100,100,100,100,100,100
UK - Scottish Government,scottish_government,-,-,-,-,0,-,-,-,-,0
UK - Welsh Government's Wales for Africa Programme,wfa,-,-,-,-,0,-,-,-,-,0
ULB-Coopération,ulbcoop,100,90,0,100,73,100,90,0,100,73
UN Pooled Funds,unpf,0,100,-,100,50,0,100,-,100,50
UN Women,unw,-,-,-,-,0,-,-,-,-,0
UN-Habitat,unhabitat,0,0,-,100,25,0,0,-,100,25
Unicef Belgium National Committee,ub,100,100,-,100,75,100,100,-,100,75
UNICEF Netherlands National Committee,unicefnl,75,100,100,100,94,75,100,100,100,94
Union des Villes et Communes de Wallonie (UVCW),uvcw,60,60,100,100,80,60,60,100,100,80
Union of Agricultural Work Committees,uawc,-,-,-,-,0,-,-,-,-,0
UNITAID,utd,100,100,-,95,74,100,100,-,95,74
United Disabled Persons of Kenya,udpk,100,100,100,100,100,100,100,100,100,100
United Mission to Nepal,umn,-,-,-,-,0,-,-,-,-,0
United Nations Capital Development Fund,uncdf,0,-,-,0,0,0,-,-,0,0
United Nations Central Emergency Response Fund (CERF),cerf,0,100,100,100,75,0,100,100,100,75
United Nations Children's Fund (UNICEF),unicef,100,100,100,100,100,100,100,100,100,100
United Nations Development Programme (UNDP),undp,100,98,26,100,81,100,98,26,100,81
"United Nations Educational, Scientific and Cultural Organization (UNESCO)",unesco,100,34,-,100,59,100,34,-,100,59
United Nations Environment Programme (UNEP),un-environment,0,100,-,100,50,0,100,-,100,50
United Nations Foundation,unf,0,100,100,0,50,0,100,100,0,50
United Nations High Commissioner for Refugees (UNHCR),unhcr,100,0,-,100,50,100,0,-,100,50
United Nations Industrial Development Organization (UNIDO),unido,0,99,0,100,50,0,99,0,100,50
United Nations Joint Programme on HIV and AIDS Secretariat (UNAIDS),unaids,-,-,-,-,0,-,-,-,-,0
United Nations OCHA Financial Tracking Service (UN OCHA FTS),ocha_fts,61,39,-,0,25,61,39,-,0,25
United Nations Office for Project Services (UNOPS),unops,0,100,-,100,50,0,100,-,100,50
United Nations Office for the Coordination of Humanitarian Affairs (OCHA),unocha,-,-,-,-,0,-,-,-,-,0
United Nations Office for the Coordination of Humanitarian Affairs (Specially-Designated Contributions),unocha-sdc,50,50,100,100,75,50,50,100,100,75
United Nations Population Fund,unfpa,100,-,100,100,75,100,-,100,100,75
United Nations World Food Programme (WFP),wfp,86,91,100,100,94,86,91,100,100,94
United Purpose,cu,-,-,-,-,0,-,-,-,-,0
United States,unitedstates,45,59,100,1,51,45,59,100,1,51
United States Agency for International Development (USAID),usaid,97,89,100,15,75,97,89,100,15,75
United Work,united_work,-,-,-,-,0,-,-,-,-,0
Universitair Centrum voor Ontwikkelingssamenwerking,ucos,33,67,100,67,67,33,67,100,67,67
Universiteit Leiden,universiteit_leiden,100,-,-,100,50,100,-,-,100,50
University College London,ucl,-,-,-,-,0,-,-,-,-,0
University of Amsterdam,uva_org,8,85,100,100,73,8,85,100,100,73
University of Birmingham (Governance and Social Development Resource Centre),universityofbirmingham_gsdrc,0,0,-,100,25,0,0,-,100,25
University of Leeds,leedsuni,0,0,-,100,25,0,0,-,100,25
University of Nottingham,uni_of_nottingham,0,100,-,0,25,0,100,-,0,25
University Of Zimbabwe,1-uz,-,-,-,-,0,-,-,-,-,0
University Twente,utwente,0,0,-,100,25,0,0,-,100,25
Upper Quartile,uq,100,100,-,100,75,100,100,-,100,75
Urgent Action Fund for Women's Human Rights,uaf,0,80,-,0,20,0,80,-,0,20
Urgent Action Fund Latin America and the Caribbean,uafla,0,78,-,0,20,0,78,-,0,20
Urgent Action Fund-Africa,uaf-africa,0,63,-,63,32,0,63,-,63,32
UTZ,utz,96,24,96,98,79,96,24,96,98,79
UWEZO Youth Empowerment,uwezo_youth_empowerment,0,50,0,100,38,0,50,0,100,38
Varkey Foundation,varkeyfoundation,0,54,100,0,39,0,54,100,0,39
VEI (Vitens-Evides International),vei_nl,77,95,82,100,89,77,95,82,100,89
VETERINAIRES SANS FRONTIERES / DIERENARTSEN ZONDER GRENZEN - BELGIUM,vsfbelgium,100,89,-,100,72,100,89,-,100,72
VIA Don Bosco,via-db,0,100,-,100,50,0,100,-,100,50
Village Enterprise,villageenterprise,100,0,100,100,75,100,0,100,100,75
Vision Aid Overseas,vao,100,0,-,100,50,100,0,-,100,50
Vision for a Nation Foundation,vfan,0,0,100,100,50,0,0,100,100,50
VisionFund International,vfi,0,-,-,100,25,0,-,-,100,25
Viva,viva,0,100,0,100,50,0,100,0,100,50
Viva Salud,g3w-m3m_admin,100,100,-,100,75,100,100,-,100,75
Vlaamse Interuniversitaire Raad voor Universitaire Ontwikkelingssamenwerking (VLIR-UOS),vlir-uos,100,80,100,100,95,100,80,100,100,95
VNG International,vngi,80,100,100,100,95,80,100,100,100,95
Voluntary Health Association of India,vhai-org,-,-,-,-,0,-,-,-,-,0
Voluntary Service Overseas (VSO),vso,0,100,25,94,55,0,100,25,94,55
VVOB Education for Development,vvob,100,92,-,100,73,100,92,-,100,73
VVSG - Vereniging van Vlaamse Steden en Gemeenten,vvsg,100,93,-,100,73,100,93,-,100,73
Wageningen University & Research - Stichting Wageningen Research,wageningen_ur,45,80,100,91,79,45,80,100,91,79
War Child Canada,wcc,-,-,-,-,0,-,-,-,-,0
War Child Holland,warchildholland,65,81,48,77,68,65,81,48,77,68
War Child UK,wcuk,20,90,29,72,53,20,90,29,88,57
War on Want,waronwant,0,0,0,100,25,0,0,0,100,25
War on Want NI,wowni,-,-,-,-,0,-,-,-,-,0
WASH Alliance International,wai,-,-,-,-,0,-,-,-,-,0
WASTE advisers on urban environment and development,waste,-,-,-,-,0,-,-,-,-,0
Water & Sanitation for the Urban Poor (WSUP),wsup,0,100,100,100,75,0,100,100,100,75
Water Finance Facility,wff,100,100,100,100,100,100,100,100,100,100
Water for People,w4p,-,-,-,-,0,-,-,-,-,0
Water Integrity Network Association,win,0,33,-,100,33,0,33,-,100,33
Water Witness International,water-witness-international,0,100,17,17,34,0,100,17,17,34
Water Works,waterworks,-,-,-,-,0,-,-,-,-,0
WaterAid,wateraid,0,100,100,100,75,0,100,100,100,75
We Effect,weeffect,100,100,0,100,75,100,100,0,100,75
We World - GVC Onlus,ww-gvc,100,100,0,100,75,100,100,0,100,75
Welbodi Partnership,welbodipartnership,-,-,-,-,0,-,-,-,-,0
Wellfound,wellfound,0,100,100,100,75,0,100,100,100,75
Welthungerhilfe,whh,0,0,-,100,25,0,0,-,100,25
Wemos Foundation,wemos,75,75,0,75,56,75,75,0,75,56
Wereldsolidariteit-Solidarité Mondiale (WSM),wsm,100,100,-,100,75,100,100,-,100,75
Wetlands International,wi,95,73,94,100,91,95,73,94,100,91
Win Win Strategies,wws,-,-,-,-,0,-,-,-,-,0
Windle Trust Kenya,wtk,0,100,-,100,50,0,100,-,100,50
WNF Wereld Natuur Fonds,wnf,100,17,83,100,75,100,17,83,100,75
"WO=MEN, Dutch Gender Platform",wo-men,13,63,100,50,57,13,63,100,50,57
Wolayita Development Association,woda_0486,0,100,100,0,50,0,100,100,0,50
Womankind Worldwide,womankindworld,0,100,-,0,25,0,100,-,100,50
Women and Children First (UK),wcf,-,-,-,-,0,-,-,-,-,0
Women Environmental Programme,wep,0,71,0,88,40,0,71,0,88,40
Women for Women International (UK),wfwiuk,0,100,0,100,50,0,100,0,100,50
Women Peacemakers Program,wpp,100,100,100,100,100,100,100,100,100,100
Women's Action Group,wag-1983,0,100,-,100,50,0,100,-,100,50
Women's Environment & Development Organization,wedo,100,100,0,100,75,100,100,0,100,75
Women's Fund Asia,wf-asia,25,100,-,100,56,25,100,-,100,56
Women's Global Network on Reproductive Rights,wgnrr_iati,100,100,100,100,100,100,100,100,100,100
Women's Refugee Commission,w_r_c,60,0,0,100,40,60,0,0,100,40
World Agroforestry Centre,icraf_,100,100,100,100,100,100,100,100,100,100
World Association for Christian Communication (UK),wacc-uk,-,-,-,-,0,-,-,-,-,0
World Child Cancer UK,wccuk,67,100,67,100,84,67,100,67,100,84
World Economic Forum,worldeconomicforum,-,-,-,-,0,-,-,-,-,0
World Economic Forum Geneva,weforum_geneva,0,0,100,100,50,0,0,100,100,50
World Federalist Movement - Institute for Global Policy,wfm-igp,0,100,0,100,50,0,100,0,100,50
World Health Organization,who,90,84,-,100,69,90,84,-,100,69
World Resources Institute,wri,0,100,0,100,50,0,100,0,100,50
World University Service of Canada,wusc,-,-,-,-,0,-,-,-,-,0
World Vegetable Center,worldveg,0,100,-,100,50,0,100,-,100,50
World Vision International,wvi,99,97,100,0,74,99,97,100,0,74
World Vision Netherlands,wvnld,89,100,100,100,97,89,100,100,100,97
World Vision Syria,wvsyria,-,-,-,-,0,-,-,-,-,0
World Vision UK,wvuk,34,63,90,53,60,34,63,90,97,71
World Vision Zimbabwe,wvz-gec,0,33,100,100,58,0,33,100,100,58
World Waternet,worldwaternet,-,-,-,-,0,-,-,-,-,0
World Wide Fund for Nature - Pakistan,wwfpakistan,100,100,100,100,100,100,100,100,100,100
World Wide Fund for Nature Belgium (WWF-BE),wwf-be,83,83,100,83,87,83,83,100,83,87
World Wide Fund for Nature Denmark,wwfdk,0,0,100,100,50,0,0,100,100,50
Worldwide Hospice Palliative Care Alliance,whpca,100,100,100,100,100,100,100,100,100,100
WWF Sweden,wwf-se,100,100,0,100,75,100,100,0,100,75
WWF-UK,wwf-uk,0,100,-,96,49,0,100,-,96,49
WYG International B.V.,wygi,100,100,-,89,72,100,100,-,89,72
Y Care International,ycare,0,100,50,100,63,0,100,50,100,63
YMCA of Liberia,libymca,0,100,100,0,50,0,100,100,0,50
Young Innovations Pvt. Ltd,yipl,0,0,0,100,25,0,0,0,100,25
Youth Business International,ybi,100,100,0,100,75,100,100,0,100,75
Youth Net and Counselling - YONECO,yoneco1997,0,0,0,100,25,0,0,0,100,25
YWCA of Bangladesh,ywcabd,-,-,-,-,0,-,-,-,-,0
Zambia Orphans Aid UK,zoa_uk,0,-,-,100,25,0,-,-,100,25
Zimbabwe Educational Trust,zet,-,-,-,-,0,-,-,-,-,0
Zimmerman & Zimmerman,zimmzimm,-,-,-,-,0,-,-,-,-,0
Zing,zing,0,100,100,0,50,0,100,100,0,50
ZOA,zoa,86,100,94,94,94,86,100,94,94,94
