Publisher Name,Publisher Registry Id,2014 IATI Spend (US $m),2015 IATI Spend (US $m),2014 Reference Spend (US $m),2015 Reference Spend (US $m),2015 Official Forecast (US $m),Spend Ratio (%),No reference data available (Historic publishers),No reference data available (New publishers),Data quality issue reported
Aapasi Sahayog Kendra Syangja Nepal (ASK Nepal),ask,0.0,0.0,-,-,-,0,0,0,0
Aasaman Nepal,aasaman,0.0,0.0,-,-,-,0,0,0,0
ABAAD - Resource Center for Gender Equality,arcfge,0.0,0.0,-,-,-,0,0,0,0
Abaseen Foundation UK,abaseen,0.17,0.1,0.18,-,-,94,0,0,0
AbleChildAfrica,ablechildafrica,0.11,0.1,0.63,-,-,17,0,0,0
Abt Associates Inc,abt,0.0,185.83,-,-,-,0,0,0,0
Academy for Health Development (AHEAD),ahead,0.0,0.0,-,-,-,0,0,0,0
Académie de recherche et d'enseignement supérieur,ares,0.0,0.0,-,-,-,0,0,0,0
Access to Medicine Foundation,atmf,0.0,0.0,-,-,-,0,0,0,0
Access to Seeds Foundation,atsf,0.0,0.0,-,-,-,0,0,0,0
Accountability Lab,alab,0.0,0.0,-,-,-,0,0,0,0
Acid Survivors Foundation,_admin,0.0,0.0,-,-,-,0,0,0,0
ACODEV,acodev,0.0,0.0,-,-,-,0,0,0,0
Across,across,0.04,0.44,-,-,-,0,0,0,0
act4africa,act4africa,0.09,0.12,0.43,-,-,21,0,0,0
ACTED,acted,0.0,0.0,177.72,-,-,0,0,0,0
ACTION AGAINST HUNGER SPAIN,acfspain,0.0,0.0,-,-,-,0,0,0,0
Action Against Hunger UK,acf,0.0,2.69,17.53,-,-,20,0,0,0
ActionAid Denmark (Mellemfolkeligt Samvirke),aadk,0.0,0.0,-,-,-,0,0,0,0
ActionAid International,aai,11.79,0.0,233.09,-,-,5,0,0,0
ACTIONAID INTERNATIONAL KENYA,aaik,0.0,0.0,-,-,-,0,0,0,0
ActionAid Rwanda,aar,0.0,0.0,-,-,-,0,0,0,0
ActionAid UK,aauk,0.0,0.0,92.03,-,-,5,0,0,0
Acumen,acumen,0.0,0.0,-,-,-,0,0,0,0
Adam Smith International,asi,0.0,0.0,-,-,-,0,0,0,0
Adaptation Fund,af,0.0,0.0,-,-,-,0,0,0,0
ADD International (Action on Disability and Development),addinternational,1.67,1.5,3.53,-,-,47,0,0,0
Administração de Infra-Estruturas de Águas e Saneamento,aias,0.0,0.0,-,-,-,0,0,0,0
ADRA Denmark,adra-dk,0.0,0.0,-,-,-,0,0,0,0
ADRA-UK,adrauk,1.2,0.68,3.46,-,-,35,0,0,0
ADS-Nyanza,ads-nyanza,0.0,0.0,-,-,-,0,0,0,0
Adventist Development and Relief Agency (ADRA Somalia),adrasom,0.0,0.0,-,-,-,0,0,0,0
AECOM,aecom,0.0,0.0,-,-,-,0,0,0,0
Aeras,aeras,4.61,0.0,-,-,-,0,0,0,0
AFELT,afelt,0.0,0.0,-,-,-,0,0,0,0
AFEW International,afewinternational,0.0,0.0,-,-,-,0,0,0,0
Afghanaid,afghanaid,0.0,0.0,10.24,-,-,0,0,0,0
Afghanistan and Central Asian Association,acaa,0.13,0.14,0.3,-,-,43,0,0,0
Afghanistan Public Policy Research Organization (APPRO),appro-af,0.0,0.0,-,-,-,0,0,0,0
Africa Educational Trust,aet,0.0,0.0,6.05,-,-,3,0,0,0
Africalia,africalia,0.0,0.0,-,-,-,0,0,0,0
African Center for Economic Transformation (ACET),acet,0.0,0.0,-,-,-,0,0,0,0
African Centre for Global Health and Social Transformation,achest,0.0,0.0,-,-,-,0,0,0,0
African Development Bank,afdb,3925.75,3690.82,5192.61,-,-,76,0,0,0
African Initiatives,ai_1064413,0.0,0.0,1.06,-,-,0,0,0,0
African Population and Health Research Center,aphrc,0.0,0.0,-,-,-,0,0,0,0
African Revival,africanrevival,0.0,0.0,-,-,-,0,0,0,0
African Women's Development Fund,awdf,0.0,0.0,-,-,-,0,0,0,0
Afrikagrupperna Sweden,afrikagrupperna,0.0,0.0,-,-,-,0,0,0,0
AfriKids,afrikids,0.19,0.28,2.54,-,-,7,0,0,0
Aga Khan Foundation (United Kingdom),akfuk73,9.53,10.17,41.65,-,-,23,0,0,0
Aga Khan Foundation Afghanistan,akf_afghanistan,0.0,0.0,-,-,-,0,0,0,0
AgDevCo,agdevco,25.73,10.3,-,-,-,0,0,0,0
Agence Française de Développement,afd,1214.41,922.28,4255.95,-,-,29,0,0,0
Agence Nationale d'Approvisionnement en Eau Potable en Milieu Rural du Benin,anaepmr_benin,0.0,0.0,-,-,-,0,0,0,0
Agency for Cooperation and Research in Development (ACORD),acord,0.58,0.44,16.1,-,-,4,0,0,0
AgResults Initiative,agresults,0.0,0.0,-,-,-,0,0,0,0
AgriProFocus,agriprofocus,0.0,0.09,-,-,-,0,0,0,0
Agulhas Applied Knowledge,aak,0.0,0.0,-,-,-,0,0,0,0
Agência de Desenvolvimento do Vale do Zambeze,agencia_do_zambeze,0.0,0.0,-,-,-,0,0,0,0
AICS - Agenzia Italiana per la Cooperazione allo Sviluppo / Italian Agency for Cooperation and Development,aics,225.1,242.23,-,-,-,0,0,0,0
AidData,aiddata,0.0,0.0,-,-,-,0,0,0,0
Aids Fonds - STOP AIDS NOW! - Soa Aids Nederland,nl-kvk-41207989,0.0,4.35,-,-,-,0,0,0,0
AIDSPAN,aidspan,0.0,0.0,-,-,-,0,0,0,0
Ajuda de Desenvolvimento de Povo para Povo (ADPP),adpp,0.0,0.02,22.08,-,-,0,0,0,0
Aktis Strategy Ltd,aktis,0.0,0.04,-,-,-,0,0,0,0
Akvo Foundation,akvo,0.0,0.0,3.75,-,-,28,0,0,0
Alcis Holdings Limited,alcis,0.0,0.0,-,-,-,0,0,0,0
Alfalit,alfalit,0.03,0.02,-,-,-,0,0,0,0
All We Can (formerly Methodist Relief and Development Fund),allwecan,0.48,0.0,3.75,3.65,-,13,0,0,0
Alliance of Religions and Conservation,alliance_of_religions_and_conservation,0.0,0.0,-,-,-,0,0,0,0
American Friends Service Committee,afsc,0.0,0.0,-,-,-,0,0,0,0
Amnesty International The Netherlands,amnesty,0.0,0.0,-,-,-,0,0,0,0
Amnesty International UK Section Charitable Trust,aiuk,0.0,0.0,-,-,-,0,0,0,0
Amref Flying Doctors,amrefnl,10.17,9.19,13.18,-,-,77,0,0,0
Amref Health Africa - UK,amrefha,1.15,2.23,6.08,-,-,19,0,0,0
Amref Health Africa Headquarters,amrefhq,0.0,0.0,-,-,-,0,0,0,0
Amref Health Africa in Ethiopia,amrefeth,0.0,0.0,-,-,-,0,0,0,0
Amref Health Africa in Kenya,amrefkenya,0.0,0.0,-,-,-,0,0,0,0
Amref Health Africa in Tanzania,amreftz,0.0,0.0,-,-,-,0,0,0,0
Amref Health Africa in Uganda,amrefug,0.0,0.0,-,-,-,0,0,0,0
Amref Health Africa Malawi,amrefmw,0.0,0.0,-,-,-,0,0,0,0
Ananda Marga Universal Relief Team (AMURT) Africa,amurt_kenya,0.0,0.0,-,-,-,0,0,0,0
ANDA,anda,0.01,0.03,-,-,-,0,0,0,0
Anti-Slavery International,asil,0.52,0.63,2.82,-,-,18,0,0,0
APPRO-Europe,appro-eu,0.0,0.0,-,-,-,0,0,0,0
APT Action on Poverty,apt,1.51,1.19,2.08,-,-,73,0,0,0
Aqua for All,aqua4all,0.0,0.0,4.56,-,-,0,0,0,0
Arab foundation for freedoms and equality,afemena,0.0,0.0,-,-,-,0,0,0,0
ARK (Absolute Return for Kids),ark,0.38,0.18,21.76,-,-,2,0,0,0
Article19,art19,1.67,1.47,6.55,-,-,25,0,0,0
Asian Development Bank,asdb,8867.41,10772.31,10191.0,-,-,87,0,0,0
Association Centrafricaine de Traduction de la Bible et Alphabetisation,acatba,0.0,0.0,-,-,-,0,0,0,0
Association for Cultural Technical and Educational Cooperation (ACTEC),actec,0.0,0.0,-,-,-,0,0,0,0
Association for Progressive Communication,apc,0.0,0.0,-,-,-,0,0,0,0
Association for Reproductive and Family Health,arfh,0.0,0.0,-,-,-,0,0,0,0
Association for Women's Rights in Development (AWID),awid,0.0,0.0,-,-,-,0,0,0,0
Association of Commonwealth Universities,acu,0.0,0.0,-,-,-,0,0,0,0
Association pour la Promotion de l'Education et de la Formation à l'Etranger,apefe,0.0,0.0,-,-,-,0,0,0,0
Atos IT Services Ltd,atosuk,0.0,1.14,-,-,-,0,0,0,0
Atradius Dutch State Business,adsb,0.0,0.0,-,-,-,0,0,0,0
Australia - Department of  Foreign Affairs and Trade,ausgov,3747.34,3273.6,3287.26,-,-,114,0,0,0
Auto-Développement Afrique (ADA),ada,0.0,0.0,-,-,-,0,0,0,0
Autre Terre asbl,a-t,0.0,0.0,-,-,-,0,0,0,0
Avanti Communications Plc,ava_admin,0.0,0.0,-,-,-,0,0,0,0
Avocats Sans Frontières,asf,0.0,0.0,5.14,-,-,0,0,0,0
AVSI FOUNDATION IN UGANDA,avsi_uganda,0.0,0.0,-,-,-,0,0,0,0
AVT-L Association of Victims of Terrorism Lebanon,avt-l,0.0,0.0,-,-,-,0,0,0,0
AWEPA,awepa,0.0,0.0,-,-,-,0,0,0,0
Babawatoto Centre For Children and Youth,bawacecy-tz,0.0,0.0,-,-,-,0,0,0,0
Backward Society Education (BASE),base_22,0.0,0.0,-,1.88,-,0,0,0,0
Bangladesh Nari Progati Sangha,bnps,0.0,0.0,-,-,-,0,0,0,0
BasicNeeds,basicneeds,0.18,0.13,2.55,-,-,7,0,0,0
Baylor College of Medicine Children's Foundation Malawi,bcm-cf,0.0,0.0,-,-,-,0,0,0,0
BBC Media Action,bbcmediaaction,29.98,22.84,76.15,-,-,39,0,0,0
BDO LLP,bdo,0.0,0.0,-,-,-,0,0,0,0
Bees Abroad UK,bauk,0.15,0.12,0.22,-,-,68,0,0,0
Bees for Development Trust,beesfordevelopment,0.0,0.08,-,-,-,0,0,0,0
Belgian development agency (Enabel),enabel,0.0,0.0,-,-,-,0,0,0,0
Belgian Development Cooperation,be-dgd,841.0,0.0,-,1120.53,-,0,0,0,0
Benelux Afro Center,bac,0.0,0.0,-,-,-,0,0,0,0
Berytech Foundation,berytech,0.0,0.0,-,-,-,0,0,0,0
Beweging voor Internationale Solidariteit - Mouvement pour la Solidarité Internationale,bismsi,0.0,0.0,-,-,-,0,0,0,0
Bill & Melinda Gates Foundation,bmgf,2957.81,3323.64,2880.0,-,-,103,0,0,0
Bioclimate Research and Development,bioclimate,0.0,1.16,-,-,-,0,0,0,0
Blue Ventures Conservation,blueventures,0.0,0.0,1.96,-,-,0,0,0,0
Bond,bond,2.71,2.36,4.7,-,-,58,0,0,0
BOS+ tropen,bos_plus_tropen,0.0,0.0,-,-,-,0,0,0,0
Both ENDS,bothends,0.0,5.33,-,-,-,0,0,0,0
BRAC,brac_admin2,0.0,0.0,-,-,-,0,0,0,0
BRAC International,bracintl,16.29,17.92,76.82,-,-,21,0,0,0
Brigham and Women's Hospital,bwh,0.0,0.0,-,-,-,0,0,0,0
British & Irish Agencies Afghanistan Group,baag,0.0,0.0,-,-,-,0,0,0,0
British Asian Trust,b_a_t,0.0,0.0,-,-,-,0,0,0,0
British Council,britishcouncil,0.0,0.0,1590.8,-,-,0,0,0,0
British Red Cross,gb-chc-220949,0.0,0.0,297.72,-,-,0,0,0,0
Broederlijk Delen,bd,0.0,0.0,-,-,-,0,0,0,0
Brulocalis,brulocalis,0.0,0.0,-,-,-,0,0,0,0
BSR,bsr_admin,0.0,0.0,-,-,-,0,0,0,0
Bucks Community NGO,bucksfarm,0.0,0.0,-,-,-,0,0,0,0
Build Africa,buildafrica,0.0,0.0,3.66,-,-,0,0,0,0
Burns Violence Survivors - Nepal,bvs-nepal,0.0,0.0,-,-,-,0,0,0,0
C40 Cities Climate Leadership Group,c40cities,0.0,0.0,-,-,-,0,0,0,0
CABI,cabi,0.0,4.33,-,-,-,0,0,0,0
Camfed International,camfed,34.87,30.28,43.68,-,-,80,0,0,0
Canada - Global Affairs Canada | Affaires mondiales Canada,gac-amc,2166.24,2310.55,2495.86,-,-,87,0,0,0
Canada - International Development Research Centre/Centre de recherches pour le développement international,idrccrdi,332.41,282.85,193.4,-,-,172,0,0,0
Canada Department of Finance / Ministère des Finances Canada,finance_canada,1036.45,550.1,190.1,-,-,545,0,0,0
Canon Collins Trust,canoncollinstrust,0.14,0.0,2.11,-,-,7,0,0,0
Cardno Emerging Markets,cardnoem,0.0,0.0,-,-,-,0,0,0,0
CARE BENIN/TOGO,carebenintogo,0.0,0.0,-,-,-,0,0,0,0
CARE Danmark Fonden for Frivillig Ulandsbistand,12921047,0.0,0.0,-,-,-,0,0,0,0
CARE International Afghanistan,ciafg,0.0,0.0,-,-,-,0,0,0,0
CARE International in Zimbabwe,ciz,0.0,0.0,-,-,-,0,0,0,0
CARE International UK,ciuk,0.0,6.45,65.87,-,-,10,0,0,0
CARE Nederland,carenederland,0.0,0.0,-,-,-,0,0,0,0
CARE SOMALIA,csom1,0.0,0.0,-,-,-,0,0,0,0
Carers Worldwide,cww,0.04,0.08,0.1,-,-,40,0,0,0
Caribbean Development Bank (CDB),caribank,0.0,0.0,-,-,-,0,0,0,0
Caritas Denmark,caritas_denmark,0.0,0.0,-,-,-,0,0,0,0
Caritas Finland,caritasfin,0.0,0.0,-,-,-,0,0,0,0
Caritas International (Belgium),cibe,0.0,0.0,-,-,-,0,0,0,0
Caritas Serbia,caritas_serbia,0.0,0.0,-,-,-,0,0,0,0
Catholic Agency For Overseas Development (CAFOD),cafod,11.79,15.14,77.32,-,-,15,0,0,0
Catholic Relief Services,crs,2.51,1.63,-,-,-,0,0,0,0
CDA Collaborative Learning Projects,cda,0.0,0.0,-,-,-,0,0,0,0
CDC Group plc,cdc,471.85,1068.47,489.01,-,-,96,0,0,0
Cecily's Fund,cecily,0.16,0.11,0.98,-,-,16,0,0,0
Center for Civilians in Conflict,civic_admin,0.0,0.0,-,-,-,0,0,0,0
Center for Research on Environment Health and Population Activities (CREHPA),crehpa,0.0,0.0,-,-,-,0,0,0,0
Centre For Citizens With Disabilities,ccdnigeria,0.0,0.0,-,-,-,0,0,0,0
Centre for Economic Policy Research,cepr,0.0,2.28,-,-,-,0,0,0,0
Centre for Indian Knowledge Systems,ciks,0.0,0.06,-,-,-,0,0,0,0
Centre for the Study of Adolescence,csa-kenya,0.0,0.0,-,-,-,0,0,0,0
Centre National de Coopération au Développement (CNCD-11.11.11),cncd,0.0,0.0,-,-,-,0,0,0,0
Centre Tricontinental - CETRI,ct-admin,0.0,0.0,-,-,-,0,0,0,0
Chama cha Uzazi na Malezi Bora Tanzania (UMATI),umati,0.0,0.0,-,-,-,0,0,0,0
Charity Projects Ltd (Comic Relief),cprojects,123.09,125.42,-,-,-,0,0,0,0
Chaîne de l'Espoir Belgique / Keten van Hoop België / Chain of Hope Belgium,cdeb-kvhb_admin,0.0,0.0,-,-,-,0,0,0,0
CHEKA SANA TANZANIA,cst,0.0,0.0,-,-,-,0,0,0,0
Chemonics International Inc.,chemonics,0.0,0.0,-,-,-,0,0,0,0
Child-to-Child,ctc,0.09,0.05,-,-,-,0,0,0,0
ChildFund International,childfund,0.4,0.8,211.42,-,-,0,0,0,0
ChildHope UK,childhopeuk,1.67,2.19,3.54,-,-,47,0,0,0
Children in Crisis,cic,0.33,0.77,2.74,-,-,12,0,0,0
CHOICE for Youth and Sexuality,cfyas,0.0,0.0,-,-,-,0,0,0,0
Christian Aid,caid,12.83,16.19,130.26,-,-,10,0,0,0
Christian Aid Ireland,caid_ireland,0.0,0.0,-,-,-,0,0,0,0
Christian Blind Mission (UK) Ltd.,cbm,0.0,0.0,-,-,-,0,0,0,0
Christian Engineers in Development,ced,0.06,0.01,0.21,-,-,29,0,0,0
CIFAL Scotland,cifal,0.05,0.16,0.35,-,-,14,0,0,0
CINI,cini_jhk,0.0,0.0,-,-,-,0,0,0,0
CISU,cisu,0.0,0.0,-,-,-,0,0,0,0
CIVICUS World Alliance for Citizen Participation,civicus,0.0,0.0,-,-,-,0,0,0,0
CLASP,clasp,0.0,0.0,-,-,-,0,0,0,0
Clean Clothes Campaign,ccc,0.0,0.0,-,-,-,0,0,0,0
Climate Investment Funds,cif,0.0,0.0,566.8,-,-,0,0,0,0
Climate Policy Initiative,cpi,0.0,0.0,-,-,-,0,0,0,0
Clinton Health Access Initiative,chai,0.0,0.0,-,-,-,0,0,0,0
CNV Internationaal,nl-kvk-54436222-27541,0.0,0.0,-,-,-,0,0,0,0
COC Nederland,cocnl_publisher,0.0,0.0,-,-,-,0,0,0,0
CODA International,coda,0.17,0.0,-,-,-,0,0,0,0
Coffey International Development,coffey,0.0,2.12,-,-,-,0,0,0,0
ColaLife,colalife,0.0,0.09,-,-,-,0,0,0,0
Collectif Stratégies Alimentaires,csa,0.0,0.0,-,-,-,0,0,0,0
Comité pour l'abolition des dettes illégitimes,cadtm,0.0,0.0,-,-,-,0,0,0,0
COMMISSION JUSTICE ET PAIX ASBL (cjp),cjp,0.0,0.0,-,-,-,0,0,0,0
Commune de Adja-Ouere - Bénin,adja-ouere,0.0,0.0,-,-,-,0,0,0,0
Commune de Adjarra - Bénin,adjarra,0.0,0.0,-,-,-,0,0,0,0
Commune de Adjohoun - Bénin,adjohoun,0.0,0.0,-,-,-,0,0,0,0
Commune de Akpro-Missérété - Bénin,akpro-misserete,0.0,0.0,-,-,-,0,0,0,0
Commune de Allada - Bénin,allada,0.0,0.0,-,-,-,0,0,0,0
Commune de Aplahoué - Bénin,aplahoue,0.0,0.0,-,-,-,0,0,0,0
Commune de Avrankou - Bénin,avrankou,0.0,0.0,-,-,-,0,0,0,0
Commune de Bopa - Bénin,bopa,0.0,0.0,-,-,-,0,0,0,0
Commune de Comè - Bénin,come,0.0,0.0,-,-,-,0,0,0,0
Commune de Dangbo - Benin,dangbo,0.0,0.0,-,-,-,0,0,0,0
Commune de Ifangni - Bénin,ifangni,0.0,0.0,-,-,-,0,0,0,0
Commune de Klouékanmè - Bénin,klouekanme,0.0,0.0,-,-,-,0,0,0,0
Commune de Kpomassè - Bénin,kpomasse,0.0,0.0,-,-,-,0,0,0,0
Commune de Kétou - Bénin,ketou,0.0,0.0,-,-,-,0,0,0,0
Commune de Lalo - Bénin,lalo,0.0,0.0,-,-,-,0,0,0,0
Commune de Parakou - Bénin,parakou,0.0,0.0,-,-,-,0,0,0,0
Commune de Pobè - Bénin,pobe,0.0,0.0,-,-,-,0,0,0,0
Commune de Toffo - Bénin,toffo,0.0,0.0,-,-,-,0,0,0,0
Commune de Toviklin - Bénin,toviklin,0.0,0.0,-,-,-,0,0,0,0
Commune de Zè - Bénin,ze,0.0,0.0,-,-,-,0,0,0,0
Concern Worldwide,concern_worldwide,0.0,1.47,-,-,-,0,0,0,0
Concern Worldwide UK,concernuk,0.0,1.47,33.05,-,-,31,0,0,0
Conciliation Resources,cr,0.0,0.0,9.29,-,-,0,0,0,0
Concordis International,concordis,0.0,0.0,-,-,-,0,0,0,0
Conflict Dynamics International,cdi,0.0,0.0,-,-,-,0,0,0,0
Congodorpen vzw,congodorpen,0.0,0.0,-,-,-,0,0,0,0
Construction Sector Transparency Initiative (CoST),cost_uk,0.0,0.0,-,-,-,0,0,0,0
Coopération par l'Education et la Culture,cec,0.0,0.0,-,-,-,0,0,0,0
Cord,cord,0.22,0.2,4.63,-,-,5,0,0,0
Cordaid,cordaid,149.95,25.75,229.18,-,-,65,0,0,0
Cowater International Inc,cowater,0.0,0.0,-,-,-,0,0,0,0
COWI,cowi,0.0,0.0,-,-,-,0,0,0,0
CRANE,crane,0.0,0.0,-,-,-,0,0,0,0
CREA,creausa-org,0.0,0.0,-,-,-,0,0,0,0
Croix-Rouge de Belgique Communauté francophone - Activités internationales ASBL,crb-ai_admin,0.0,0.0,-,-,-,0,0,0,0
Crown Agents Limited,cal,0.45,1.25,-,-,-,0,0,0,0
CUAMM Trustees,cuammtrustees,0.27,0.21,-,-,-,0,0,0,0
Cyan International,cyan,0.04,0.07,0.17,-,-,24,0,0,0
DAI Europe,dai-e,0.0,18.74,-,68.47,-,27,0,0,0
DAI Global Health,healthpartners-international,0.0,0.0,-,-,-,0,0,0,0
Damiaanactie / Action Damien,damien-foundation,0.0,0.0,-,-,-,0,0,0,0
dance4life,dance4life,0.0,0.0,-,-,-,0,0,0,0
Danish Family Planning Association,dfpa,0.0,0.0,-,-,-,0,0,0,0
Danish Red Cross,danishrc,0.0,0.0,-,-,-,0,0,0,0
Danish Refugee Council,drc,0.0,0.0,-,-,-,0,0,0,0
Danmission,danmission,0.0,0.0,-,-,-,0,0,0,0
Dansk Missionråds Udviklingsafdeling,dmru,0.0,0.0,-,-,-,0,0,0,0
Data4Development,d4d,0.0,0.0,-,-,-,0,0,0,0
David Gordon Memorial Hospital,dgmh,0.0,0.0,-,-,-,0,0,0,0
Dawuro Development Association,dawuro_da,0.0,0.0,-,-,-,0,0,0,0
DECP,decp,0.0,0.0,-,-,-,0,0,0,0
Defence for Children International Netherlands - ECPAT Netherlands,dciecpatnl,0.0,0.0,-,-,-,0,0,0,0
Delivery Associates Ltd,delivery_associates,0.0,0.0,-,-,-,0,0,0,0
Deloitte Touche Tohmatsu India LLP,dttillp,0.0,0.0,-,-,-,0,0,0,0
Democracy Reporting International gGmbH,dri,0.0,0.0,-,-,-,0,0,0,0
Democratic Governance Facility,dgf,0.0,0.0,-,-,-,0,0,0,0
Denmark - Ministry of Foreign Affairs,danida,3092.89,2682.86,1968.02,-,-,157,0,0,0
Desmond Tutu HIV Foundation,dthfxx12,0.35,0.22,-,-,-,0,0,0,0
Development Aid from People to People (DAPP) Malawi,dapp,0.54,1.03,-,-,-,0,0,0,0
Development Initiatives Poverty Research,dipr,0.0,0.0,5.69,5.79,-,5,0,0,0
Development Organisation of the Rural Poor,dorp-org,0.0,0.0,-,-,-,0,0,0,0
Developments In Literacy Trust UK,diltuk,0.0,0.0,-,-,-,0,0,0,0
Diakonia Sweden,diakonia802017-3517,0.0,0.0,-,-,-,0,0,0,0
Digital Campus,dc,0.12,0.18,0.09,0.19,-,133,0,0,0
Direcção Provincial de Saúde de Nampula,dps-nampula,0.0,0.0,-,-,-,0,0,0,0
Disability and Development Partners,ddp,0.14,0.31,1.08,-,-,13,0,0,0
Disability Rights Advocacy Fund,draf,0.0,0.0,-,-,-,0,0,0,0
Disability Rights Fund,drf,0.0,0.0,3.5,-,-,0,0,0,0
Disabled People's Organisations Denmark,dpod,0.0,0.0,-,-,-,0,0,0,0
Disasters Emergency Committee,dec-uk,54.49,91.37,-,-,-,0,0,0,0
"Discovery Learning Alliance, Inc.",dla,5.05,6.96,9.23,-,-,55,0,0,0
Djapo VZW,djapo,0.0,0.0,-,-,-,0,0,0,0
DKT - (Pakistan),dkt,0.0,0.0,-,-,-,0,0,0,0
DNH Mali (Direction Nationale de l’Hydraulique du Mali),pca-gire,0.0,0.0,-,-,-,0,0,0,0
Doctors of the World UK,dotw_uk,0.0,0.0,-,-,-,0,0,0,0
Dorcas Aid International,dai,0.0,0.0,-,-,-,0,0,0,0
DUF - The Danish Youth Council,duf,0.0,0.0,-,-,-,0,0,0,0
Dynamo International asbl,dynamo_international,0.0,0.0,-,-,-,0,0,0,0
Défi Belgique Afrique,dba,0.0,0.0,-,-,-,0,0,0,0
Dóchas - Irish Association of Non Governmental Development Organisations,dochas,0.71,0.16,0.56,-,-,127,0,0,0
ECDPM,ecdpm,0.0,0.0,-,-,-,0,0,0,0
Echos Communication,ec,0.0,0.0,-,-,-,0,0,0,0
Eclosio,eclosio,0.0,0.0,-,-,-,0,0,0,0
Economic and Social Research Foundation (ESRF),esrf,0.0,0.0,-,-,-,0,0,0,0
Ecorys Nederland B.V.,ecorysnl,0.0,0.0,-,-,-,0,0,0,0
Ecorys UK,ecuk,0.0,0.0,-,-,-,0,0,0,0
Educate!,educate,0.0,0.0,-,-,-,0,0,0,0
Education Development Trust,edt_kenya,0.0,0.0,-,-,-,0,0,0,0
EDUCATION DEVELOPMENT TRUST - RWANDA,edt_rwanda,0.0,0.0,-,-,-,0,0,0,0
Edukans Foundation,edukans_foundation,0.0,0.0,-,-,-,0,0,0,0
Emmanuel International UK,eiuk,0.02,0.02,0.58,-,-,3,0,0,0
EMMS International,emms,1.05,0.4,1.76,-,-,60,0,0,0
Energy 4 Impact,e4i,0.0,0.0,-,-,-,0,0,0,0
Energy Saving Trust,energy_saving_trust,0.0,0.0,-,-,-,0,0,0,0
Enfance Tiers Monde Kinderen Derde Wereld,etmkdw,0.0,0.0,-,-,-,0,0,0,0
EngenderHealth Ethiopia,engenderhealth_eth,0.0,0.0,-,-,-,0,0,0,0
Engineers Without Borders Canada,ewb_canada,0.0,0.0,3.18,-,-,0,0,0,0
Enhanced Integrated Framework,eif,16.03,25.12,-,-,-,0,0,0,0
Entraide et Fraternité,ef_,0.0,0.0,-,-,-,0,0,0,0
equileap,equileap,0.0,0.0,-,-,-,0,0,0,0
Ethical Trading Initiative,eti,0.0,0.0,1.08,-,-,0,0,0,0
Ethiopiaid UK,ethiopiaiduk,0.0,0.0,-,-,-,0,0,0,0
Ethiopian Horticulture Producer Exporters Association (EHPEA),ehpea,0.0,0.0,-,-,-,0,0,0,0
European Bank for Reconstruction and Development,ebrd,0.0,7283.33,11757.77,10398.56,-,70,0,0,0
European Commission - Directorate-General for International Cooperation and Development,ec-devco,5941.2,5485.22,6550.79,-,-,91,0,0,0
European Commission - Humanitarian Aid & Civil Protection,ec-echo,1891.46,1356.17,1816.91,1456.43,-,104,0,0,0
European Commission - Neighbourhood and Enlargement Negotiations,ec-near,2654.8,2069.16,3228.17,-,-,82,0,0,0
European Commission - Service for Foreign Policy Instruments,ec-fpi,247.62,224.21,341.05,-,-,73,0,0,0
European Institute of Peace,eip,0.0,0.0,-,-,-,0,0,0,0
European Investment Bank,eib,23735.3,14393.88,10359.27,-,-,229,0,0,0
European Journalism Centre,ejc,0.0,0.0,-,-,-,0,0,0,0
EveryChild,evc,0.23,0.08,6.84,-,-,3,0,0,0
Excellent Development,excellent,0.18,0.0,-,-,-,0,0,0,0
Exeter Ethiopia Link,eel,0.0,0.04,0.07,-,-,57,0,0,0
Fair Wear Foundation,fwf,0.0,0.0,-,-,-,0,0,0,0
Fairfood International,fairfood,0.0,0.0,2.59,-,-,0,0,0,0
Fairtrade Belgium,fairtrade_be,0.0,0.0,-,-,-,0,0,0,0
Fairtrade Labelling Organizations International e.V.,fairtrade_international,4.99,4.59,16.39,-,-,30,0,0,0
Family Aids Caring Trust,fact,0.0,0.1,-,-,-,0,0,0,0
Family Life Education Program,flepuganda,0.0,0.0,-,-,-,0,0,0,0
Farm Africa,fa,1.27,1.42,18.18,-,-,7,0,0,0
Fauna & Flora International,ffi_publisher,0.0,0.0,25.62,-,-,0,0,0,0
Federation of Women Lawyers Kenya,fida,0.0,0.0,-,-,-,0,0,0,0
Feed the Minds,ftm-291333,0.08,0.27,1.54,-,-,5,0,0,0
FHI360,fhi360,0.0,0.0,-,-,-,0,0,0,0
Fiabel,fiabel,0.0,0.0,-,-,-,0,0,0,0
FIAN Belgium,fian-belgium,0.0,0.0,-,-,-,0,0,0,0
Find Your Feet,fyf,0.43,0.6,2.06,-,-,21,0,0,0
Finland - Ministry of Foreign Affairs,finland_mfa,992.18,1308.17,863.61,-,-,115,0,0,0
FMO,fmo,0.0,0.0,-,-,-,0,0,0,0
FONCABA ASBL KBA VZW,foncaba,0.0,0.0,-,-,-,0,0,0,0
Fondo Centroamericano de Mujeres,fcam,0.0,3.52,-,-,-,0,0,0,0
Fonds voor Ontwikkelingssamenwerking - Socialistische Solidariteit VZW,fos,0.0,0.0,-,-,-,0,0,0,0
Food and Agriculture Organization of the United Nations (FAO),fao,0.0,0.0,-,-,-,0,0,0,0
Food for the Hungry UK,fh,0.17,0.38,1.2,-,-,14,0,0,0
Forests Monitor,fm,0.0,0.0,-,-,-,0,0,0,0
Forum Universitaire pour la Coopération Internationale au Développement -FUCID ASBL,fucid,0.0,0.0,-,-,-,0,0,0,0
France - Ministry for Europe and Foreign Affairs,france,0.02,1.57,955.81,-,-,0,0,0,0
FRANK Water,frankwater,0.0,0.0,0.54,-,-,0,0,0,0
Free a Girl,freeagirl,0.0,0.0,1.71,-,-,18,0,0,0
Free Press Unlimited,free_press_unlimited,0.24,0.15,-,-,-,0,0,0,0
Freedom Forum,ff,0.0,0.0,-,-,-,0,0,0,0
Friends of Kipkelion,kipkelion,0.0,0.0,0.19,-,-,21,0,0,0
Friends of Publish What You Fund,friendsofpwyf,0.0,0.18,-,-,-,0,0,0,0
Friends of the Earth International,foei,0.0,0.0,-,-,-,0,0,0,0
Friends of the Earth-Ghana,foe-ghana,0.17,0.07,-,-,-,0,0,0,0
Frontline AIDS,f-aids,0.0,0.0,-,-,-,0,0,0,0
Fundacion Acceso,fundacion-acceso,0.0,0.0,-,-,-,0,0,0,0
Fundación Fondo Mujeres del Sur,fms,0.0,0.0,-,-,-,0,0,0,0
Fundación Oriéntame,orientame,0.0,0.0,-,-,-,0,0,0,0
Fundo de Investimento e Patrimonio do Abastecimento de Água (FIPAG),fipag,0.0,0.0,-,-,-,0,0,0,0
GAVI Alliance,gavi,1254.0,1521.0,1477.18,-,-,85,0,0,0
GEMS Education Solutions,mgcubed,2.17,0.97,-,-,-,0,0,0,0
Gender Links,gl,0.0,0.0,-,-,-,0,0,0,0
Geneva Centre for the Democratic Control of Armed Forces (DCAF),dcaf,0.0,0.0,-,-,-,0,0,0,0
Geneva International Centre for Humanitarian Demining,gichd,0.0,0.0,-,-,-,0,0,0,0
GEOMOUN ASBL,geomoun,0.0,0.0,-,-,-,0,0,0,0
Germany - Federal Foreign Office,fo_germany,0.0,61.88,-,-,-,0,0,0,0
Germany - Ministry for Economic Cooperation and Development,bmz,8730.28,7404.33,10591.56,-,-,82,0,0,0
Girls Not Brides: The Global Partnership to End Child Marriage,girlsnotbrides,0.0,0.0,-,-,-,0,0,0,0
Girls’ Education Challenge – Fund Manager PwC,gecfundmanagerpwc,116.29,55.49,-,-,-,0,0,0,0
Giro555 (Stichting Samenwerkende Hulporganisaties),giro555,0.0,0.0,-,-,-,0,0,0,0
GiveDirectly,givedirectly,0.0,0.0,-,-,-,0,0,0,0
Global Action Nepal,gan,0.0,0.0,-,-,-,0,0,0,0
Global Alliance for TB Drug Development,tb-a,0.0,57.0,-,-,-,0,0,0,0
Global Canopy,globalcanopy,0.0,0.0,-,-,-,0,0,0,0
Global Focus,globaltfokus,0.0,0.0,-,-,-,0,0,0,0
Global Green Growth Institute (GGGI),gggi,0.0,0.0,-,-,-,0,0,0,0
Global Innovation Fund,gif,0.0,1.85,-,-,-,0,0,0,0
Global Integrity,globalintegrity,0.0,0.0,-,-,-,0,0,0,0
Global Network of People Living with HIV (GNP+),gnpplus,0.0,0.0,-,-,-,0,0,0,0
Global Network of Sex Work Projects (NSWP),nswp,0.0,0.0,-,-,-,0,0,0,0
Global Partnership for Education,gpe,169.4,0.0,2833.3,-,-,6,0,0,0
Global Rights Compliance,grc2018,0.0,0.0,-,-,-,0,0,0,0
GlobalGiving.org,globalgiving,6.0,8.0,27.47,-,-,22,0,0,0
GOAL,goal,0.0,0.0,140.48,-,-,2,0,0,0
GOGLA - Global Off-Grid Lighting Association,gogla,0.0,0.0,-,-,-,0,0,0,0
GPPAC Foundation,gppac,0.0,0.35,-,-,-,0,0,0,0
Groupe Pivot Santé Population,gpsp-org,0.0,0.0,-,-,-,0,0,0,0
Grow Movement,growmovement_admin,0.0,0.0,0.17,-,-,0,0,0,0
Guttmacher Institute,guttmacher,0.0,0.0,-,-,-,0,0,0,0
Habitat for Humanity Great Britain,hfhgb,0.64,0.0,4.48,-,-,14,0,0,0
Hagar International UK,hagar_uk,0.29,0.27,3.71,-,-,8,0,0,0
Haiti Hospital Appeal,hha,0.07,0.15,0.75,-,-,9,0,0,0
Hand in Hand International,handinhand,0.0,0.17,7.71,-,-,15,0,0,0
Handicap International,hifed,0.0,0.0,11.7,-,-,0,0,0,0
Handicap International Belgique,hib,0.0,0.0,-,-,-,0,0,0,0
Handicap International UK,hiuk,0.0,0.0,-,-,-,0,0,0,0
HE Foundation,hefoundation,0.0,0.0,-,-,-,0,0,0,0
Health Poverty Action,hpa,2.1,1.25,22.85,-,-,9,0,0,0
HealthNet TPO,healthnet,0.0,0.0,-,-,-,0,0,0,0
HealthProm,hp_12,0.08,0.16,1.04,-,-,8,0,0,0
Heartland Alliance International,ha-i,0.0,0.0,-,-,-,0,0,0,0
Heifer International South Africa,hsa,0.0,0.0,0.86,-,-,0,0,0,0
Heifer Nederland,heifernederland,1.06,2.54,-,-,-,0,0,0,0
HelpAge International,helpage_international,28.38,35.61,42.51,-,-,67,0,0,0
HelpAge International UK,ageintl,3.67,9.88,23.78,-,-,15,0,0,0
Helvetas Swiss Intercooperation,hsi,0.0,0.0,-,-,-,0,0,0,0
HiiL innovating Justice,hiil_mfa,0.0,0.0,-,-,-,0,0,0,0
Hilfswerk Austria Zimbabwe,hwa-zm,0.0,0.0,-,-,-,0,0,0,0
Hivos,stichting_hivos,111.86,0.0,-,-,-,0,0,0,0
Homeless International,hi,0.72,3.61,8.77,-,-,8,0,0,0
Hope and Homes for Children,hhc,0.0,0.71,10.35,-,-,9,0,0,0
Hope for Children,hfc,0.0,0.0,-,-,-,0,0,0,0
Horizons for Green Development,horizons,0.0,0.0,-,-,-,0,0,0,0
Hospice Africa Ltd,hauk,0.07,0.08,0.31,-,-,23,0,0,0
HTSPE,htspe,0.25,0.0,-,-,-,0,0,0,0
Human Relief Foundation,hrf,0.0,0.0,-,-,-,0,0,0,0
I Choose Life Africa,ke-ngc-3372,0.0,0.0,-,-,-,0,0,0,0
ICA:UK,icauk,0.0,0.0,0.15,-,-,0,0,0,0
ICCO Cooperation,icco-cooperation,37.92,6.7,101.85,-,-,37,0,0,0
ICF Consulting Services Ltd,icf,0.06,0.48,-,-,-,0,0,0,0
ICS,ics,0.0,0.0,-,-,-,0,0,0,0
IDEO.org,ideo_org,0.0,0.0,-,-,-,0,0,0,0
"IDH, the Sustainable Trade Initiative",idh,0.0,0.0,-,-,-,0,0,0,0
IDinsight,idinsight,0.0,0.0,-,-,-,0,0,0,0
IFOAM - Organics International,ifoam,0.0,0.0,-,-,-,0,0,0,0
IHE Delft Institute for Water Education,ihedelft,0.0,0.0,-,-,-,0,0,0,0
Iles de Paix,idp,0.0,0.0,-,-,-,0,0,0,0
IMC WORLDWIDE,imcw_admin,0.0,0.0,-,-,-,0,0,0,0
Index Initiative Foundation,iif,0.0,0.0,-,-,-,0,0,0,0
Indigo Trust,indtrust,1.18,0.96,1.18,-,-,100,0,0,0
Instiglio,instiglio,0.0,0.0,-,-,-,0,0,0,0
Institut de Formation Syndical International - Internationaal Syndicaal Vormingsinstituut,ifsi_isvi,0.0,0.0,-,-,-,0,0,0,0
"Institut National de l'Eau, Benin",ine_benin,0.0,0.0,-,-,-,0,0,0,0
Institute for International Workers Education,iiwe,0.0,0.0,-,-,-,0,0,0,0
Institute for Security Studies,issafrica,0.0,0.0,-,-,-,0,0,0,0
Institute for War & Peace Reporting,iwpr,0.0,0.0,-,-,-,0,0,0,0
Institute of Development Studies,ids,0.0,0.86,32.25,-,-,3,0,0,0
Institute of Tropical Medicine,itm,0.0,0.0,-,-,-,0,0,0,0
Integrity Action,integrity_action,0.0,0.09,2.23,2.78,-,3,0,0,0
Integrity Research and Consultancy Ltd,integrity,0.0,0.0,-,-,-,0,0,0,0
Inter-American Development Bank,iadb,8476.0,9040.0,8788.84,-,-,96,0,0,0
Interact Worldwide,iww_publish,0.0,0.0,-,-,-,0,0,0,0
InterAction,interaction,0.0,0.0,7.45,-,-,0,0,0,0
interburns,interburns,0.18,0.2,0.23,-,-,78,0,0,0
InterClimate Network,icn,0.0,0.0,-,-,-,0,0,0,0
International Alert,international-alert,0.0,0.0,22.9,-,-,0,0,0,0
International Bureau of Fiscal Documentation (IBFD),ibfd,0.0,0.0,-,-,-,0,0,0,0
International Center for Not-for-Profit Law,icnl_org,0.0,0.0,-,-,-,0,0,0,0
International Centre of Insect Physiology and Ecology (icipe),icipe,0.0,0.0,-,-,-,0,0,0,0
International Child Development Initiatives,icdi,0.0,0.0,-,-,-,0,0,0,0
International Climate Initiative / BMU - IKI Secretariat,bmu_iki,20728.46,17719.72,-,-,-,0,0,0,0
International Committee of the Red Cross (ICRC),icrc,0.0,0.0,-,-,-,0,0,0,0
International Development Law Organization (IDLO),idlo,4.62,30.15,-,-,-,0,0,0,0
International Federation of Accountants,ifac,0.0,0.0,-,-,-,0,0,0,0
International Federation of the Red Cross and Red Crescent (IFRC),ifrcrcs,584.43,1020.93,-,-,-,0,0,0,0
International Fertilizer Development Center,ifdc-us,0.0,0.0,-,-,-,0,0,0,0
International Finance Corporation,ifcwbg,0.0,0.0,-,-,-,0,0,0,0
International Fund for Agricultural Development (IFAD),ifad,0.0,0.0,1552.8,-,-,0,0,0,0
International IDEA,idea,0.0,0.0,-,-,-,0,0,0,0
International Indigenous Women Forum,fimi_iiwf_2019,0.0,0.0,-,-,-,0,0,0,0
International Initiative for Impact Evaluation,3ie,0.0,0.0,-,-,-,0,0,0,0
International Labour Organization (ILO),ilo,257.0,259.0,-,-,-,0,0,0,0
International Media Support,ims,0.0,0.0,-,-,-,0,0,0,0
International Medical Corps UK,imc_uk,0.0,2.76,101.29,-,-,3,0,0,0
International Monetary Fund,imf,0.0,0.0,-,-,-,0,0,0,0
International Network for Bamboo and Rattan (INBAR),inbar,0.0,0.0,-,-,-,0,0,0,0
International Network for the Availability of Scientific Publications,inasp,0.0,0.0,-,-,-,0,0,0,0
International Network of People who Use Drugs (INPUD),inpud_admin,0.0,0.0,-,-,-,0,0,0,0
International NGO Safety Orgnisation,inso,0.0,0.0,-,-,-,0,0,0,0
International Organization for Migration (IOM),iom,0.0,0.0,-,-,-,0,0,0,0
International Planned Parenthood Federation,ippf,56.0,0.0,129.42,-,-,43,0,0,0
International Procurement Agency,ipa,7.2,1.74,-,-,-,0,0,0,0
International Rescue Committee UK,irc_uk,0.0,0.0,166.57,-,-,0,0,0,0
International Service,unais,0.0,0.0,-,-,-,0,0,0,0
International Trade Centre (ITC),itc,0.0,0.0,-,-,-,0,0,0,0
International Treatment Preparedness Coalition (ITPC),itpc,0.0,0.0,-,-,-,0,0,0,0
International Union for Conservation of Nature and Natural Resources,iucn,4.04,5.07,-,-,-,0,0,0,0
International Women's Development Agency,iwda,0.0,0.0,-,-,-,0,0,0,0
Internews Europe,ieu,0.0,0.0,-,-,-,0,0,0,0
Interpeace,interpeace,0.0,0.0,-,-,-,0,0,0,0
IntraHealth International,intrahealth,0.0,0.0,-,-,-,0,0,0,0
IOD PARC,iodparc,0.0,1.47,-,-,-,0,0,0,0
iPartner India,ip-india,0.09,0.1,0.56,-,-,16,0,0,0
Ipas,ipas,0.0,0.0,-,-,-,0,0,0,0
IPE Global Limited,ipeglobal,0.0,0.0,-,-,-,0,0,0,0
Iraq Foundation,iraq_foundation,0.0,0.0,-,-,-,0,0,0,0
IRC,irc,0.03,2.75,-,-,-,0,0,0,0
Ireland - Department of Foreign Affairs and Trade,irishaid,0.82,718.03,513.56,-,-,0,0,0,0
IREX (International Research and Exchange Board),suhanajjar,0.0,0.0,-,-,-,0,0,0,0
"Iringa Development of Youth, Disabled and Children Care",idydc,0.0,0.0,-,-,-,0,0,0,0
Irise International,irise_int,0.0,0.0,-,-,-,0,0,0,0
Irrawaddy Policy Exchange,ipe,0.0,0.0,-,-,-,0,0,0,0
Islamic Relief Worldwide,irw,3.17,5.5,128.71,-,-,2,0,0,0
Itad,itad,0.0,0.0,9.98,11.28,-,14,0,0,0
ITECO - Centre de formation pour le développement,iteco,0.0,0.0,-,-,-,0,0,0,0
IUCN Nederlands Comité,iucn_nl,0.0,0.0,-,-,-,0,0,0,0
Japan International Cooperation Agency (JICA),jica,0.0,0.0,11781.92,-,-,0,0,0,0
Jeevika Trust,jeevika_trust,0.0,0.0,0.08,-,-,0,0,0,0
Johns Hopkins University,gi-jhu,0.0,0.0,-,-,-,0,0,0,0
Joshua Orphan and Community Care,jocc_uk,0.0,0.0,-,-,-,0,0,0,0
Just Associates,jass,0.0,0.0,-,-,-,0,0,0,0
Kadaster International,kad,0.0,0.0,-,-,-,0,0,0,0
Karuna Mission Social Solidarity - KMSS,kmss,0.0,0.0,-,-,-,0,0,0,0
Karuna Trust,karuna,0.0,0.0,2.84,-,-,0,0,0,0
Kepa ry,kepa,0.13,0.0,-,-,-,0,0,0,0
Kesho Kenya,kesho_kenya,0.0,0.0,-,-,-,0,0,0,0
King Salman Humanitarian Aid and Relief Centre,ksrelief291,0.0,0.0,-,-,-,0,0,0,0
Kisumu Medical and Education Trust,kmet,0.0,0.0,-,-,-,0,0,0,0
KIYO,kiyo,0.0,0.0,-,-,-,0,0,0,0
Koepel van de Vlaamse Noord-Zuidbeweging 11.11.11 VZW,111111_publisher,0.0,0.0,-,-,-,0,0,0,0
Koninklijk Nederlands Meteorologisch Instituut,knmi,0.0,0.0,-,-,-,0,0,0,0
KPMG East Africa,kpmgea,0.0,0.0,-,-,-,0,0,0,0
KPMG LLP,kpmgllp,0.0,0.0,-,-,-,0,0,0,0
KwaAfrica,kwaafrica,0.04,0.04,0.41,-,-,10,0,0,0
LAMB Health Care Foundation,lhcf,0.0,0.01,0.23,-,-,65,0,0,0
Landell Mills,landell-mills,0.0,0.0,-,-,-,0,0,0,0
Le Monde selon les femmes asbl,mondefemmes,0.0,0.0,-,-,-,0,0,0,0
LEAD International,lead_international,0.0,0.0,2.06,-,-,0,0,0,0
Learning for Life,learningforlife,0.0,0.07,0.49,-,-,24,0,0,0
Leonard Cheshire Disability,lcd_admin,1.42,1.55,252.63,-,-,1,0,0,0
Lepra,lepra,0.57,0.18,6.95,-,-,8,0,0,0
Light For The World Belgium,lftw-be,0.0,0.0,-,-,-,0,0,0,0
LIGHT FOR THE WORLD The Netherlands,lftwnl,0.0,0.0,-,-,-,0,0,0,0
Link Community Development International,lcdi_admin,0.89,1.19,-,-,-,0,0,0,0
Link Community Development Scotland,lcds,0.12,0.04,2.57,-,-,5,0,0,0
"Lithuania, Ministry of Foreign Affairs",lithuania_mfa,49.55,47.2,6.88,-,-,720,0,0,0
Lively Minds,livelyminds,0.17,0.07,0.2,-,-,85,0,0,0
Liverpool School of Tropical Medicine,lstm,3.31,3.14,-,-,-,0,0,0,0
Living Earth Foundation,livingearth12,1.2,0.15,2.69,-,-,45,0,0,0
living peace institute,lpi,0.0,0.0,-,-,-,0,0,0,0
LIWA programme trust,liwa-admin,0.0,0.0,-,-,-,0,0,0,0
Local Development and Small Projects Support,ldsps,0.0,0.0,-,-,-,0,0,0,0
Louvain Coopération,lc,0.0,0.0,-,-,-,0,0,0,0
LTS International Limited,lts,0.0,0.0,-,-,-,0,0,0,0
MADE in Europe,mie-1134415,0.0,0.0,0.4,-,-,0,0,0,0
MAG,mag,0.0,0.0,51.81,-,-,0,0,0,0
Magariro,magariro,0.0,0.0,-,-,-,0,0,0,0
Mainline,mainline,0.0,0.0,-,-,-,0,0,0,0
Malaria Consortium,malariaconsortium,52.09,61.09,92.97,-,-,56,0,0,0
Mama Cash,mamac,0.0,0.0,-,-,-,0,0,0,0
MAMTA - Health Institute for Mother and Child,mamta_himc,0.0,0.0,-,-,-,0,0,0,0
MannionDaniels,manniondaniels,0.15,1.7,-,-,-,0,0,0,0
Manx Times,manxtimes,0.0,0.0,-,-,-,0,0,0,0
MapAction,mapaction,0.0,1.37,0.81,-,-,169,0,0,0
Marie Stopes International,msi,0.0,0.0,373.95,-,-,0,0,0,0
marysmeals,marysmeals,0.0,0.0,-,-,-,0,0,0,0
Mastercard Foundation,mastercard-foundation,0.0,0.0,-,-,-,0,0,0,0
Max Foundation,max-foundation,0.0,0.0,-,-,-,0,0,0,0
Maxwell Stamp PLC,mstamp,0.0,0.0,-,-,-,0,0,0,0
McKinsey & Company,mck,0.0,0.0,-,-,-,0,0,0,0
MDF Global,mdf,0.0,0.0,-,-,-,0,0,0,0
Medair,medair,0.0,0.0,-,-,-,0,0,0,0
Medecins du Monde Belgique - Dokters van de Wereld Belgïe,medecins,0.0,0.0,-,-,-,0,0,0,0
Medecins du Monde France,mdm-fr,0.0,0.0,-,-,-,0,0,0,0
"Medical Research Centre (MRC), Sierra Leone",mrc-sierra-leone,0.49,0.39,-,-,-,0,0,0,0
Memisa,memisa,0.0,0.0,-,-,-,0,0,0,0
Meningitis Research Foundation,mrf,0.0,0.0,-,-,-,0,0,0,0
Mensen met een Missie,mm1,0.0,0.0,-,-,-,0,0,0,0
Mercy Corps Europe,mce,4.41,14.67,85.65,-,-,5,0,0,0
Mercy Corps Global,mcg,0.0,0.0,-,-,-,0,0,0,0
Mercy Corps Netherlands,mcn,0.0,0.0,-,-,-,0,0,0,0
MICAIA,mic-uk,0.01,0.07,0.29,-,-,3,0,0,0
Micro Insurance Academy,mia_india,0.29,0.09,-,-,-,0,0,0,0
MicroLoan Foundation,mlf,0.34,0.2,2.14,-,-,16,0,0,0
Miel Maya Honing asbl,mmha,0.0,0.0,-,-,-,0,0,0,0
Mifumi UK,mifumi_uk,0.3,0.52,-,-,-,0,0,0,0
Milieudefensie,foenl,0.0,6.26,-,-,-,0,0,0,0
Millennium Challenge Corporation,millenniumchallenge,860.32,718.12,-,-,-,0,0,0,0
Ministry of Foreign Affairs of  Japan,mofa-jpn,0.0,0.0,-,-,-,0,0,0,0
Ministry of Foreign and European Affairs of the Slovak Republic,slovakaid,79.91,84.73,-,-,-,0,0,0,0
Ministère de l'Economie et des Finances du Bénin,mefbenin,0.0,0.0,-,-,-,0,0,0,0
Mission Øst,missioneast,0.0,0.0,-,-,-,0,0,0,0
Mondiaal FNV,mondiaalfnv,0.0,0.0,-,-,-,0,0,0,0
mothers2mothers,m2m_sa,3.55,6.58,16.17,-,-,22,0,0,0
Motivation,motivation,1.23,0.94,3.79,-,-,32,0,0,0
Mott MacDonald Limited,mml,0.0,0.0,-,-,-,0,0,0,0
Mukisa Foundation,mukisa_foundation,0.0,0.0,-,-,-,0,0,0,0
Mulanje Mission Hospital,mmh,0.0,0.0,-,-,-,0,0,0,0
Multilateral Investment Fund,fomin,30.0,37.0,-,-,-,0,0,0,0
Musalaha Ministry of Reconciliation,mmr_admin2,0.0,0.0,-,-,-,0,0,0,0
Muslim Aid,muslimaid,0.17,0.0,47.57,-,-,0,0,0,0
MVO Nederland,mvo_nederland,0.0,0.0,-,-,-,0,0,0,0
Mzumbe University,m_u,0.0,0.0,-,-,-,0,0,0,0
Médecins Sans Vacances,msv,0.0,0.0,-,-,-,0,0,0,0
"Namati, Inc",namati_inc,0.0,0.0,-,-,-,0,0,0,0
Nathan Associates London Ltd.,nathan,0.0,0.0,-,-,-,0,0,0,0
National Coalition of Human Rights Defenders - Kenya,nchrdk,0.0,0.0,-,-,-,0,0,0,0
Natural Resource Governance Institute (NRGI),nrgi,0.0,4.0,11.42,-,-,35,0,0,0
"Natural Resources Institute, University of Greenwich.",nri,0.0,1.0,-,-,-,0,0,0,0
Near East Foundation (NEF USA),nef_usa,0.0,0.0,-,-,-,0,0,0,0
Nepal Disabled Human Rights Center,dhrc_nepal,0.0,0.0,-,-,-,0,0,0,0
Netherlands - Ministry of Foreign Affairs,minbuza_nl,3922.26,3276.13,4180.1,-,-,94,0,0,0
Netherlands Commission for Environmental Assessment,ncea,0.0,0.0,-,-,-,0,0,0,0
Netherlands Enterprise Agency,rvo,3022.16,695.06,-,-,-,0,0,0,0
Netherlands Institute for Multiparty Democracy (NIMD),nimd-hq,0.0,0.37,-,-,-,0,0,0,0
Netherlands Leprosy Relief,nlr,0.0,0.0,-,-,-,0,0,0,0
Netherlands Red Cross,nlrc,32.64,58.7,-,-,-,0,0,0,0
Network for Africa,network4africa,0.13,0.14,0.65,-,-,20,0,0,0
Network For Enterprise Enhancement and Development Support,needs,0.0,0.0,-,-,-,0,0,0,0
Network of International Development Organisations in Scotland,nidos,0.15,0.0,0.3,-,-,50,0,0,0
New Zealand - Ministry of Foreign Affairs and Trade - New Zealand Aid Programme,mfat,0.0,0.0,-,-,-,0,0,0,0
NGO Federation of Nepal,nfn,0.0,0.0,-,-,-,0,0,0,0
Ngo-federatie (Vlaamse federatie van ngo's voor ontwikkelingssamenwerking),ngo-federatie,0.0,0.0,-,-,-,0,0,0,0
Niger Delta Stakeholders Initiative for Community Development and Empowerment,ndsicde,0.0,0.0,-,-,-,0,0,0,0
NKHOMA MISSION HOSPITAL,nmhiati,0.0,0.0,-,-,-,0,0,0,0
Norad - Norwegian Agency for Development Cooperation,norad,916.22,1047.61,3757.05,-,-,24,0,0,0
Northern Network for Education Development,nned,0.0,0.0,-,-,-,0,0,0,0
Northern Rangelands Trust,nrt-kenya,0.0,0.0,-,-,-,0,0,0,0
Norwegian People's Aid,npa,0.0,0.0,-,-,-,0,0,0,0
Norwegian Refugee Council,nrc,0.0,0.0,308.53,-,-,0,0,0,0
"NpM, Platform for Inclusive Finance",npm,0.0,0.0,-,-,-,0,0,0,0
Nuffic,nuffic20171017,0.0,0.0,-,-,-,0,0,0,0
OCHA Country Based Pooled Funds,unocha-cbpf,0.0,0.5,-,-,-,0,0,0,0
ODI Sales Limited,odi_sales_ltd,0.0,0.01,-,-,-,0,0,0,0
Omidyar Network Fund Inc.,omidyarnetwork,0.0,0.0,-,-,-,0,0,0,0
One Acre Fund,oneacrefund,0.0,0.0,-,-,-,0,0,0,0
One to One Children's Fund,onetoonecf,0.0,0.11,1.52,-,-,9,0,0,0
ONG ALCRER,alcrer-1,0.0,0.0,-,-,-,0,0,0,0
openmindedly,openmindedly,0.0,0.0,-,-,-,0,0,0,0
OpenNorth,opennorth,0.0,0.0,-,-,-,0,0,0,0
Opportunity International UK,opportunity-international-uk,0.84,1.46,12.42,-,-,7,0,0,0
Options Consultancy Services,options,0.0,5.22,22.18,26.58,-,20,0,0,0
Orbis Africa,orbis_africa,0.0,0.0,-,-,-,0,0,0,0
Orbis Charitable Trust,orbis_uk,0.0,0.0,-,-,-,0,0,0,0
Orbis Ethiopia,orbis_ethiopia,0.0,0.0,-,-,-,0,0,0,0
Orbis International,orbis_international,0.0,0.0,-,-,-,0,0,0,0
Overseas Development Institute,odi,6.97,9.43,-,-,-,0,0,0,0
Oxfam America,oxfamus,0.0,0.0,-,-,-,0,0,0,0
Oxfam GB,oxfamgb,287.04,269.25,491.64,-,-,58,0,0,0
Oxfam IBIS,ibis_denmark,0.0,0.0,-,-,-,0,0,0,0
Oxfam India,oxfamindia,0.93,59.79,8.62,-,-,11,0,0,0
Oxfam Intermón,oxfamintermon,0.0,0.0,-,-,-,0,0,0,0
Oxfam Novib,onl,138.46,140.96,223.51,-,-,62,0,0,0
Oxfam Solidarité-Solidariteit,oxsol,0.0,0.0,-,-,-,0,0,0,0
Oxfam Wereldwinkels,oww,0.0,0.0,-,-,-,0,0,0,0
Oxfam-Magasins du monde (omdm),omdm,0.0,0.0,-,-,-,0,0,0,0
Oxford Policy Management,opml,0.0,0.0,-,-,-,0,0,0,0
Pact,pact,0.0,0.0,127.86,-,-,0,0,0,0
Palladium International Ltd (UK),palladium,0.0,162.11,-,-,-,0,0,0,0
Palliative Care Association of Malawi,pacam,0.0,0.0,-,-,-,0,0,0,0
Palliative Care Support Trust,pcst,0.0,0.0,-,-,-,0,0,0,0
Panos Institute West Africa (PIWA),ipao,0.0,0.0,-,-,-,0,0,0,0
partos,partos_nl,0.0,0.0,-,-,-,0,0,0,0
Pastoralist Girls Initiative,pgi_kenya,0.0,0.0,-,-,-,0,0,0,0
PATH,_path_,0.0,0.0,-,-,-,0,0,0,0
PAX,pax,0.0,0.0,-,-,-,0,0,0,0
PEAS (Promoting Equality in African Schools),peas,0.0,0.0,4.98,-,-,0,0,0,0
Penal Reform International,pri,1.37,1.4,4.64,-,-,30,0,0,0
People In Aid,peopleinaid,0.0,0.0,0.0,-,-,0,0,0,0
People in Need,pin,0.0,0.0,-,-,-,0,0,0,0
PHASE Nepal,phase-nepal,0.0,0.0,-,-,-,0,0,0,0
PHASE Worldwide,phase_worldwide,0.17,0.31,0.15,0.33,-,113,0,0,0
Plan International Belgium,pib,0.0,0.0,-,-,-,0,0,0,0
Plan International Finland,planinternationalfinland,0.0,0.0,-,-,-,0,0,0,0
Plan International Netherlands,plannlno,0.18,2.54,-,-,-,0,0,0,0
Plan International UK,plan_uk,15.87,23.18,38.81,-,-,41,0,0,0
Plan International USA,plan_usa,393.77,138.47,69.12,-,-,570,0,0,0
Plan Ireland Charitable Assistance Limited,plan_ireland,0.0,0.0,15.14,-,-,0,0,0,0
PlanBørnefonden,plb,0.0,0.0,-,-,-,0,0,0,0
PONT,pont,0.0,0.0,0.61,-,-,0,0,0,0
Pontis Foundation,pontis,0.04,0.22,-,-,-,0,0,0,0
Population Service International,psi,11.58,32.8,588.34,-,-,2,0,0,0
Population Services and Training Centre (PSTC),pstc_1102,0.0,0.0,-,-,-,0,0,0,0
PositiveNegatives,posneg,0.0,0.0,-,-,-,0,0,0,0
Power International,power,0.0,0.0,-,-,-,0,0,0,0
PRACTICA Foundation,practica,0.0,0.0,-,-,-,0,0,0,0
Practical Action,pa,30.49,146.13,36.64,-,-,83,0,0,0
Pragya India,pragya,0.25,0.19,0.7,-,-,36,0,0,0
PricewaterhouseCoopers Private Limited India,pwcplindia,0.0,0.0,-,-,-,0,0,0,0
Private Infrastructure Development Group,pidg,243.34,34.46,-,-,-,0,0,0,0
Progressio,progressio,3.76,3.07,9.42,-,-,40,0,0,0
Project Harar,phe,0.07,0.13,0.66,-,-,11,0,0,0
Promundo-US,pmo-us,0.0,0.0,-,-,-,0,0,0,0
Protecting Families Against HIV/AIDS,prefa_1,0.0,0.17,1.03,-,-,110,0,0,0
Protos,protos,0.0,0.0,-,-,-,0,0,0,0
Publish What You Fund,pwyf,1.0,0.93,0.99,-,-,101,0,0,0
PUM Netherlands,pumnl,0.0,0.0,-,-,-,0,0,0,0
Pump Aid,pumpaid,0.7,0.59,1.68,-,-,42,0,0,0
PwC,pwc,0.0,26.71,-,-,-,0,0,0,0
Queen Rania Foundation for Education and Development,qrfed,0.0,0.0,-,-,-,0,0,0,0
Quinoa,quinoa,0.0,0.0,-,-,-,0,0,0,0
Rahnuma-Family Planning Assocation of Pakistan,rfpap,0.0,0.0,5.33,-,-,0,0,0,0
Railway Children,rc,0.84,0.74,3.77,-,-,22,0,0,0
Railway Children Africa,rc2africa,0.0,0.0,-,-,-,0,0,0,0
RAIN Foundation (former),rainfoundation,0.0,0.0,3.22,-,-,13,0,0,0
Rainforest Alliance,rainforest-alliance,0.0,0.0,-,-,-,0,0,0,0
Rainforest Foundation UK,rfuk,0.14,0.01,3.95,-,-,4,0,0,0
Raleigh International,raleigh_int,0.0,0.0,-,-,-,0,0,0,0
RCN Justice & Démocratie,rcn,0.0,0.0,-,-,-,0,0,0,0
Red Cross Red Crescent Climate Centre,climate_centre,0.0,0.0,-,-,-,0,0,0,0
Regional Advisory Information and Network Systems,rains,0.0,0.0,-,-,-,0,0,0,0
"Rehabilitation, Education and Community Health (REACH)",reach-iraq,0.0,0.0,-,-,-,0,0,0,0
Relief International - Somalia,ri_kenya,0.0,0.0,-,-,-,0,0,0,0
Relief International UK,ri-uk,3.1,0.53,31.93,-,-,10,0,0,0
Republic of Korea,odakorea,0.0,0.0,-,-,-,0,0,0,0
Resource Extraction Monitoring,rem,0.0,0.0,-,-,-,0,0,0,0
Responsible Mining Foundation,rmf,0.0,0.0,-,-,-,0,0,0,0
Restless Development,restless,9.42,7.21,15.42,-,-,61,0,0,0
Retrak,retrak,0.0,0.0,1.78,-,-,0,0,0,0
Right to Play Netherlands Foundation,rtp,0.0,0.0,-,-,-,0,0,0,0
Rikolto,rikolto,0.0,0.0,-,-,-,0,0,0,0
Rikolto in Belgium,rikolto_belgium,0.0,0.0,-,-,-,0,0,0,0
Rode Kruis-Vlaanderen Internationaal vzw,rkiv,0.0,0.0,-,-,-,0,0,0,0
Rojiroti UK,rojiroti,0.1,0.06,0.11,-,-,91,0,0,0
Romania Ministry of Foreign Affairs,uasd,0.0,0.0,69.84,-,-,0,0,0,0
Rotary Clubs For Development,rc4d,0.0,0.0,-,-,-,0,0,0,0
Royal College of General Practitioners (RCGP),rcgp-international,0.0,0.0,-,-,-,0,0,0,0
Royal College of Obstetricians & Gynaecologists,rcog_resilience_in_obstetric_skills,0.0,0.0,-,-,-,0,0,0,0
Royal Netherlands Football Association,knvb,0.0,0.0,-,-,-,0,0,0,0
Royal Society for the Protection of Birds,rspb_,0.15,0.06,154.66,-,-,0,0,0,0
Royal Tropical Institute,kit,0.0,0.0,-,-,-,0,0,0,0
RUAF Foundation,ruaf,0.0,0.0,-,-,-,0,0,0,0
Rutgers,rutgers,0.0,0.0,-,-,-,0,0,0,0
Saferworld,saferworld,16.54,14.17,19.72,-,-,84,0,0,0
Samaritan's Purse UK,spuk,0.68,0.44,27.93,-,-,2,0,0,0
Savana Signatures,savsign-org,0.0,0.0,-,-,-,0,0,0,0
Save the Children DK,redbarnet,0.0,0.0,-,-,-,0,0,0,0
Save the Children International,sci,93.87,108.61,-,-,-,0,0,0,0
Save the Children Netherlands,scnl,0.23,0.26,-,-,-,0,0,0,0
Save the Children UK,scuk,116.49,173.14,507.71,-,-,23,0,0,0
SCI Projets Internationaux ASBL_Service Civil International branche belge,scibelgium,0.0,0.0,-,-,-,0,0,0,0
Scottish Catholic International Aid Fund (SCIAF),sciaf,0.34,0.63,12.61,-,-,3,0,0,0
Search for Common Ground (SFCG),sfcg,0.0,0.0,-,-,-,0,0,0,0
SECOURS CATHOLIQUE - CARITAS FRANCE,sccf,0.0,0.0,-,-,-,0,0,0,0
Seefar,seefar,0.0,0.0,-,-,-,0,0,0,0
Sehat Kahani (Community Innovation Hub),sehatkahanicih,0.0,0.0,-,-,-,0,0,0,0
Self Help Africa,self-help-africa,50.53,0.0,17.05,-,-,296,0,0,0
Send a Cow,sendacow,0.98,4.68,8.9,-,-,11,0,0,0
Send a Cow Ethiopia,sacethiopia,0.0,0.0,-,-,-,0,0,0,0
Send a Cow Kenya,sac_kenya,0.0,0.0,-,-,-,0,0,0,0
Send a Cow Uganda,sacu,0.48,0.15,-,-,-,0,0,0,0
Sense International,sense_international,0.38,0.0,2.5,-,-,15,0,0,0
Sensorial Handicap Cooperation,shc,0.0,0.0,-,-,-,0,0,0,0
ShelterBox,shelterbox,0.0,0.0,10.64,-,-,0,0,0,0
Shtrii Shakti,shtrii_shakti,0.06,0.05,-,-,-,0,0,0,0
Sightsavers,ss-org,39.41,18.89,58.99,-,-,67,0,0,0
Signal,signal,0.04,0.1,-,-,-,0,0,0,0
Silsab Foundation,silsab1-_,0.0,0.0,-,-,-,0,0,0,0
Simavi,simavi,0.0,0.0,-,-,-,0,0,0,0
Simprints,simprints,0.0,0.06,-,-,-,0,0,0,0
Siren Associates,siren,0.0,0.0,-,-,-,0,0,0,0
SNV Netherlands Development Organisation,snv,0.0,0.0,-,-,-,0,0,0,0
Social Development Direct Limited,sddirect,0.0,0.0,-,-,-,0,0,0,0
"Social Fund for Development, Yemen",sfd-yemen,0.0,0.0,-,-,-,0,0,0,0
Social Impact Lab CIC,simlab,0.12,0.05,0.29,0.24,-,41,0,0,0
Social Watch Benin,swb_1,0.0,0.0,-,-,-,0,0,0,0
Société Nationale des eaux du Bénin (SONEB),soneb-benin,0.0,0.0,-,-,-,0,0,0,0
SolarNow Services (U) Ltd,solarnowsofa,0.0,0.0,-,-,-,0,0,0,0
Solidagro,solidagro_admin,0.0,0.0,-,-,-,0,0,0,0
Solidaridad,solidaridad,0.0,0.02,-,-,-,0,0,0,0
Solidaridad Europe,solidaridad-europe,0.0,0.0,-,-,-,0,0,0,0
Solidaridad South & South-East Asia,solidaridad-ssea,0.0,0.0,-,-,-,0,0,0,0
Solidaridad West Africa,solidaridad-waf,0.0,0.09,-,-,-,0,0,0,0
Solsoc,solsoc,0.0,0.0,-,-,-,0,0,0,0
Sonke Gender Justice,sjg,0.0,0.0,-,-,-,0,0,0,0
SOS Children's Villages Kenya,soscvkenya,0.0,0.0,-,-,-,0,0,0,0
SOS Children's Villages The Netherlands,sosnl,0.0,0.0,-,-,-,0,0,0,0
SOS FAIM - SOS HUNGER,sosfaim,0.0,0.0,-,-,-,0,0,0,0
SOS Kinderdorpen België / SOS Villages d'Enfants Belgique,svdbskb_admin,0.0,0.0,-,-,-,0,0,0,0
SOS Sahel International UK,sossaheluk,0.0,0.0,2.83,-,-,0,0,0,0
Sound Seekers Limited,soundseekers,0.0,0.0,-,-,-,0,0,0,0
Southern African Catholic Bishops' Conference Aids Office,sacbc,0.98,0.01,-,-,-,0,0,0,0
Spain - Ministry of Foreign Affairs and Cooperation,maec,2116.61,1729.33,707.7,-,-,299,0,0,0
SPARK,spark,0.0,0.0,11.32,-,-,0,0,0,0
Special Hope Network,shn,0.0,0.0,-,-,-,0,0,0,0
Stakeholder Democracy Network,sdn,0.0,0.0,-,-,-,0,0,0,0
Stars Foundation,starsfoundation,1.0,0.0,3.05,-,-,33,0,0,0
Stichting ActionAId,aanl,0.0,0.0,-,-,-,0,0,0,0
Stichting Aflatoun International,aflatoun,0.0,0.0,2.18,-,-,0,0,0,0
Stichting Agriterra,agriterra,0.67,0.0,19.68,-,-,3,0,0,0
Stichting Aidenvironment,aidenvironment,0.0,0.0,-,-,-,0,0,0,0
Stichting Deltares,deltares,0.0,0.0,-,-,-,0,0,0,0
Stichting fondsbeheer DGGF lokaal MKB,dggf_financing_local_smes,0.0,18.0,-,-,-,0,0,0,0
Stichting Health Action International,hai,0.0,0.0,-,-,-,0,0,0,0
Stichting Humana,humana_houben,0.0,0.0,-,-,-,0,0,0,0
Stichting Kinderpostzegels Nederland,skn,0.0,0.0,-,-,-,0,0,0,0
Stichting Mayday Rescue Foundation,maydayrescue,0.0,0.0,-,-,-,0,0,0,0
Stichting Nederlands Instituut voor Internationale Betrekkingen 'Clingendael',clingendael,0.0,0.0,-,-,-,0,0,0,0
Stichting Onderzoek Multinationale Ondernemingen (SOMO),somo,0.0,0.0,-,-,-,0,0,0,0
Stichting Red een Kind,redeenkind,0.17,0.68,14.1,-,-,1,0,0,0
Stichting Vluchteling,st_vluchteling,1.32,6.77,13.9,20.37,-,33,0,0,0
Stichting VU Amsterdam - Amsterdam Centre for World Food Studies,acwfs_vu,0.0,0.0,-,-,-,0,0,0,0
Stichting Woord en Daad,w-d,0.0,0.0,-,-,-,0,0,0,0
Street Child,street_child,0.68,1.22,3.92,-,-,17,0,0,0
StreetInvest,si,0.07,0.02,0.99,-,-,7,0,0,0
Stromme Foundation,stromme_ug,0.23,0.3,-,-,-,0,0,0,0
Studio Globo,sg,0.0,0.0,-,-,-,0,0,0,0
Support Trust for Africa Development (STAD),stad,0.0,0.0,-,-,-,0,0,0,0
Survivors Fund (SURF),surf,0.36,0.21,1.34,-,-,27,0,0,0
"Sweden, through Swedish International Development Cooperation Agency (Sida)",sida,6766.54,6560.18,4260.69,-,-,159,0,0,0
Switzerland - Swiss Agency for Development and Cooperation (SDC),sdc_ch,2289.96,2386.99,1655.41,-,-,138,0,0,0
Sympany+,simone_sympany,0.0,0.0,-,-,-,0,0,0,0
Syria Relief,sr,0.0,0.0,-,-,-,0,0,0,0
Target TB,targettb,0.22,0.12,-,-,-,0,0,0,0
TB Alert,tbalert,0.3,0.45,1.25,-,-,24,0,0,0
Teach A Man To Fish,tamtf,0.08,0.12,0.8,-,-,10,0,0,0
TEAR fund Nederland,tear,0.0,0.0,-,-,-,0,0,0,0
Tearfund,tearfund,0.88,0.65,95.29,-,-,1,0,0,0
Tearfund VZW (TFBE),tfb_admin1,0.0,0.0,-,-,-,0,0,0,0
TechnoServe,tns,0.0,0.0,-,-,-,0,0,0,0
Terre des Hommes Netherlands,tdh_nl,0.0,0.79,-,-,-,0,0,0,0
The Access to Nutrition Foundation,atnf,0.0,0.0,-,-,-,0,0,0,0
The Asia Foundation,taf,3.35,2.88,119.68,106.03,-,3,0,0,0
The Carter Center,carter-center,0.0,0.0,-,-,-,0,0,0,0
the center for victimized women and children,cavwoc,0.0,0.0,-,-,-,0,0,0,0
The Coca-Cola Export Corporation,tccec,0.36,0.0,-,-,-,0,0,0,0
The Commonwealth Secretariat,commonwealthsecretariat,0.0,0.0,-,-,-,0,0,0,0
The Convention on Business Integrity,cbi-nigeria,0.0,0.0,-,-,-,0,0,0,0
The Foundation Center,foundation_center,0.0,0.0,19.57,-,-,0,0,0,0
The Fred Hollows Foundation (UK),fhfuk,0.0,0.0,-,-,-,0,0,0,0
The Freedom Fund,thefreedomfund,0.0,0.0,-,-,-,0,0,0,0
The Global Alliance for Improved Nutrition,gain,65.0,38.0,21.13,-,-,308,0,0,0
"The Global Development Incubator, Inc",gdi,0.0,0.0,-,-,-,0,0,0,0
The Global Forum on MSM & HIV (MSMGF),msmgf,0.0,0.0,-,-,-,0,0,0,0
"The Global Fund to Fight AIDS, Tuberculosis and Malaria",theglobalfund,0.0,0.0,2563.0,-,-,0,0,0,0
The HALO Trust,halo,0.0,0.0,-,-,-,0,0,0,0
The Hunger Project Netherlands,thp_org,0.0,0.0,-,-,-,0,0,0,0
The International Children's Trust,theict,0.09,0.24,0.7,-,-,13,0,0,0
The International Rescue Committee,irc_inc,6.76,29.48,-,-,-,0,0,0,0
The Leprosy Mission England and Wales,tlmew,0.75,0.97,7.58,-,-,10,0,0,0
The LO/FTF Council (Ulandssekretariatet),loftf,0.0,0.0,-,-,-,0,0,0,0
The Louis Berger Group Inc.,lbg,0.0,0.0,-,-,-,0,0,0,0
The MENTOR Initiative,the_mentor_initiative,0.0,0.0,-,-,-,0,0,0,0
The National Association of Municipalities of Benin (ANCB),ancb_benin,0.0,0.0,-,-,-,0,0,0,0
The OPEC Fund for International Development (OFID),ofid,0.0,0.0,1148.29,-,-,0,0,0,0
The Open University,open_university,0.49,0.53,-,-,-,0,0,0,0
"The Population Council, Inc.",populationcouncil,0.0,0.0,-,-,-,0,0,0,0
The Power of Nutrition,the_power_of_nutrition,0.0,5.0,-,-,-,0,0,0,0
The Princess Alia Foundation,paf_2018,0.0,0.0,-,-,-,0,0,0,0
The Queen Elizabeth Diamond Jubilee Trust,qedjt,0.0,0.0,-,-,-,0,0,0,0
The Sabre Charitable Trust,sct,0.09,0.22,0.44,-,-,20,0,0,0
The Salvation Army International Development UK,said-uk,0.0,0.0,-,-,-,0,0,0,0
"The University of Dodoma (UDOM), Tanzania",udom,0.0,0.0,-,-,-,0,0,0,0
The University of Manchester,uom,0.0,0.0,-,-,-,0,0,0,0
The University of Oxford,oxford,0.0,0.0,-,-,-,0,0,0,0
The William and Flora Hewlett Foundation,hewlett-foundation,141.0,166.0,368.51,-,-,38,0,0,0
The World Bank,worldbank,31442.0,34203.0,32193.0,31917.0,-,107,0,0,0
Theatre for a Change Malawi,tfacmalawi,0.0,0.0,-,-,-,0,0,0,0
Theatre for a Change UK,tfac,1.92,1.26,1.96,-,-,98,0,0,0
Timidria,timidria,0.0,0.0,-,-,-,0,0,0,0
TradeMark East Africa,tmea,0.0,0.0,-,-,-,0,0,0,0
Traidcraft Exchange,traidcraft,0.71,0.52,4.53,-,-,16,0,0,0
Transnational Institute,tni,0.0,0.0,-,-,-,0,0,0,0
Transparency International Bangladesh,tib,7.3,0.0,4.09,-,-,178,0,0,0
Transparency International Kenya,ti_kenya,0.0,0.0,-,-,-,0,0,0,0
Transparency International Secretariat,transparency-international,12.94,17.37,-,-,-,0,0,0,0
Transparency International UK,ti-uk,0.0,0.0,-,-,-,0,0,0,0
TREE AID,treea,0.0,0.0,-,-,-,0,0,0,0
Trianglen,trianglen,0.02,0.08,-,-,-,0,0,0,0
Trias,trias,0.0,0.0,-,-,-,0,0,0,0
Triple Line,tripleline_crownagents,52.11,0.0,-,-,-,0,0,0,0
Trocaire,trocaire,0.0,0.0,-,-,-,0,0,0,0
Trocaire (Northern Ireland),troc,0.78,1.67,17.37,-,-,4,0,0,0
Tropenbos International,tbi,0.0,0.0,-,-,-,0,0,0,0
Tropical Health and Education Trust,tropicalhealth,0.0,0.0,-,-,-,0,0,0,0
Trust for Africa's Orphans,tao-03473165,0.0,0.0,0.33,-,-,0,0,0,0
Twaweza,twaweza,14.43,14.0,7.46,-,-,193,0,0,0
Twin,twin-iati,0.0,0.0,2.49,-,-,0,0,0,0
Uganda Martyrs University,umu,0.0,0.0,-,-,-,0,0,0,0
UHAI EASHRI,uhai-eashri,0.0,0.0,-,-,-,0,0,0,0
"UK - Department for Business, Energy and Industrial Strategy",beis,0.0,0.0,-,-,-,0,0,0,0
"UK - Department for Environment, Food and Rural Affairs",defra_transparency,18.44,16.78,77.24,-,-,24,0,0,0
UK - Department for International Development (DFID),dfid,14895.21,12903.12,16653.86,14932.28,-,89,0,0,0
UK - Department for Work and Pensions,dwp,0.0,0.0,13.18,-,-,0,0,0,0
UK - Department of Health and Social Care (DHSC),dhsc,0.14,0.38,-,-,-,0,0,0,0
UK - Foreign & Commonwealth Office,fco,701.94,0.0,537.42,-,-,131,0,0,0
UK - Medical Research Council,mrc,0.0,0.0,-,-,-,0,0,0,0
UK - Ministry of Defence,ukmod,0.0,0.0,3.55,-,-,206,0,0,0
UK - Scottish Government,scottish_government,1.66,0.0,19.27,-,-,9,0,0,0
UK - Welsh Government's Wales for Africa Programme,wfa,0.0,0.0,1.7,-,-,0,0,0,0
ULB-Coopération,ulbcoop,0.0,0.0,-,-,-,0,0,0,0
UN Pooled Funds,unpf,0.0,1696.0,-,-,-,0,0,0,0
UN Women,unw,0.0,0.0,271.0,-,-,0,0,0,0
UN-Habitat,unhabitat,0.0,0.0,196.0,-,-,0,0,0,0
Unicef Belgium National Committee,ub,0.0,0.0,-,-,-,0,0,0,0
UNICEF Netherlands National Committee,unicefnl,0.0,0.0,-,-,-,0,0,0,0
Union des Villes et Communes de Wallonie (UVCW),uvcw,0.0,0.0,-,-,-,0,0,0,0
Union of Agricultural Work Committees,uawc,0.0,0.0,-,-,-,0,0,0,0
UNITAID,utd,95.0,102.0,116.05,-,-,82,0,0,0
United Disabled Persons of Kenya,udpk,0.0,0.0,-,-,-,0,0,0,0
United Mission to Nepal,umn,0.0,0.07,7.72,9.06,-,1,0,0,0
United Nations Capital Development Fund,uncdf,0.0,0.0,-,-,-,0,0,0,0
United Nations Central Emergency Response Fund (CERF),cerf,443.9,487.0,461.0,-,-,96,0,0,0
United Nations Children's Fund (UNICEF),unicef,4130.0,4765.0,4868.0,-,-,85,0,0,0
United Nations Development Programme (UNDP),undp,1694.0,2565.0,4397.35,-,-,39,0,0,0
"United Nations Educational, Scientific and Cultural Organization (UNESCO)",unesco,0.0,202.0,626.0,590.0,-,34,0,0,0
United Nations Environment Programme (UNEP),un-environment,0.0,0.0,-,-,-,0,0,0,0
United Nations Foundation,unf,0.0,0.0,-,-,-,0,0,0,0
United Nations High Commissioner for Refugees (UNHCR),unhcr,0.0,0.0,3355.0,3295.0,-,120,0,0,0
United Nations Industrial Development Organization (UNIDO),unido,173.22,177.48,-,-,-,0,0,0,0
United Nations Joint Programme on HIV and AIDS Secretariat (UNAIDS),unaids,0.0,128.0,-,-,-,0,0,0,0
United Nations Office for Project Services (UNOPS),unops,1.0,0.0,1290.0,1614.0,-,0,0,0,0
United Nations Office for the Coordination of Humanitarian Affairs (OCHA),unocha,0.0,0.0,274.01,283.55,-,0,0,0,0
United Nations Office for the Coordination of Humanitarian Affairs (Specially-Designated Contributions),unocha-sdc,0.0,0.0,-,-,-,0,0,0,0
United Nations Population Fund,unfpa,820.18,798.58,960.0,-,-,85,0,0,0
United Nations World Food Programme (WFP),wfp,0.0,0.0,4996.0,-,-,0,0,0,0
United Purpose,cu,0.0,0.65,36.79,28.22,-,2,0,0,0
United States,unitedstates,9318.52,9127.49,11077.64,8986.77,-,102,0,0,0
United States Agency for International Development (USAID),usaid,18591.52,17720.47,-,-,-,0,0,0,0
United Work,united_work,0.0,0.0,-,-,-,0,0,0,0
Universitair Centrum voor Ontwikkelingssamenwerking,ucos,0.0,0.0,-,-,-,0,0,0,0
Universiteit Leiden,universiteit_leiden,0.0,0.0,-,-,-,0,0,0,0
University College London,ucl,0.0,0.0,-,-,-,0,0,0,0
University of Amsterdam,uva_org,0.0,0.0,-,-,-,0,0,0,0
University of Birmingham (Governance and Social Development Resource Centre),universityofbirmingham_gsdrc,0.0,0.0,-,-,-,0,0,0,0
University of Leeds,leedsuni,0.0,0.0,-,-,-,0,0,0,0
University of Nottingham,uni_of_nottingham,0.0,0.0,-,-,-,0,0,0,0
University Of Zimbabwe,1-uz,0.0,0.0,-,-,-,0,0,0,0
University Twente,utwente,0.0,0.0,-,-,-,0,0,0,0
Upper Quartile,uq,0.65,0.51,-,-,-,0,0,0,0
Urgent Action Fund for Women's Human Rights,uaf,0.0,0.0,-,-,-,0,0,0,0
Urgent Action Fund Latin America and the Caribbean,uafla,0.0,0.0,-,-,-,0,0,0,0
Urgent Action Fund-Africa,uaf-africa,0.0,0.0,-,-,-,0,0,0,0
UTZ,utz,0.0,0.0,-,-,-,0,0,0,0
UWEZO Youth Empowerment,uwezo_youth_empowerment,0.0,0.0,-,-,-,0,0,0,0
Varkey Foundation,varkeyfoundation,0.0,0.0,-,-,-,0,0,0,0
VEI (Vitens-Evides International),vei_nl,0.0,0.0,-,-,-,0,0,0,0
VETERINAIRES SANS FRONTIERES / DIERENARTSEN ZONDER GRENZEN - BELGIUM,vsfbelgium,0.0,0.0,-,-,-,0,0,0,0
VIA Don Bosco,via-db,0.0,0.0,-,-,-,0,0,0,0
Village Enterprise,villageenterprise,0.0,0.0,-,-,-,0,0,0,0
Vision Aid Overseas,vao,0.0,0.0,1.15,-,-,0,0,0,0
Vision for a Nation Foundation,vfan,0.0,0.0,1.01,-,-,0,0,0,0
VisionFund International,vfi,0.0,0.0,-,-,-,0,0,0,0
Viva,viva,0.0,0.0,1.89,-,-,0,0,0,0
Viva Salud,g3w-m3m_admin,0.0,0.0,-,-,-,0,0,0,0
Vlaamse Interuniversitaire Raad voor Universitaire Ontwikkelingssamenwerking (VLIR-UOS),vlir-uos,0.0,0.0,-,-,-,0,0,0,0
VNG International,vngi,0.0,0.64,-,-,-,0,0,0,0
Voluntary Health Association of India,vhai-org,0.0,0.0,-,-,-,0,0,0,0
Voluntary Service Overseas (VSO),vso,0.0,0.0,106.19,-,-,0,0,0,0
VVOB Education for Development,vvob,0.0,0.0,-,-,-,0,0,0,0
VVSG - Vereniging van Vlaamse Steden en Gemeenten,vvsg,0.0,0.0,-,-,-,0,0,0,0
Wageningen University & Research - Stichting Wageningen Research,wageningen_ur,0.0,0.0,-,-,-,0,0,0,0
War Child Canada,wcc,0.0,0.0,-,-,-,0,0,0,0
War Child Holland,warchildholland,2.92,5.3,36.85,-,-,8,0,0,0
War Child UK,wcuk,0.98,3.13,8.96,-,-,11,0,0,0
War on Want,waronwant,0.0,0.0,2.19,-,-,0,0,0,0
War on Want NI,wowni,0.14,0.12,0.68,-,-,21,0,0,0
WASH Alliance International,wai,0.0,0.0,-,-,-,0,0,0,0
WASTE advisers on urban environment and development,waste,0.0,0.0,-,-,-,0,0,0,0
Water & Sanitation for the Urban Poor (WSUP),wsup,0.41,0.0,-,-,-,0,0,0,0
Water Finance Facility,wff,0.0,0.0,-,-,-,0,0,0,0
Water for People,w4p,0.0,0.0,12.98,-,-,0,0,0,0
Water Integrity Network Association,win,0.0,0.0,-,-,-,0,0,0,0
Water Witness International,water-witness-international,0.26,0.38,-,-,-,0,0,0,0
Water Works,waterworks,0.0,0.04,0.03,0.09,-,44,0,0,0
WaterAid,wateraid,61.27,75.01,99.12,-,-,62,0,0,0
We Effect,weeffect,0.0,0.0,-,-,-,0,0,0,0
We World - GVC Onlus,ww-gvc,0.0,0.0,-,-,-,0,0,0,0
Welbodi Partnership,welbodipartnership,0.0,0.0,-,-,-,0,0,0,0
Wellfound,wellfound,0.0,0.14,0.2,-,-,70,0,0,0
Welthungerhilfe,whh,0.0,0.0,-,-,-,0,0,0,0
Wemos Foundation,wemos,0.0,0.0,-,-,-,0,0,0,0
Wereldsolidariteit-Solidarité Mondiale (WSM),wsm,0.0,0.0,-,-,-,0,0,0,0
Wetlands International,wi,0.0,0.0,-,-,-,0,0,0,0
Win Win Strategies,wws,0.0,0.0,-,-,-,0,0,0,0
Windle Trust Kenya,wtk,3.84,0.0,-,-,-,0,0,0,0
WNF Wereld Natuur Fonds,wnf,0.0,0.0,-,-,-,0,0,0,0
"WO=MEN, Dutch Gender Platform",wo-men,0.0,0.0,-,-,-,0,0,0,0
Wolayita Development Association,woda_0486,0.0,0.0,-,-,-,0,0,0,0
Womankind Worldwide,womankindworld,1.01,0.95,2.83,-,-,36,0,0,0
Women and Children First (UK),wcf,0.2,0.27,1.26,-,-,16,0,0,0
Women Environmental Programme,wep,0.0,0.0,-,-,-,0,0,0,0
Women for Women International (UK),wfwiuk,0.72,1.13,3.76,-,-,19,0,0,0
Women Peacemakers Program,wpp,0.0,0.0,-,-,-,0,0,0,0
Women's Action Group,wag-1983,0.0,0.0,-,-,-,0,0,0,0
Women's Environment & Development Organization,wedo,0.0,0.0,-,-,-,0,0,0,0
Women's Fund Asia,wf-asia,0.0,0.0,-,-,-,0,0,0,0
Women's Global Network on Reproductive Rights,wgnrr_iati,0.0,0.0,-,-,-,0,0,0,0
Women's Refugee Commission,w_r_c,0.0,0.0,-,-,-,0,0,0,0
World Agroforestry Centre,icraf_,9.98,8.81,-,-,-,0,0,0,0
World Association for Christian Communication (UK),wacc-uk,0.0,0.0,0.46,-,-,0,0,0,0
World Child Cancer UK,wccuk,0.06,0.08,2.44,-,-,2,0,0,0
World Economic Forum,worldeconomicforum,0.0,0.0,-,-,-,0,0,0,0
World Economic Forum Geneva,weforum_geneva,0.0,0.0,-,-,-,0,0,0,0
World Federalist Movement - Institute for Global Policy,wfm-igp,0.0,0.0,-,-,-,0,0,0,0
World Health Organization,who,0.0,0.0,-,-,-,0,0,0,0
World Resources Institute,wri,0.0,0.0,-,-,-,0,0,0,0
World University Service of Canada,wusc,6.97,7.28,26.27,-,-,27,0,0,0
World Vegetable Center,worldveg,0.0,1.0,-,-,-,0,0,0,0
World Vision International,wvi,0.0,0.0,2359.5,-,-,0,0,0,0
World Vision Netherlands,wvnld,0.0,0.0,-,-,-,0,0,0,0
World Vision Syria,wvsyria,0.0,0.0,-,-,-,0,0,0,0
World Vision UK,wvuk,0.06,0.0,97.83,-,-,0,0,0,0
World Vision Zimbabwe,wvz-gec,0.0,0.0,-,-,-,0,0,0,0
World Waternet,worldwaternet,0.0,0.0,-,-,-,0,0,0,0
World Wide Fund for Nature - Pakistan,wwfpakistan,0.0,0.17,6.23,-,-,3,0,0,0
World Wide Fund for Nature Belgium (WWF-BE),wwf-be,0.0,0.0,-,-,-,0,0,0,0
World Wide Fund for Nature Denmark,wwfdk,0.0,0.0,-,-,-,0,0,0,0
Worldwide Hospice Palliative Care Alliance,whpca,0.0,0.0,-,-,-,0,0,0,0
WWF Sweden,wwf-se,0.0,0.0,-,-,-,0,0,0,0
WWF-UK,wwf-uk,0.0,1.91,75.49,-,-,3,0,0,0
WYG International B.V.,wygi,5.73,4.86,-,-,-,0,0,0,0
Y Care International,ycare,0.37,0.65,-,-,-,0,0,0,0
YMCA of Liberia,libymca,0.0,0.0,-,-,-,0,0,0,0
Young Innovations Pvt. Ltd,yipl,0.0,0.0,-,-,-,0,0,0,0
Youth Business International,ybi,1.73,1.5,8.86,-,-,20,0,0,0
Youth Net and Counselling - YONECO,yoneco1997,0.0,0.0,-,-,-,0,0,0,0
YWCA of Bangladesh,ywcabd,0.0,0.0,-,-,-,0,0,0,0
Zambia Orphans Aid UK,zoa_uk,0.0,0.0,-,-,-,0,0,0,0
Zimbabwe Educational Trust,zet,0.04,0.03,0.05,-,-,80,0,0,0
Zimmerman & Zimmerman,zimmzimm,0.0,0.0,-,-,-,0,0,0,0
Zing,zing,0.25,0.14,1.25,-,-,20,0,0,0
ZOA,zoa,0.03,33.22,51.08,-,-,0,0,0,0
