Publisher Name,Publisher Registry Id,Current activities at the start of each year (2019),Current activities at the start of each year (2020),Current activities at the start of each year (2021),Current activities with budgets for each year (2019),Current activities with budgets for each year (2020),Current activities with budgets for each year (2021),Percentage of current activities with budgets (2019),Percentage of current activities with budgets (2020),Percentage of current activities with budgets (2021)
Aapasi Sahayog Kendra Syangja Nepal (ASK Nepal),ask,2,2,2,1,0,0,50,0,0
Aasaman Nepal,aasaman,0,0,0,0,0,0,-,-,-
ABAAD - Resource Center for Gender Equality,arcfge,2,2,2,0,0,0,0,0,0
Abaseen Foundation UK,abaseen,0,0,0,0,0,0,-,-,-
AbleChildAfrica,ablechildafrica,1,1,1,1,1,0,100,100,0
Abt Associates Inc,abt,2,2,2,0,0,0,0,0,0
Academy for Health Development (AHEAD),ahead,1,1,1,1,0,0,100,0,0
Académie de recherche et d'enseignement supérieur,ares,22,22,22,21,21,21,95,95,95
Access to Medicine Foundation,atmf,1,0,0,1,0,0,100,-,-
Access to Seeds Foundation,atsf,2,0,0,0,0,0,0,-,-
Accountability Lab,alab,1,1,1,0,0,0,0,0,0
Acid Survivors Foundation,_admin,1,1,1,0,0,0,0,0,0
ACODEV,acodev,5,5,5,5,5,5,100,100,100
Across,across,0,0,0,0,0,0,-,-,-
act4africa,act4africa,0,0,0,0,0,0,-,-,-
ACTED,acted,3,3,3,0,0,0,0,0,0
ACTION AGAINST HUNGER SPAIN,acfspain,1,1,0,1,1,0,100,100,-
Action Against Hunger UK,acf,10,10,3,6,4,1,60,40,33
ActionAid Denmark (Mellemfolkeligt Samvirke),aadk,2,2,2,0,0,0,0,0,0
ActionAid International,aai,19,19,19,0,0,0,0,0,0
ACTIONAID INTERNATIONAL KENYA,aaik,2,2,2,2,2,2,100,100,100
ActionAid Rwanda,aar,1,1,1,1,1,1,100,100,100
ActionAid UK,aauk,4,4,2,4,4,1,100,100,50
Acumen,acumen,0,0,0,0,0,0,-,-,-
Adam Smith International,asi,9,9,8,1,0,0,11,0,0
Adaptation Fund,af,28,28,28,0,0,0,0,0,0
ADD International (Action on Disability and Development),addinternational,7,7,6,1,0,0,14,0,0
Administração de Infra-Estruturas de Águas e Saneamento,aias,1,1,0,0,0,0,0,0,-
ADRA Denmark,adra-dk,2,2,2,2,2,2,100,100,100
ADRA-UK,adrauk,1,1,1,0,0,0,0,0,0
ADS-Nyanza,ads-nyanza,0,0,0,0,0,0,-,-,-
Adventist Development and Relief Agency (ADRA Somalia),adrasom,0,0,0,0,0,0,-,-,-
AECOM,aecom,26,26,26,1,1,1,4,4,4
Aeras,aeras,1,1,1,0,0,0,0,0,0
AFELT,afelt,2,2,2,0,0,0,0,0,0
AFEW International,afewinternational,1,1,0,0,0,0,0,0,-
Afghanaid,afghanaid,4,4,4,1,1,1,25,25,25
Afghanistan and Central Asian Association,acaa,0,0,0,0,0,0,-,-,-
Afghanistan Public Policy Research Organization (APPRO),appro-af,2,1,0,1,1,0,50,100,-
Africa Educational Trust,aet,2,2,2,0,0,0,0,0,0
Africalia,africalia,11,10,10,10,9,9,91,90,90
African Center for Economic Transformation (ACET),acet,3,3,3,0,0,0,0,0,0
African Centre for Global Health and Social Transformation,achest,7,7,0,7,6,0,100,86,-
African Development Bank,afdb,847,726,496,432,315,155,51,43,31
African Initiatives,ai_1064413,3,3,3,0,0,0,0,0,0
African Population and Health Research Center,aphrc,1,1,1,0,0,0,0,0,0
African Revival,africanrevival,1,1,1,0,0,0,0,0,0
African Women's Development Fund,awdf,10,10,0,0,0,0,0,0,-
Afrikagrupperna Sweden,afrikagrupperna,53,50,49,0,0,0,0,0,0
AfriKids,afrikids,0,0,0,0,0,0,-,-,-
Aga Khan Foundation (United Kingdom),akfuk73,2,2,2,0,0,0,0,0,0
Aga Khan Foundation Afghanistan,akf_afghanistan,3,3,2,0,0,0,0,0,0
AgDevCo,agdevco,119,119,119,0,0,0,0,0,0
Agence Française de Développement,afd,1434,1434,1434,0,0,0,0,0,0
Agence Nationale d'Approvisionnement en Eau Potable en Milieu Rural du Benin,anaepmr_benin,4,4,4,0,0,0,0,0,0
Agency for Cooperation and Research in Development (ACORD),acord,3,3,3,0,0,0,0,0,0
AgResults Initiative,agresults,4,4,3,0,0,0,0,0,0
AgriProFocus,agriprofocus,0,0,0,0,0,0,-,-,-
Agulhas Applied Knowledge,aak,1,1,1,1,0,0,100,0,0
Agência de Desenvolvimento do Vale do Zambeze,agencia_do_zambeze,1,1,1,0,0,0,0,0,0
AICS - Agenzia Italiana per la Cooperazione allo Sviluppo / Italian Agency for Cooperation and Development,aics,766,715,519,0,0,0,0,0,0
AidData,aiddata,686,686,686,0,0,0,0,0,0
Aids Fonds - STOP AIDS NOW! - Soa Aids Nederland,nl-kvk-41207989,84,76,27,5,0,0,6,0,0
AIDSPAN,aidspan,7,7,7,0,0,0,0,0,0
Ajuda de Desenvolvimento de Povo para Povo (ADPP),adpp,1,1,1,0,0,0,0,0,0
Aktis Strategy Ltd,aktis,2,2,2,0,0,0,0,0,0
Akvo Foundation,akvo,22,22,4,1,0,0,5,0,0
Alcis Holdings Limited,alcis,0,0,0,0,0,0,-,-,-
Alfalit,alfalit,1,1,1,0,0,0,0,0,0
All We Can (formerly Methodist Relief and Development Fund),allwecan,0,0,0,0,0,0,-,-,-
Alliance of Religions and Conservation,alliance_of_religions_and_conservation,1,1,1,0,0,0,0,0,0
American Friends Service Committee,afsc,1,1,1,1,1,1,100,100,100
Amnesty International The Netherlands,amnesty,12,10,0,0,0,0,0,0,-
Amnesty International UK Section Charitable Trust,aiuk,1,1,1,0,0,0,0,0,0
Amref Flying Doctors,amrefnl,21,17,7,11,6,1,52,35,14
Amref Health Africa - UK,amrefha,2,1,0,2,0,0,100,0,-
Amref Health Africa Headquarters,amrefhq,2,2,0,2,2,0,100,100,-
Amref Health Africa in Ethiopia,amrefeth,2,2,1,0,0,0,0,0,0
Amref Health Africa in Kenya,amrefkenya,2,2,0,1,1,0,50,50,-
Amref Health Africa in Tanzania,amreftz,2,2,1,2,0,0,100,0,0
Amref Health Africa in Uganda,amrefug,2,2,0,1,0,0,50,0,-
Amref Health Africa Malawi,amrefmw,3,3,1,0,0,0,0,0,0
Ananda Marga Universal Relief Team (AMURT) Africa,amurt_kenya,1,1,1,0,0,0,0,0,0
ANDA,anda,1,1,1,0,0,0,0,0,0
Anti-Slavery International,asil,3,3,3,2,2,0,67,67,0
APPRO-Europe,appro-eu,0,0,0,0,0,0,-,-,-
APT Action on Poverty,apt,1,1,0,1,1,0,100,100,-
Aqua for All,aqua4all,150,150,148,0,0,0,0,0,0
Arab foundation for freedoms and equality,afemena,3,3,0,0,0,0,0,0,-
ARK (Absolute Return for Kids),ark,0,0,0,0,0,0,-,-,-
Article19,art19,0,0,0,0,0,0,-,-,-
Asian Development Bank,asdb,600,557,379,593,549,374,99,99,99
Association Centrafricaine de Traduction de la Bible et Alphabetisation,acatba,1,1,1,0,0,0,0,0,0
Association for Cultural Technical and Educational Cooperation (ACTEC),actec,12,12,12,12,12,12,100,100,100
Association for Progressive Communication,apc,2,2,0,0,0,0,0,0,-
Association for Reproductive and Family Health,arfh,0,0,0,0,0,0,-,-,-
Association for Women's Rights in Development (AWID),awid,13,13,0,0,0,0,0,0,-
Association of Commonwealth Universities,acu,1,1,1,1,1,0,100,100,0
Association pour la Promotion de l'Education et de la Formation à l'Etranger,apefe,17,17,17,16,16,16,94,94,94
Atos IT Services Ltd,atosuk,3,3,3,0,0,0,0,0,0
Atradius Dutch State Business,adsb,33,33,33,0,0,0,0,0,0
Australia - Department of  Foreign Affairs and Trade,ausgov,1951,1796,1084,0,0,0,0,0,0
Auto-Développement Afrique (ADA),ada,2,2,2,2,2,2,100,100,100
Autre Terre asbl,a-t,6,6,6,6,6,6,100,100,100
Avanti Communications Plc,ava_admin,1,1,1,1,1,0,100,100,0
Avocats Sans Frontières,asf,6,6,6,6,6,6,100,100,100
AVSI FOUNDATION IN UGANDA,avsi_uganda,1,1,0,0,0,0,0,0,-
AVT-L Association of Victims of Terrorism Lebanon,avt-l,1,1,1,1,0,0,100,0,0
AWEPA,awepa,9,9,0,1,1,0,11,11,-
Babawatoto Centre For Children and Youth,bawacecy-tz,1,1,1,0,0,0,0,0,0
Backward Society Education (BASE),base_22,16,16,16,0,0,0,0,0,0
Bangladesh Nari Progati Sangha,bnps,1,0,0,1,0,0,100,-,-
BasicNeeds,basicneeds,6,6,6,1,1,0,17,17,0
Baylor College of Medicine Children's Foundation Malawi,bcm-cf,0,0,0,0,0,0,-,-,-
BBC Media Action,bbcmediaaction,10,10,2,0,0,0,0,0,0
BDO LLP,bdo,1,1,0,0,0,0,0,0,-
Bees Abroad UK,bauk,0,0,0,0,0,0,-,-,-
Bees for Development Trust,beesfordevelopment,0,0,0,0,0,0,-,-,-
Belgian development agency (Enabel),enabel,990,990,990,0,0,0,0,0,0
Belgian Development Cooperation,be-dgd,663,649,633,0,0,0,0,0,0
Benelux Afro Center,bac,4,4,4,4,4,4,100,100,100
Berytech Foundation,berytech,1,1,1,0,0,0,0,0,0
Beweging voor Internationale Solidariteit - Mouvement pour la Solidarité Internationale,bismsi,2,2,2,2,2,2,100,100,100
Bill & Melinda Gates Foundation,bmgf,1109,875,304,1109,875,0,100,100,0
Bioclimate Research and Development,bioclimate,0,0,0,0,0,0,-,-,-
Blue Ventures Conservation,blueventures,0,0,0,0,0,0,-,-,-
Bond,bond,1,1,1,1,0,0,100,0,0
BOS+ tropen,bos_plus_tropen,15,15,15,0,0,0,0,0,0
Both ENDS,bothends,12,12,0,0,0,0,0,0,-
BRAC,brac_admin2,1,1,0,0,0,0,0,0,-
BRAC International,bracintl,0,0,0,0,0,0,-,-,-
Brigham and Women's Hospital,bwh,0,0,0,0,0,0,-,-,-
British & Irish Agencies Afghanistan Group,baag,1,1,1,1,1,0,100,100,0
British Asian Trust,b_a_t,2,2,1,0,0,0,0,0,0
British Council,britishcouncil,10,9,8,2,1,1,20,11,13
British Red Cross,gb-chc-220949,5,5,5,0,0,0,0,0,0
Broederlijk Delen,bd,17,17,17,16,16,16,94,94,94
Brulocalis,brulocalis,5,5,5,5,5,5,100,100,100
BSR,bsr_admin,5,5,5,0,0,0,0,0,0
Bucks Community NGO,bucksfarm,1,1,1,0,0,0,0,0,0
Build Africa,buildafrica,2,2,2,1,1,1,50,50,50
Burns Violence Survivors - Nepal,bvs-nepal,1,1,1,0,0,0,0,0,0
C40 Cities Climate Leadership Group,c40cities,1,1,1,0,0,0,0,0,0
CABI,cabi,5,4,1,0,0,0,0,0,0
Camfed International,camfed,6,6,5,4,3,2,67,50,40
Canada - Global Affairs Canada | Affaires mondiales Canada,gac-amc,575,490,290,469,319,179,82,65,62
Canada - International Development Research Centre/Centre de recherches pour le développement international,idrccrdi,560,555,192,0,0,0,0,0,0
Canada Department of Finance / Ministère des Finances Canada,finance_canada,0,0,0,0,0,0,-,-,-
Canon Collins Trust,canoncollinstrust,0,0,0,0,0,0,-,-,-
Cardno Emerging Markets,cardnoem,5,5,2,0,0,0,0,0,0
CARE BENIN/TOGO,carebenintogo,0,0,0,0,0,0,-,-,-
CARE Danmark Fonden for Frivillig Ulandsbistand,12921047,1,1,1,0,0,0,0,0,0
CARE International Afghanistan,ciafg,1,1,1,0,0,0,0,0,0
CARE International in Zimbabwe,ciz,1,1,1,0,0,0,0,0,0
CARE International UK,ciuk,222,222,222,0,0,0,0,0,0
CARE Nederland,carenederland,26,23,1,0,0,0,0,0,0
CARE SOMALIA,csom1,3,3,2,0,0,0,0,0,0
Carers Worldwide,cww,0,0,0,0,0,0,-,-,-
Caribbean Development Bank (CDB),caribank,7,7,6,2,0,0,29,0,0
Caritas Denmark,caritas_denmark,2,2,2,0,0,0,0,0,0
Caritas Finland,caritasfin,2,2,1,0,0,0,0,0,0
Caritas International (Belgium),cibe,9,9,9,9,9,9,100,100,100
Caritas Serbia,caritas_serbia,0,0,0,0,0,0,-,-,-
Catholic Agency For Overseas Development (CAFOD),cafod,188,144,66,32,4,1,17,3,2
Catholic Relief Services,crs,5,5,2,3,2,1,60,40,50
CDA Collaborative Learning Projects,cda,4,4,4,0,0,0,0,0,0
CDC Group plc,cdc,146,146,146,0,0,0,0,0,0
Cecily's Fund,cecily,1,1,1,0,0,0,0,0,0
Center for Civilians in Conflict,civic_admin,2,2,2,1,0,0,50,0,0
Center for International Studies and Cooperation,ceci,1,1,1,1,1,0,100,100,0
Center for Research on Environment Health and Population Activities (CREHPA),crehpa,1,1,1,0,0,0,0,0,0
Centre For Citizens With Disabilities,ccdnigeria,0,0,0,0,0,0,-,-,-
Centre for Economic Policy Research,cepr,0,0,0,0,0,0,-,-,-
Centre for Indian Knowledge Systems,ciks,1,1,1,0,0,0,0,0,0
Centre for the Study of Adolescence,csa-kenya,0,0,0,0,0,0,-,-,-
Centre National de Coopération au Développement (CNCD-11.11.11),cncd,9,9,9,9,9,9,100,100,100
Centre Tricontinental - CETRI,ct-admin,4,4,4,4,4,4,100,100,100
Chama cha Uzazi na Malezi Bora Tanzania (UMATI),umati,0,0,0,0,0,0,-,-,-
Charity Projects Ltd (Comic Relief),cprojects,0,0,0,0,0,0,-,-,-
Chaîne de l'Espoir Belgique / Keten van Hoop België / Chain of Hope Belgium,cdeb-kvhb_admin,3,3,3,3,3,3,100,100,100
CHEKA SANA TANZANIA,cst,1,1,1,0,0,0,0,0,0
Chemonics International Inc.,chemonics,1,1,1,1,0,0,100,0,0
Child-to-Child,ctc,0,0,0,0,0,0,-,-,-
ChildFund International,childfund,0,0,0,0,0,0,-,-,-
ChildHope UK,childhopeuk,3,3,3,2,2,0,67,67,0
Children in Crisis,cic,0,0,0,0,0,0,-,-,-
CHOICE for Youth and Sexuality,cfyas,12,12,0,12,0,0,100,0,-
Christian Aid,caid,471,471,471,0,0,0,0,0,0
Christian Aid Ireland,caid_ireland,0,0,0,0,0,0,-,-,-
Christian Blind Mission (UK) Ltd.,cbm,1,1,1,0,0,0,0,0,0
Christian Engineers in Development,ced,0,0,0,0,0,0,-,-,-
CIFAL Scotland,cifal,0,0,0,0,0,0,-,-,-
CINI,cini_jhk,0,0,0,0,0,0,-,-,-
CISU,cisu,1,1,1,0,0,0,0,0,0
CIVICUS World Alliance for Citizen Participation,civicus,1,1,1,1,1,0,100,100,0
CLASP,clasp,2,2,2,0,0,0,0,0,0
Clean Clothes Campaign,ccc,3,3,1,0,0,0,0,0,0
Climate Investment Funds,cif,261,261,261,0,0,0,0,0,0
Climate Policy Initiative,cpi,1,1,1,0,0,0,0,0,0
Clinton Health Access Initiative,chai,2,2,1,1,1,0,50,50,0
CNV Internationaal,nl-kvk-54436222-27541,30,30,0,0,0,0,0,0,-
COC Nederland,cocnl_publisher,4,4,3,0,0,0,0,0,0
CODA International,coda,0,0,0,0,0,0,-,-,-
Coffey International Development,coffey,23,22,22,6,1,1,26,5,5
ColaLife,colalife,1,1,1,0,0,0,0,0,0
Collectif Stratégies Alimentaires,csa,6,6,6,6,6,6,100,100,100
Comité pour l'abolition des dettes illégitimes,cadtm,3,3,3,3,3,3,100,100,100
COMMISSION JUSTICE ET PAIX ASBL (cjp),cjp,2,2,2,2,2,2,100,100,100
Commune de Adja-Ouere - Bénin,adja-ouere,1,1,1,0,0,0,0,0,0
Commune de Adjarra - Bénin,adjarra,1,1,1,0,0,0,0,0,0
Commune de Adjohoun - Bénin,adjohoun,1,1,1,0,0,0,0,0,0
Commune de Akpro-Missérété - Bénin,akpro-misserete,1,1,1,0,0,0,0,0,0
Commune de Allada - Bénin,allada,1,1,1,0,0,0,0,0,0
Commune de Aplahoué - Bénin,aplahoue,1,1,1,0,0,0,0,0,0
Commune de Avrankou - Bénin,avrankou,1,1,1,0,0,0,0,0,0
Commune de Bopa - Bénin,bopa,1,1,1,0,0,0,0,0,0
Commune de Comè - Bénin,come,1,1,1,0,0,0,0,0,0
Commune de Dangbo - Benin,dangbo,1,1,1,0,0,0,0,0,0
Commune de Ifangni - Bénin,ifangni,1,1,1,0,0,0,0,0,0
Commune de Klouékanmè - Bénin,klouekanme,1,1,1,0,0,0,0,0,0
Commune de Kpomassè - Bénin,kpomasse,1,1,1,0,0,0,0,0,0
Commune de Kétou - Bénin,ketou,1,1,1,0,0,0,0,0,0
Commune de Lalo - Bénin,lalo,1,1,1,0,0,0,0,0,0
Commune de Parakou - Bénin,parakou,1,1,1,0,0,0,0,0,0
Commune de Pobè - Bénin,pobe,1,1,1,0,0,0,0,0,0
Commune de Toffo - Bénin,toffo,1,1,1,0,0,0,0,0,0
Commune de Toviklin - Bénin,toviklin,1,1,1,0,0,0,0,0,0
Commune de Zè - Bénin,ze,1,1,1,0,0,0,0,0,0
Concern Worldwide,concern_worldwide,9,8,6,6,4,3,67,50,50
Concern Worldwide UK,concernuk,9,8,6,6,4,3,67,50,50
Conciliation Resources,cr,4,4,3,1,0,0,25,0,0
Concordis International,concordis,1,1,1,1,1,1,100,100,100
Conflict Dynamics International,cdi,1,1,1,0,0,0,0,0,0
Congodorpen vzw,congodorpen,5,5,5,5,5,5,100,100,100
Construction Sector Transparency Initiative (CoST),cost_uk,30,30,30,0,0,0,0,0,0
Coopération par l'Education et la Culture,cec,2,2,2,2,2,2,100,100,100
Cord,cord,0,0,0,0,0,0,-,-,-
Cordaid,cordaid,5,5,4,0,0,0,0,0,0
Cowater International Inc,cowater,1,1,1,0,0,0,0,0,0
COWI,cowi,3,3,2,1,1,0,33,33,0
CRANE,crane,1,1,1,0,0,0,0,0,0
CREA,creausa-org,15,13,0,1,1,0,7,8,-
Croix-Rouge de Belgique Communauté francophone - Activités internationales ASBL,crb-ai_admin,11,11,11,11,11,11,100,100,100
Crown Agents Limited,cal,5,5,4,4,3,1,80,60,25
CUAMM Trustees,cuammtrustees,0,0,0,0,0,0,-,-,-
Cyan International,cyan,1,1,1,1,1,0,100,100,0
DAI Europe,dai-e,15,15,9,11,6,4,73,40,44
DAI Global Health,healthpartners-international,1,1,0,0,0,0,0,0,-
Damiaanactie / Action Damien,damien-foundation,8,8,8,8,8,8,100,100,100
dance4life,dance4life,8,8,0,0,0,0,0,0,-
DanChurchAid,dca,8,7,2,5,4,0,63,57,0
Danish Family Planning Association,dfpa,1,1,1,0,0,0,0,0,0
Danish Red Cross,danishrc,2,2,2,0,0,0,0,0,0
Danish Refugee Council,drc,6,6,4,3,0,0,50,0,0
Danmission,danmission,1,1,1,1,1,1,100,100,100
Dansk Missionråds Udviklingsafdeling,dmru,2,2,2,2,0,0,100,0,0
Data4Development,d4d,1,0,0,0,0,0,0,-,-
David Gordon Memorial Hospital,dgmh,1,1,1,1,1,0,100,100,0
Dawuro Development Association,dawuro_da,1,1,1,0,0,0,0,0,0
DECP,decp,0,0,0,0,0,0,-,-,-
Defence for Children International Netherlands - ECPAT Netherlands,dciecpatnl,11,11,0,11,11,0,100,100,-
Delivery Associates Ltd,delivery_associates,0,0,0,0,0,0,-,-,-
Deloitte Touche Tohmatsu India LLP,dttillp,1,1,0,0,0,0,0,0,-
Democracy Reporting International gGmbH,dri,0,0,0,0,0,0,-,-,-
Democratic Governance Facility,dgf,3,3,3,3,3,3,100,100,100
Denmark - Ministry of Foreign Affairs,danida,4908,4908,4875,583,352,90,12,7,2
Desmond Tutu HIV Foundation,dthfxx12,4,4,4,0,0,0,0,0,0
Development Aid from People to People (DAPP) Malawi,dapp,3,3,3,0,0,0,0,0,0
Development Initiatives Poverty Research,dipr,25,8,4,0,0,0,0,0,0
Development Organisation of the Rural Poor,dorp-org,1,0,0,1,0,0,100,-,-
Developments In Literacy Trust UK,diltuk,0,0,0,0,0,0,-,-,-
Diakonia Sweden,diakonia802017-3517,345,335,0,345,0,0,100,0,-
Digital Campus,dc,0,0,0,0,0,0,-,-,-
Direcção Provincial de Saúde de Nampula,dps-nampula,0,0,0,0,0,0,-,-,-
Disability and Development Partners,ddp,6,6,6,2,2,2,33,33,33
Disability Rights Advocacy Fund,draf,0,0,0,0,0,0,-,-,-
Disability Rights Fund,drf,0,0,0,0,0,0,-,-,-
Disabled People's Organisations Denmark,dpod,1,1,1,1,0,0,100,0,0
Disasters Emergency Committee,dec-uk,1,1,0,1,0,0,100,0,-
"Discovery Learning Alliance, Inc.",dla,1,1,0,1,0,0,100,0,-
Djapo VZW,djapo,2,2,2,2,2,2,100,100,100
DKT - (Pakistan),dkt,1,1,1,0,0,0,0,0,0
DNH Mali (Direction Nationale de l’Hydraulique du Mali),pca-gire,0,0,0,0,0,0,-,-,-
Doctors of the World UK,dotw_uk,0,0,0,0,0,0,-,-,-
Dorcas Aid International,dai,6,3,3,3,0,0,50,0,0
DUF - The Danish Youth Council,duf,1,1,1,0,0,0,0,0,0
Dynamo International asbl,dynamo_international,2,2,2,2,2,2,100,100,100
Défi Belgique Afrique,dba,3,3,3,3,3,3,100,100,100
Dóchas - Irish Association of Non Governmental Development Organisations,dochas,22,22,22,0,0,0,0,0,0
ECDPM,ecdpm,0,0,0,0,0,0,-,-,-
Echos Communication,ec,7,7,7,7,7,7,100,100,100
Eclosio,eclosio,11,11,11,10,10,10,91,91,91
Economic and Social Research Foundation (ESRF),esrf,1,1,1,0,0,0,0,0,0
Ecorys Nederland B.V.,ecorysnl,1,1,0,0,0,0,0,0,-
Ecorys UK,ecuk,3,3,3,0,0,0,0,0,0
Educate!,educate,0,0,0,0,0,0,-,-,-
Education Development Trust,edt_kenya,1,1,1,0,0,0,0,0,0
EDUCATION DEVELOPMENT TRUST - RWANDA,edt_rwanda,1,1,1,1,1,0,100,100,0
Edukans Foundation,edukans_foundation,27,15,4,16,4,3,59,27,75
Emmanuel International UK,eiuk,0,0,0,0,0,0,-,-,-
EMMS International,emms,0,0,0,0,0,0,-,-,-
Energy 4 Impact,e4i,1,1,1,0,0,0,0,0,0
Energy Saving Trust,energy_saving_trust,1,1,1,1,1,1,100,100,100
Enfance Tiers Monde Kinderen Derde Wereld,etmkdw,6,6,6,5,5,5,83,83,83
EngenderHealth Ethiopia,engenderhealth_eth,3,3,3,0,0,0,0,0,0
Engineers Without Borders Canada,ewb_canada,4,4,4,0,0,0,0,0,0
Enhanced Integrated Framework,eif,14,10,1,0,0,0,0,0,0
Entraide et Fraternité,ef_,12,12,12,11,11,11,92,92,92
equileap,equileap,1,1,1,0,0,0,0,0,0
Ethical Trading Initiative,eti,8,8,8,0,0,0,0,0,0
Ethiopiaid UK,ethiopiaiduk,30,30,30,0,0,0,0,0,0
Ethiopian Horticulture Producer Exporters Association (EHPEA),ehpea,0,0,0,0,0,0,-,-,-
European Bank for Reconstruction and Development,ebrd,546,546,519,0,0,0,0,0,0
European Commission - Directorate-General for International Cooperation and Development,ec-devco,6044,5700,4073,4030,2972,1,67,52,0
European Commission - Humanitarian Aid & Civil Protection,ec-echo,317,213,12,228,113,4,72,53,33
European Commission - Neighbourhood and Enlargement Negotiations,ec-near,2759,2588,1741,1835,1537,759,67,59,44
European Commission - Service for Foreign Policy Instruments,ec-fpi,371,356,269,16,7,1,4,2,0
European Institute of Peace,eip,5,5,5,0,0,0,0,0,0
European Investment Bank,eib,395,393,384,395,0,0,100,0,0
European Journalism Centre,ejc,5,5,5,5,1,0,100,20,0
EveryChild,evc,0,0,0,0,0,0,-,-,-
Excellent Development,excellent,0,0,0,0,0,0,-,-,-
Exeter Ethiopia Link,eel,0,0,0,0,0,0,-,-,-
Fair Wear Foundation,fwf,11,11,0,0,0,0,0,0,-
Fairfood International,fairfood,1,1,1,0,0,0,0,0,0
Fairtrade Belgium,fairtrade_be,3,3,3,3,3,3,100,100,100
Fairtrade Labelling Organizations International e.V.,fairtrade_international,0,0,0,0,0,0,-,-,-
Family Aids Caring Trust,fact,1,1,1,0,0,0,0,0,0
Family Life Education Program,flepuganda,0,0,0,0,0,0,-,-,-
Farm Africa,fa,2,2,2,2,2,1,100,100,50
Farm Concern International,fci,1,1,1,1,1,1,100,100,100
Fauna & Flora International,ffi_publisher,0,0,0,0,0,0,-,-,-
Federation of Women Lawyers Kenya,fida,1,1,0,0,0,0,0,0,-
Feed the Minds,ftm-291333,0,0,0,0,0,0,-,-,-
FHI360,fhi360,0,0,0,0,0,0,-,-,-
Fiabel,fiabel,5,5,5,5,5,5,100,100,100
FIAN Belgium,fian-belgium,4,4,4,4,4,4,100,100,100
Find Your Feet,fyf,1,1,1,0,0,0,0,0,0
Finland - Ministry of Foreign Affairs,finland_mfa,1054,903,650,662,437,213,63,48,33
FMO,fmo,0,0,0,0,0,0,-,-,-
FONCABA ASBL KBA VZW,foncaba,4,4,4,3,3,3,75,75,75
Fondo Centroamericano de Mujeres,fcam,6,6,0,0,0,0,0,0,-
Fonds voor Ontwikkelingssamenwerking - Socialistische Solidariteit VZW,fos,14,14,14,14,14,14,100,100,100
Food and Agriculture Organization of the United Nations (FAO),fao,919,651,226,92,0,0,10,0,0
Food for the Hungry UK,fh,2,2,2,1,1,1,50,50,50
Forests Monitor,fm,0,0,0,0,0,0,-,-,-
Forum Universitaire pour la Coopération Internationale au Développement -FUCID ASBL,fucid,6,6,6,5,5,5,83,83,83
France - Ministry for Europe and Foreign Affairs,france,370,350,342,0,0,0,0,0,0
FRANK Water,frankwater,0,0,0,0,0,0,-,-,-
Free a Girl,freeagirl,1,1,0,1,1,0,100,100,-
Free Press Unlimited,free_press_unlimited,9,9,1,2,1,0,22,11,0
Freedom Forum,ff,0,0,0,0,0,0,-,-,-
Friends of Kipkelion,kipkelion,0,0,0,0,0,0,-,-,-
Friends of Publish What You Fund,friendsofpwyf,2,2,2,0,0,0,0,0,0
"Friends of the Earth England, Wales and Northern Ireland",foe_ewni,0,0,0,0,0,0,-,-,-
Friends of the Earth International,foei,3,3,0,3,1,0,100,33,-
Friends of the Earth-Ghana,foe-ghana,1,1,1,0,0,0,0,0,0
Frontline AIDS,f-aids,16,16,6,8,8,0,50,50,0
Fundacion Acceso,fundacion-acceso,0,0,0,0,0,0,-,-,-
Fundación Fondo Mujeres del Sur,fms,5,5,4,0,0,0,0,0,0
Fundación Oriéntame,orientame,1,1,1,0,0,0,0,0,0
Fundo de Investimento e Patrimonio do Abastecimento de Água (FIPAG),fipag,1,1,1,0,0,0,0,0,0
GAVI Alliance,gavi,595,284,132,508,244,119,85,86,90
GEMS Education Solutions,mgcubed,0,0,0,0,0,0,-,-,-
Gender Links,gl,6,6,6,0,0,0,0,0,0
Geneva Centre for the Democratic Control of Armed Forces (DCAF),dcaf,5,5,3,2,1,0,40,20,0
Geneva International Centre for Humanitarian Demining,gichd,3,3,0,0,0,0,0,0,-
GEOMOUN ASBL,geomoun,4,4,4,4,4,4,100,100,100
Germany - Federal Foreign Office,fo_germany,225,110,15,225,78,13,100,71,87
Germany - Ministry for Economic Cooperation and Development,bmz,2293,1919,1259,1283,946,507,56,49,40
Girls Not Brides: The Global Partnership to End Child Marriage,girlsnotbrides,1,1,0,0,0,0,0,0,-
Girls’ Education Challenge – Fund Manager PwC,gecfundmanagerpwc,0,0,0,0,0,0,-,-,-
Giro555 (Stichting Samenwerkende Hulporganisaties),giro555,1,1,0,1,0,0,100,0,-
GiveDirectly,givedirectly,0,0,0,0,0,0,-,-,-
Global Action Nepal,gan,0,0,0,0,0,0,-,-,-
Global Alliance for TB Drug Development,tb-a,2,2,2,0,0,0,0,0,0
Global Canopy,globalcanopy,1,1,1,1,1,0,100,100,0
Global Focus,globaltfokus,1,1,1,0,0,0,0,0,0
Global Green Growth Institute (GGGI),gggi,3,1,1,0,0,0,0,0,0
Global Innovation Fund,gif,27,25,20,0,0,0,0,0,0
Global Integrity,globalintegrity,0,0,0,0,0,0,-,-,-
Global Network of People Living with HIV (GNP+),gnpplus,7,7,7,0,0,0,0,0,0
Global Network of Sex Work Projects (NSWP),nswp,2,2,0,2,0,0,100,0,-
Global Partnership for Education,gpe,0,0,0,0,0,0,-,-,-
Global Rights Compliance,grc2018,8,8,8,1,0,0,13,0,0
GlobalGiving.org,globalgiving,4901,4901,4901,0,0,0,0,0,0
GOAL,goal,2,2,2,0,0,0,0,0,0
GOGLA - Global Off-Grid Lighting Association,gogla,0,0,0,0,0,0,-,-,-
GPPAC Foundation,gppac,5,5,0,0,0,0,0,0,-
Groupe Pivot Santé Population,gpsp-org,2,2,2,0,0,0,0,0,0
Grow Movement,growmovement_admin,2,2,2,0,0,0,0,0,0
Guttmacher Institute,guttmacher,1,1,1,0,0,0,0,0,0
Habitat for Humanity Great Britain,hfhgb,0,0,0,0,0,0,-,-,-
Hagar International UK,hagar_uk,0,0,0,0,0,0,-,-,-
Haiti Hospital Appeal,hha,0,0,0,0,0,0,-,-,-
Hand in Hand International,handinhand,1,1,1,0,0,0,0,0,0
Handicap International,hifed,0,0,0,0,0,0,-,-,-
Handicap International Belgique,hib,13,13,12,13,13,11,100,100,92
Handicap International UK,hiuk,7,7,5,4,3,0,57,43,0
HE Foundation,hefoundation,1,1,0,1,0,0,100,0,-
Health Poverty Action,hpa,1,1,0,0,0,0,0,0,-
HealthNet TPO,healthnet,2,0,0,2,0,0,100,-,-
HealthProm,hp_12,1,1,1,1,0,0,100,0,0
Heartland Alliance International,ha-i,1,1,1,1,0,0,100,0,0
Heifer International South Africa,hsa,1,1,1,0,0,0,0,0,0
Heifer Nederland,heifernederland,3,2,0,0,0,0,0,0,-
HelpAge International,helpage_international,20,17,5,18,9,2,90,53,40
HelpAge International UK,ageintl,1,1,1,0,0,0,0,0,0
Helvetas Swiss Intercooperation,hsi,1,1,1,1,1,0,100,100,0
HiiL innovating Justice,hiil_mfa,7,7,7,0,0,0,0,0,0
Hilfswerk Austria Zimbabwe,hwa-zm,0,0,0,0,0,0,-,-,-
Hivos,stichting_hivos,2,2,2,0,0,0,0,0,0
Homeless International,hi,0,0,0,0,0,0,-,-,-
Hope and Homes for Children,hhc,1,1,1,1,1,0,100,100,0
Hope for Children,hfc,1,1,1,1,1,0,100,100,0
Horizons for Green Development,horizons,0,0,0,0,0,0,-,-,-
Hospice Africa Ltd,hauk,1,1,1,0,0,0,0,0,0
HTSPE,htspe,1,1,1,0,0,0,0,0,0
Human Relief Foundation,hrf,0,0,0,0,0,0,-,-,-
I Choose Life Africa,ke-ngc-3372,1,1,1,0,0,0,0,0,0
ICA:UK,icauk,1,1,1,0,0,0,0,0,0
ICCO Cooperation,icco-cooperation,0,0,0,0,0,0,-,-,-
ICF Consulting Services Ltd,icf,2,2,2,1,1,1,50,50,50
ICS,ics,0,0,0,0,0,0,-,-,-
IDEO.org,ideo_org,1,1,1,0,0,0,0,0,0
"IDH, the Sustainable Trade Initiative",idh,22,22,14,0,0,0,0,0,0
IDinsight,idinsight,3,3,2,0,1,0,0,33,0
IFOAM - Organics International,ifoam,39,39,39,0,0,0,0,0,0
IHE Delft Institute for Water Education,ihedelft,1,1,1,1,1,0,100,100,0
Iles de Paix,idp,7,6,6,7,6,6,100,100,100
IMC WORLDWIDE,imcw_admin,9,9,8,2,0,0,22,0,0
Index Initiative Foundation,iif,0,0,0,0,0,0,-,-,-
Indigo Trust,indtrust,2,2,1,0,0,0,0,0,0
Instiglio,instiglio,1,1,1,0,0,0,0,0,0
Institut de Formation Syndical International - Internationaal Syndicaal Vormingsinstituut,ifsi_isvi,17,17,17,17,17,17,100,100,100
"Institut National de l'Eau, Benin",ine_benin,1,1,1,0,0,0,0,0,0
Institute for International Workers Education,iiwe,4,4,4,4,4,4,100,100,100
Institute for Security Studies,issafrica,1,1,0,1,1,0,100,100,-
Institute for War & Peace Reporting,iwpr,8,8,8,0,0,0,0,0,0
Institute of Development Studies,ids,5,5,5,2,2,1,40,40,20
Institute of Tropical Medicine,itm,16,16,16,16,16,16,100,100,100
Integrity Action,integrity_action,4,4,2,1,1,1,25,25,50
Integrity Research and Consultancy Ltd,integrity,0,0,0,0,0,0,-,-,-
Inter-American Development Bank,iadb,369,344,235,214,172,117,58,50,50
Interact Worldwide,iww_publish,0,0,0,0,0,0,-,-,-
InterAction,interaction,1,1,0,0,0,0,0,0,-
InterAction's NGO Aid Map,ia_nam,646,519,171,0,0,0,0,0,0
interburns,interburns,0,0,0,0,0,0,-,-,-
InterClimate Network,icn,1,1,1,0,0,0,0,0,0
International Alert,international-alert,1,1,1,0,0,0,0,0,0
International Bureau of Fiscal Documentation (IBFD),ibfd,0,0,0,0,0,0,-,-,-
International Center for Not-for-Profit Law,icnl_org,5,5,5,0,0,0,0,0,0
International Centre of Insect Physiology and Ecology (icipe),icipe,11,11,8,8,0,0,73,0,0
International Child Development Initiatives,icdi,1,1,0,0,0,0,0,0,-
International Climate Initiative / BMU - IKI Secretariat,bmu_iki,178,159,93,0,0,0,0,0,0
International Committee of the Red Cross (ICRC),icrc,71,0,0,70,0,0,99,-,-
International Development Law Organization (IDLO),idlo,39,34,7,0,0,0,0,0,0
International Federation of Accountants,ifac,3,3,2,0,0,0,0,0,0
International Federation of the Red Cross and Red Crescent (IFRC),ifrcrcs,66,49,28,11,0,0,17,0,0
International Fertilizer Development Center,ifdc-us,3,3,2,0,0,0,0,0,0
International Finance Corporation,ifcwbg,5167,5167,5167,0,0,0,0,0,0
International Fund for Agricultural Development (IFAD),ifad,33,25,13,0,0,0,0,0,0
International IDEA,idea,0,0,0,0,0,0,-,-,-
International Indigenous Women Forum,fimi_iiwf_2019,3,3,2,0,0,0,0,0,0
International Initiative for Impact Evaluation,3ie,0,0,0,0,0,0,-,-,-
International Labour Organization (ILO),ilo,119,69,27,0,0,0,0,0,0
International Media Support,ims,1,1,1,1,0,0,100,0,0
International Medical Corps UK,imc_uk,5,5,3,3,2,0,60,40,0
International Monetary Fund,imf,28,28,5,27,3,3,96,11,60
International Network for Bamboo and Rattan (INBAR),inbar,17,17,17,0,0,0,0,0,0
International Network for the Availability of Scientific Publications,inasp,1,1,1,1,1,1,100,100,100
International Network of People who Use Drugs (INPUD),inpud_admin,5,5,5,0,0,0,0,0,0
International NGO Safety Orgnisation,inso,4,3,3,2,0,0,50,0,0
International Organization for Migration (IOM),iom,241,174,36,39,0,0,16,0,0
International Planned Parenthood Federation,ippf,6,6,1,5,5,0,83,83,0
International Procurement Agency,ipa,16,16,16,0,0,0,0,0,0
International Rescue Committee UK,irc_uk,5,5,5,0,0,0,0,0,0
International Service,unais,0,0,0,0,0,0,-,-,-
International Trade Centre (ITC),itc,22,21,13,22,18,7,100,86,54
International Treatment Preparedness Coalition (ITPC),itpc,2,0,0,1,0,0,50,-,-
International Union for Conservation of Nature and Natural Resources,iucn,0,0,0,0,0,0,-,-,-
International Women's Development Agency,iwda,5,5,0,0,0,0,0,0,-
Internews Europe,ieu,0,0,0,0,0,0,-,-,-
Interpeace,interpeace,0,0,0,0,0,0,-,-,-
IntraHealth International,intrahealth,1,0,0,0,0,0,0,-,-
IOD PARC,iodparc,0,0,0,0,0,0,-,-,-
iPartner India,ip-india,0,0,0,0,0,0,-,-,-
Ipas,ipas,2,2,2,2,1,1,100,50,50
IPE Global Limited,ipeglobal,4,4,1,2,2,1,50,50,100
Iraq Foundation,iraq_foundation,0,0,0,0,0,0,-,-,-
IRC,irc,18,18,10,0,0,0,0,0,0
Ireland - Department of Foreign Affairs and Trade,irishaid,0,0,0,0,0,0,-,-,-
IREX (International Research and Exchange Board),suhanajjar,5,5,5,0,0,0,0,0,0
"Iringa Development of Youth, Disabled and Children Care",idydc,1,1,1,0,0,0,0,0,0
Irise International,irise_int,1,1,0,1,1,0,100,100,-
Irrawaddy Policy Exchange,ipe,1,1,1,1,1,1,100,100,100
Islamic Relief Worldwide,irw,1,1,0,1,0,0,100,0,-
Itad,itad,6,6,6,1,1,1,17,17,17
ITECO - Centre de formation pour le développement,iteco,3,3,3,3,3,3,100,100,100
IUCN Nederlands Comité,iucn_nl,30,30,0,30,30,0,100,100,-
Japan International Cooperation Agency (JICA),jica,2476,2476,2476,0,0,0,0,0,0
Jeevika Trust,jeevika_trust,0,0,0,0,0,0,-,-,-
Johns Hopkins University,gi-jhu,0,0,0,0,0,0,-,-,-
Joshua Orphan and Community Care,jocc_uk,1,1,1,1,1,0,100,100,0
Just Associates,jass,13,13,0,0,0,0,0,0,-
Kadaster International,kad,5,5,5,1,1,0,20,20,0
Karuna Mission Social Solidarity - KMSS,kmss,1,1,1,1,1,0,100,100,0
Karuna Trust,karuna,1,1,1,0,0,0,0,0,0
Kepa ry,kepa,0,0,0,0,0,0,-,-,-
Kesho Kenya,kesho_kenya,1,1,1,0,0,0,0,0,0
King Salman Humanitarian Aid and Relief Centre,ksrelief291,1,1,1,1,0,0,100,0,0
Kisumu Medical and Education Trust,kmet,0,0,0,0,0,0,-,-,-
KIYO,kiyo,10,10,10,10,10,10,100,100,100
Koepel van de Vlaamse Noord-Zuidbeweging 11.11.11 VZW,111111_publisher,16,16,16,16,16,16,100,100,100
Koninklijk Nederlands Meteorologisch Instituut,knmi,1,0,0,0,0,0,0,-,-
KPMG East Africa,kpmgea,3,3,3,2,1,0,67,33,0
KPMG LLP,kpmgllp,1,1,1,0,0,0,0,0,0
KwaAfrica,kwaafrica,1,1,1,0,0,0,0,0,0
LAMB Health Care Foundation,lhcf,1,1,1,0,0,0,0,0,0
Landell Mills,landell-mills,1,1,1,1,0,0,100,0,0
Le Monde selon les femmes asbl,mondefemmes,8,8,8,8,7,8,100,88,100
LEAD International,lead_international,0,0,0,0,0,0,-,-,-
Learning for Life,learningforlife,0,0,0,0,0,0,-,-,-
Leonard Cheshire Disability,lcd_admin,2,2,2,0,0,0,0,0,0
Lepra,lepra,3,3,0,3,0,0,100,0,-
Light For The World Belgium,lftw-be,6,6,6,6,6,6,100,100,100
LIGHT FOR THE WORLD The Netherlands,lftwnl,1,1,0,0,0,0,0,0,-
Link Community Development International,lcdi_admin,2,2,2,2,2,2,100,100,100
Link Community Development Scotland,lcds,0,0,0,0,0,0,-,-,-
"Lithuania, Ministry of Foreign Affairs",lithuania_mfa,85,85,85,0,0,0,0,0,0
Lively Minds,livelyminds,0,0,0,0,0,0,-,-,-
Liverpool School of Tropical Medicine,lstm,3,3,3,1,0,0,33,0,0
Living Earth Foundation,livingearth12,3,3,3,0,0,0,0,0,0
living peace institute,lpi,0,0,0,0,0,0,-,-,-
LIWA programme trust,liwa-admin,1,1,1,0,0,0,0,0,0
Local Development and Small Projects Support,ldsps,0,0,0,0,0,0,-,-,-
Louvain Coopération,lc,19,19,19,19,19,19,100,100,100
LTS International Limited,lts,2,2,2,1,1,0,50,50,0
MADE in Europe,mie-1134415,1,1,1,0,0,0,0,0,0
MAG,mag,6,6,6,3,3,0,50,50,0
Magariro,magariro,0,0,0,0,0,0,-,-,-
Mainline,mainline,4,4,0,3,3,0,75,75,-
Malaria Consortium,malariaconsortium,41,41,19,0,0,0,0,0,0
Mama Cash,mamac,31,31,0,0,0,0,0,0,-
MAMTA - Health Institute for Mother and Child,mamta_himc,1,1,1,0,0,0,0,0,0
MannionDaniels,manniondaniels,74,74,74,0,0,0,0,0,0
Manx Times,manxtimes,1,1,1,0,0,0,0,0,0
MapAction,mapaction,1,1,1,0,0,0,0,0,0
Marie Stopes International,msi,8,7,3,7,5,3,88,71,100
marysmeals,marysmeals,0,0,0,0,0,0,-,-,-
Mastercard Foundation,mastercard-foundation,0,0,0,0,0,0,-,-,-
Max Foundation,max-foundation,1,1,1,1,1,0,100,100,0
Maxwell Stamp PLC,mstamp,1,1,0,0,0,0,0,0,-
McKinsey & Company,mck,1,1,1,0,0,0,0,0,0
MDF Global,mdf,3,3,0,0,0,0,0,0,-
Medair,medair,1,1,1,0,0,0,0,0,0
Medecins du Monde Belgique - Dokters van de Wereld Belgïe,medecins,8,8,8,8,8,7,100,100,88
Medecins du Monde France,mdm-fr,1,1,1,1,0,0,100,0,0
"Medical Research Centre (MRC), Sierra Leone",mrc-sierra-leone,0,0,0,0,0,0,-,-,-
Memisa,memisa,8,8,8,8,8,8,100,100,100
Meningitis Research Foundation,mrf,0,0,0,0,0,0,-,-,-
Mensen met een Missie,mm1,3,2,2,3,1,1,100,50,50
Mercy Corps Europe,mce,6,6,4,6,3,2,100,50,50
Mercy Corps Global,mcg,0,0,0,0,0,0,-,-,-
Mercy Corps Netherlands,mcn,1,1,0,1,1,0,100,100,-
MICAIA,mic-uk,2,2,2,0,0,0,0,0,0
Micro Insurance Academy,mia_india,0,0,0,0,0,0,-,-,-
MicroLoan Foundation,mlf,0,0,0,0,0,0,-,-,-
Miel Maya Honing asbl,mmha,8,8,8,8,8,8,100,100,100
Mifumi UK,mifumi_uk,0,0,0,0,0,0,-,-,-
Milieudefensie,foenl,8,8,0,3,3,0,38,38,-
Millennium Challenge Corporation,millenniumchallenge,280,280,116,0,0,0,0,0,0
Ministry of Foreign Affairs of  Japan,mofa-jpn,76,74,69,0,0,0,0,0,0
Ministry of Foreign and European Affairs of the Slovak Republic,slovakaid,37,35,32,0,0,0,0,0,0
Ministère de l'Economie et des Finances du Bénin,mefbenin,2,2,2,0,0,0,0,0,0
Mission Øst,missioneast,1,1,1,0,0,0,0,0,0
Mondiaal FNV,mondiaalfnv,14,14,0,3,0,0,21,0,-
mothers2mothers,m2m_sa,0,0,0,0,0,0,-,-,-
Motivation,motivation,1,1,0,1,0,0,100,0,-
Mott MacDonald Limited,mml,12,11,9,0,0,0,0,0,0
Mukisa Foundation,mukisa_foundation,1,1,1,0,0,0,0,0,0
Mulanje Mission Hospital,mmh,1,1,1,1,1,1,100,100,100
Multilateral Investment Fund,fomin,240,231,138,1,0,0,0,0,0
Musalaha Ministry of Reconciliation,mmr_admin2,0,0,0,0,0,0,-,-,-
Muslim Aid,muslimaid,0,0,0,0,0,0,-,-,-
MVO Nederland,mvo_nederland,11,11,0,0,0,0,0,0,-
Mzumbe University,m_u,2,2,2,0,0,0,0,0,0
Médecins Sans Vacances,msv,5,5,5,5,5,5,100,100,100
"Namati, Inc",namati_inc,1,1,1,1,1,0,100,100,0
Nathan Associates London Ltd.,nathan,3,3,2,2,0,0,67,0,0
National Coalition of Human Rights Defenders - Kenya,nchrdk,1,0,0,1,0,0,100,-,-
Natural Resource Governance Institute (NRGI),nrgi,0,0,0,0,0,0,-,-,-
"Natural Resources Institute, University of Greenwich.",nri,2,2,2,2,1,0,100,50,0
Near East Foundation (NEF USA),nef_usa,0,0,0,0,0,0,-,-,-
Nepal Disabled Human Rights Center,dhrc_nepal,1,1,1,1,1,0,100,100,0
Netherlands - Ministry of Foreign Affairs,minbuza_nl,1200,1000,637,962,574,279,80,57,44
Netherlands Commission for Environmental Assessment,ncea,33,33,33,5,0,0,15,0,0
Netherlands Enterprise Agency,rvo,21,9,1,0,0,0,0,0,0
Netherlands Institute for Multiparty Democracy (NIMD),nimd-hq,32,5,0,0,0,0,0,0,-
Netherlands Leprosy Relief,nlr,1,1,0,0,0,0,0,0,-
Netherlands Red Cross,nlrc,134,91,22,16,0,0,12,0,0
Network for Africa,network4africa,0,0,0,0,0,0,-,-,-
Network For Enterprise Enhancement and Development Support,needs,0,0,0,0,0,0,-,-,-
Network of International Development Organisations in Scotland,nidos,0,0,0,0,0,0,-,-,-
New Zealand - Ministry of Foreign Affairs and Trade - New Zealand Aid Programme,mfat,0,0,0,0,0,0,-,-,-
NGO Federation of Nepal,nfn,0,0,0,0,0,0,-,-,-
Ngo-federatie (Vlaamse federatie van ngo's voor ontwikkelingssamenwerking),ngo-federatie,5,5,5,5,5,5,100,100,100
Niger Delta Stakeholders Initiative for Community Development and Empowerment,ndsicde,2,2,0,2,2,0,100,100,-
NKHOMA MISSION HOSPITAL,nmhiati,1,1,1,1,1,0,100,100,0
Norad - Norwegian Agency for Development Cooperation,norad,5899,5899,5899,2040,710,266,35,12,5
Northern Network for Education Development,nned,1,1,1,0,0,0,0,0,0
Northern Rangelands Trust,nrt-kenya,4,4,4,0,0,0,0,0,0
Norwegian People's Aid,npa,0,0,0,0,0,0,-,-,-
Norwegian Refugee Council,nrc,11,9,7,9,4,3,82,44,43
"NpM, Platform for Inclusive Finance",npm,0,0,0,0,0,0,-,-,-
Nuffic,nuffic20171017,0,0,0,0,0,0,-,-,-
OCHA Country Based Pooled Funds,unocha-cbpf,462,194,1,427,2,0,92,1,0
ODI Sales Limited,odi_sales_ltd,3,3,3,3,2,1,100,67,33
Omidyar Network Fund Inc.,omidyarnetwork,17,10,1,0,0,0,0,0,0
One Acre Fund,oneacrefund,1,1,1,1,1,1,100,100,100
One to One Children's Fund,onetoonecf,0,0,0,0,0,0,-,-,-
ONG ALCRER,alcrer-1,1,1,0,0,0,0,0,0,-
openmindedly,openmindedly,1,1,1,0,0,0,0,0,0
OpenNorth,opennorth,1,1,0,1,1,0,100,100,-
Opportunity International UK,opportunity-international-uk,6,6,6,2,1,1,33,17,17
Options Consultancy Services,options,2,1,1,1,0,0,50,0,0
Orbis Africa,orbis_africa,0,0,0,0,0,0,-,-,-
Orbis Charitable Trust,orbis_uk,1,1,1,1,1,1,100,100,100
Orbis Ethiopia,orbis_ethiopia,1,1,1,1,1,1,100,100,100
Orbis International,orbis_international,1,1,1,1,1,1,100,100,100
Overseas Development Institute,odi,5,4,1,4,3,1,80,75,100
Oxfam America,oxfamus,325,325,325,0,0,0,0,0,0
Oxfam GB,oxfamgb,133,118,24,0,0,0,0,0,0
Oxfam IBIS,ibis_denmark,8,6,1,7,5,0,88,83,0
Oxfam India,oxfamindia,0,0,0,0,0,0,-,-,-
Oxfam Intermón,oxfamintermon,102,102,102,0,0,0,0,0,0
Oxfam Novib,onl,679,555,168,249,51,0,37,9,0
Oxfam Solidarité-Solidariteit,oxsol,12,12,12,12,12,12,100,100,100
Oxfam Wereldwinkels,oww,2,2,2,2,2,2,100,100,100
Oxfam-Magasins du monde (omdm),omdm,4,4,4,4,4,4,100,100,100
Oxford Policy Management,opml,17,17,12,14,11,6,82,65,50
Pact,pact,0,0,0,0,0,0,-,-,-
Palladium International Ltd (UK),palladium,14,14,6,2,0,0,14,0,0
Palliative Care Association of Malawi,pacam,1,1,1,1,1,0,100,100,0
Palliative Care Support Trust,pcst,2,2,2,1,1,0,50,50,0
Panos Institute West Africa (PIWA),ipao,0,0,0,0,0,0,-,-,-
partos,partos_nl,9,9,2,7,7,0,78,78,0
Pastoralist Girls Initiative,pgi_kenya,1,1,1,0,0,0,0,0,0
PATH,_path_,2,2,2,2,1,1,100,50,50
PAX,pax,41,34,0,0,0,0,0,0,-
PEAS (Promoting Equality in African Schools),peas,2,2,2,1,1,0,50,50,0
Penal Reform International,pri,0,0,0,0,0,0,-,-,-
People In Aid,peopleinaid,0,0,0,0,0,0,-,-,-
People in Need,pin,111,55,29,41,0,0,37,0,0
PHASE Nepal,phase-nepal,0,0,0,0,0,0,-,-,-
PHASE Worldwide,phase_worldwide,1,1,1,1,1,0,100,100,0
Plan International Belgium,pib,13,13,13,13,13,13,100,100,100
Plan International Finland,planinternationalfinland,0,0,0,0,0,0,-,-,-
Plan International Netherlands,plannlno,55,46,11,5,0,0,9,0,0
Plan International UK,plan_uk,1,1,1,0,0,0,0,0,0
Plan International USA,plan_usa,1,1,1,0,0,0,0,0,0
Plan Ireland Charitable Assistance Limited,plan_ireland,0,0,0,0,0,0,-,-,-
PlanBørnefonden,plb,1,1,1,1,0,0,100,0,0
Plataforma Moçambicana da Água (PLAMA),plama,1,1,1,1,1,1,100,100,100
PONT,pont,0,0,0,0,0,0,-,-,-
Pontis Foundation,pontis,2,2,2,0,0,0,0,0,0
Population Service International,psi,122,96,43,1,1,1,1,1,2
Population Services and Training Centre (PSTC),pstc_1102,1,1,1,0,0,0,0,0,0
PositiveNegatives,posneg,0,0,0,0,0,0,-,-,-
Power International,power,1,1,1,0,0,0,0,0,0
PRACTICA Foundation,practica,3,3,0,3,0,0,100,0,-
Practical Action,pa,409,409,409,0,0,0,0,0,0
Pragya India,pragya,0,0,0,0,0,0,-,-,-
PricewaterhouseCoopers Private Limited India,pwcplindia,3,3,0,3,0,0,100,0,-
Private Infrastructure Development Group,pidg,8,8,8,1,0,0,13,0,0
Progressio,progressio,10,10,10,0,0,0,0,0,0
Project Harar,phe,0,0,0,0,0,0,-,-,-
Promundo-US,pmo-us,3,3,3,0,0,0,0,0,0
Protecting Families Against HIV/AIDS,prefa_1,1,1,1,0,0,0,0,0,0
Protos,protos,12,11,11,11,10,8,92,91,73
Publish What You Fund,pwyf,0,0,0,0,0,0,-,-,-
PUM Netherlands,pumnl,1,1,0,1,1,0,100,100,-
Pump Aid,pumpaid,1,1,1,1,1,0,100,100,0
PwC,pwc,1,1,0,0,0,0,0,0,-
Queen Rania Foundation for Education and Development,qrfed,2,2,0,0,0,0,0,0,-
Quinoa,quinoa,4,4,4,4,4,4,100,100,100
Rahnuma-Family Planning Assocation of Pakistan,rfpap,0,0,0,0,0,0,-,-,-
Railway Children,rc,3,3,3,1,1,0,33,33,0
Railway Children Africa,rc2africa,1,1,1,0,0,0,0,0,0
RAIN Foundation (former),rainfoundation,0,0,0,0,0,0,-,-,-
Rainforest Alliance,rainforest-alliance,1,1,0,1,0,0,100,0,-
Rainforest Foundation UK,rfuk,0,0,0,0,0,0,-,-,-
Raleigh International,raleigh_int,2,2,2,2,1,1,100,50,50
RCN Justice & Démocratie,rcn,10,10,10,10,10,10,100,100,100
Red Cross Red Crescent Climate Centre,climate_centre,17,17,0,14,14,0,82,82,-
Regional Advisory Information and Network Systems,rains,1,1,1,1,1,0,100,100,0
"Rehabilitation, Education and Community Health (REACH)",reach-iraq,0,0,0,0,0,0,-,-,-
Relief International - Somalia,ri_kenya,1,1,0,1,1,0,100,100,-
Relief International UK,ri-uk,0,0,0,0,0,0,-,-,-
Republic of Korea,odakorea,1674,518,316,1364,0,0,81,0,0
Resource Extraction Monitoring,rem,0,0,0,0,0,0,-,-,-
Responsible Mining Foundation,rmf,0,0,0,0,0,0,-,-,-
Restless Development,restless,8,8,0,0,0,0,0,0,-
Retrak,retrak,0,0,0,0,0,0,-,-,-
Right to Play Netherlands Foundation,rtp,0,0,0,0,0,0,-,-,-
Rikolto,rikolto,13,13,13,13,13,13,100,100,100
Rikolto in Belgium,rikolto_belgium,3,3,3,3,3,3,100,100,100
Rode Kruis-Vlaanderen Internationaal vzw,rkiv,17,15,15,16,14,14,94,93,93
Rojiroti UK,rojiroti,0,0,0,0,0,0,-,-,-
Romania Ministry of Foreign Affairs,uasd,0,0,0,0,0,0,-,-,-
Rotary Clubs For Development,rc4d,5,5,5,5,5,5,100,100,100
Royal College of General Practitioners (RCGP),rcgp-international,0,0,0,0,0,0,-,-,-
Royal College of Obstetricians & Gynaecologists,rcog_resilience_in_obstetric_skills,1,1,1,0,0,0,0,0,0
Royal Netherlands Football Association,knvb,0,0,0,0,0,0,-,-,-
Royal Society for the Protection of Birds,rspb_,0,0,0,0,0,0,-,-,-
Royal Tropical Institute,kit,9,9,9,7,0,0,78,0,0
RUAF Foundation,ruaf,4,4,4,0,0,0,0,0,0
Rutgers,rutgers,32,32,14,0,0,0,0,0,0
Saferworld,saferworld,8,8,5,8,5,3,100,63,60
Samaritan's Purse UK,spuk,1,1,1,0,0,0,0,0,0
Savana Signatures,savsign-org,0,0,0,0,0,0,-,-,-
Save the Children DK,redbarnet,2,2,2,2,0,0,100,0,0
Save the Children International,sci,47,38,14,6,0,0,13,0,0
Save the Children Netherlands,scnl,14,7,1,13,7,1,93,100,100
Save the Children UK,scuk,57,45,16,6,0,0,11,0,0
SCI Projets Internationaux ASBL_Service Civil International branche belge,scibelgium,3,3,3,3,3,3,100,100,100
Scottish Catholic International Aid Fund (SCIAF),sciaf,2,2,2,1,1,1,50,50,50
Search for Common Ground (SFCG),sfcg,4,3,2,2,0,0,50,0,0
SECOURS CATHOLIQUE - CARITAS FRANCE,sccf,188,188,188,92,0,0,49,0,0
Seefar,seefar,0,0,0,0,0,0,-,-,-
Sehat Kahani (Community Innovation Hub),sehatkahanicih,0,0,0,0,0,0,-,-,-
Self Help Africa,self-help-africa,8,7,5,0,0,0,0,0,0
Send a Cow,sendacow,7,7,7,2,2,0,29,29,0
Send a Cow Ethiopia,sacethiopia,1,1,1,0,0,0,0,0,0
Send a Cow Kenya,sac_kenya,1,1,1,0,0,0,0,0,0
Send a Cow Uganda,sacu,0,0,0,0,0,0,-,-,-
Sense International,sense_international,2,2,2,1,1,0,50,50,0
Sensorial Handicap Cooperation,shc,4,4,4,4,4,4,100,100,100
ShelterBox,shelterbox,0,0,0,0,0,0,-,-,-
Shtrii Shakti,shtrii_shakti,1,1,1,0,0,0,0,0,0
Sightsavers,ss-org,28,28,27,0,0,0,0,0,0
Signal,signal,1,1,1,0,0,0,0,0,0
Silsab Foundation,silsab1-_,1,1,1,0,0,0,0,0,0
Simavi,simavi,24,24,11,18,18,5,75,75,45
Simprints,simprints,0,0,0,0,0,0,-,-,-
Siren Associates,siren,0,0,0,0,0,0,-,-,-
SNV Netherlands Development Organisation,snv,86,76,28,2,0,0,2,0,0
Social Development Direct Limited,sddirect,6,6,5,0,0,0,0,0,0
"Social Fund for Development, Yemen",sfd-yemen,39,39,39,0,0,0,0,0,0
Social Impact Lab CIC,simlab,2,2,2,0,0,0,0,0,0
Social Watch Benin,swb_1,1,1,0,0,0,0,0,0,-
Société Nationale des eaux du Bénin (SONEB),soneb-benin,1,1,1,0,0,0,0,0,0
SolarNow Services (U) Ltd,solarnowsofa,1,1,1,0,0,0,0,0,0
Solidagro,solidagro_admin,11,11,11,10,10,10,91,91,91
Solidaridad,solidaridad,69,58,1,11,10,0,16,17,0
Solidaridad Europe,solidaridad-europe,30,29,2,3,2,0,10,7,0
Solidaridad South & South-East Asia,solidaridad-ssea,28,26,3,6,6,0,21,23,0
Solidaridad West Africa,solidaridad-waf,13,13,6,8,8,2,62,62,33
Solsoc,solsoc,13,13,13,12,12,11,92,92,85
Sonke Gender Justice,sjg,1,1,1,0,0,0,0,0,0
SOS Children's Villages Kenya,soscvkenya,0,0,0,0,0,0,-,-,-
SOS Children's Villages The Netherlands,sosnl,6,5,5,1,0,0,17,0,0
SOS FAIM - SOS HUNGER,sosfaim,11,11,11,10,10,10,91,91,91
SOS Kinderdorpen België / SOS Villages d'Enfants Belgique,svdbskb_admin,4,4,4,4,4,4,100,100,100
SOS Sahel International UK,sossaheluk,0,0,0,0,0,0,-,-,-
Sound Seekers Limited,soundseekers,0,0,0,0,0,0,-,-,-
Southern African Catholic Bishops' Conference Aids Office,sacbc,0,0,0,0,0,0,-,-,-
Spain - Ministry of Foreign Affairs and Cooperation,maec,1419,1357,46,0,0,0,0,0,0
SPARK,spark,0,0,0,0,0,0,-,-,-
Special Hope Network,shn,1,1,1,0,0,0,0,0,0
Stakeholder Democracy Network,sdn,1,1,0,0,0,0,0,0,-
Stars Foundation,starsfoundation,1,1,1,0,0,0,0,0,0
Stichting ActionAId,aanl,4,4,4,4,4,0,100,100,0
Stichting Aflatoun International,aflatoun,0,0,0,0,0,0,-,-,-
Stichting Agriterra,agriterra,0,0,0,0,0,0,-,-,-
Stichting Aidenvironment,aidenvironment,4,4,4,0,0,0,0,0,0
Stichting Deltares,deltares,20,12,7,7,0,0,35,0,0
Stichting fondsbeheer DGGF lokaal MKB,dggf_financing_local_smes,37,37,33,21,17,15,57,46,45
Stichting Health Action International,hai,2,2,0,1,1,0,50,50,-
Stichting Humana,humana_houben,1,1,1,0,0,0,0,0,0
Stichting Kinderpostzegels Nederland,skn,1,1,0,0,0,0,0,0,-
Stichting Mayday Rescue Foundation,maydayrescue,1,1,1,0,0,0,0,0,0
Stichting Nederlands Instituut voor Internationale Betrekkingen 'Clingendael',clingendael,5,5,5,4,4,2,80,80,40
Stichting Onderzoek Multinationale Ondernemingen (SOMO),somo,8,8,0,8,8,0,100,100,-
Stichting Red een Kind,redeenkind,4,2,1,4,1,1,100,50,100
Stichting Vluchteling,st_vluchteling,5,1,1,4,0,0,80,0,0
Stichting VU Amsterdam - Amsterdam Centre for World Food Studies,acwfs_vu,0,0,0,0,0,0,-,-,-
Stichting Woord en Daad,w-d,6,1,1,5,1,1,83,100,100
Street Child,street_child,2,2,2,2,2,1,100,100,50
StreetInvest,si,1,1,1,0,0,0,0,0,0
Stromme Foundation,stromme_ug,0,0,0,0,0,0,-,-,-
Studio Globo,sg,3,3,3,2,2,2,67,67,67
Support Trust for Africa Development (STAD),stad,1,0,0,0,0,0,0,-,-
Survivors Fund (SURF),surf,0,0,0,0,0,0,-,-,-
"Sweden, through Swedish International Development Cooperation Agency (Sida)",sida,4628,3802,2399,3667,2665,1308,79,70,55
Switzerland - Swiss Agency for Development and Cooperation (SDC),sdc_ch,10112,9533,8400,0,0,0,0,0,0
Sympany+,simone_sympany,0,0,0,0,0,0,-,-,-
Syria Relief,sr,1,1,1,0,0,0,0,0,0
Target TB,targettb,0,0,0,0,0,0,-,-,-
TB Alert,tbalert,1,1,1,0,0,0,0,0,0
Teach A Man To Fish,tamtf,0,0,0,0,0,0,-,-,-
TEAR fund Nederland,tear,3,0,0,3,0,0,100,-,-
Tearfund,tearfund,1,1,1,0,0,0,0,0,0
Tearfund VZW (TFBE),tfb_admin1,3,3,3,3,3,3,100,100,100
TechnoServe,tns,1,1,1,0,0,0,0,0,0
Terre des Hommes Netherlands,tdh_nl,62,18,4,46,0,0,74,0,0
The Access to Nutrition Foundation,atnf,8,8,8,0,0,0,0,0,0
The Asia Foundation,taf,35,35,35,0,0,0,0,0,0
The Carter Center,carter-center,0,0,0,0,0,0,-,-,-
the center for victimized women and children,cavwoc,0,0,0,0,0,0,-,-,-
The Coca-Cola Export Corporation,tccec,0,0,0,0,0,0,-,-,-
The Commonwealth Secretariat,commonwealthsecretariat,47,47,47,40,0,0,85,0,0
The Convention on Business Integrity,cbi-nigeria,0,0,0,0,0,0,-,-,-
The Foundation Center,foundation_center,2,1,0,0,0,0,0,0,-
The Fred Hollows Foundation (UK),fhfuk,1,1,1,1,1,1,100,100,100
The Freedom Fund,thefreedomfund,0,0,0,0,0,0,-,-,-
The Global Alliance for Improved Nutrition,gain,643,643,643,0,0,0,0,0,0
"The Global Development Incubator, Inc",gdi,1,1,1,1,1,1,100,100,100
The Global Forum on MSM & HIV (MSMGF),msmgf,6,6,6,0,0,0,0,0,0
"The Global Fund to Fight AIDS, Tuberculosis and Malaria",theglobalfund,214,197,84,0,0,0,0,0,0
The HALO Trust,halo,6,5,0,6,5,0,100,100,-
The Hunger Project Netherlands,thp_org,1,1,0,0,0,0,0,0,-
The International Children's Trust,theict,1,1,1,0,0,0,0,0,0
The International Rescue Committee,irc_inc,18,17,7,13,10,2,72,59,29
The Leprosy Mission England and Wales,tlmew,0,0,0,0,0,0,-,-,-
The LO/FTF Council (Ulandssekretariatet),loftf,1,1,1,1,0,0,100,0,0
The Louis Berger Group Inc.,lbg,1,1,1,1,1,1,100,100,100
The MENTOR Initiative,the_mentor_initiative,1,1,1,1,1,1,100,100,100
The National Association of Municipalities of Benin (ANCB),ancb_benin,0,0,0,0,0,0,-,-,-
The OPEC Fund for International Development (OFID),ofid,1432,1432,1432,0,0,0,0,0,0
The Open University,open_university,6,6,6,5,5,4,83,83,67
"The Population Council, Inc.",populationcouncil,1,1,0,1,1,0,100,100,-
The Power of Nutrition,the_power_of_nutrition,9,8,7,8,7,5,89,88,71
The Princess Alia Foundation,paf_2018,2,2,2,0,0,0,0,0,0
The Queen Elizabeth Diamond Jubilee Trust,qedjt,0,0,0,0,0,0,-,-,-
The Sabre Charitable Trust,sct,0,0,0,0,0,0,-,-,-
The Salvation Army International Development UK,said-uk,1,1,1,0,0,0,0,0,0
"The University of Dodoma (UDOM), Tanzania",udom,1,1,1,0,0,0,0,0,0
The University of Manchester,uom,1,1,1,1,1,1,100,100,100
The University of Oxford,oxford,1,1,1,0,0,0,0,0,0
The William and Flora Hewlett Foundation,hewlett-foundation,216,210,63,0,0,0,0,0,0
The World Bank,worldbank,1348,1241,905,1229,1037,780,91,84,86
Theatre for a Change Malawi,tfacmalawi,0,0,0,0,0,0,-,-,-
Theatre for a Change UK,tfac,0,0,0,0,0,0,-,-,-
Timidria,timidria,1,1,1,1,1,0,100,100,0
TradeMark East Africa,tmea,30,30,22,0,0,0,0,0,0
Traidcraft Exchange,traidcraft,1,1,1,1,1,1,100,100,100
Transnational Institute,tni,4,4,0,0,0,0,0,0,-
Transparency International Bangladesh,tib,0,0,0,0,0,0,-,-,-
Transparency International Kenya,ti_kenya,1,0,0,0,0,0,0,-,-
Transparency International Secretariat,transparency-international,13,8,2,7,1,0,54,13,0
Transparency International UK,ti-uk,3,3,2,3,3,0,100,100,0
TREE AID,treea,0,0,0,0,0,0,-,-,-
Trianglen,trianglen,42,42,42,41,41,19,98,98,45
Trias,trias,15,15,15,15,15,15,100,100,100
Triple Line,tripleline_crownagents,272,272,272,0,0,0,0,0,0
Trocaire,trocaire,2,2,0,0,0,0,0,0,-
Trocaire (Northern Ireland),troc,0,0,0,0,0,0,-,-,-
Tropenbos International,tbi,13,13,0,6,0,0,46,0,-
Tropical Health and Education Trust,tropicalhealth,1,1,1,0,0,0,0,0,0
Trust for Africa's Orphans,tao-03473165,0,0,0,0,0,0,-,-,-
Twaweza,twaweza,0,0,0,0,0,0,-,-,-
Twin,twin-iati,2,2,2,0,0,0,0,0,0
Uganda Martyrs University,umu,1,1,1,0,0,0,0,0,0
UHAI EASHRI,uhai-eashri,3,3,0,0,0,0,0,0,-
"UK - Department for Business, Energy and Industrial Strategy",beis,100,90,75,38,28,0,38,31,0
"UK - Department for Environment, Food and Rural Affairs",defra_transparency,59,59,59,0,0,0,0,0,0
UK - Department for International Development (DFID),dfid,2440,2338,1398,1732,936,463,71,40,33
UK - Department for Work and Pensions,dwp,0,0,0,0,0,0,-,-,-
UK - Department of Health and Social Care (DHSC),dhsc,101,101,95,88,84,10,87,83,11
UK - Foreign & Commonwealth Office,fco,0,0,0,0,0,0,-,-,-
UK - Medical Research Council,mrc,186,186,186,0,0,0,0,0,0
UK - Ministry of Defence,ukmod,0,0,0,0,0,0,-,-,-
UK - Scottish Government,scottish_government,0,0,0,0,0,0,-,-,-
UK - Welsh Government's Wales for Africa Programme,wfa,0,0,0,0,0,0,-,-,-
ULB-Coopération,ulbcoop,10,10,10,10,10,10,100,100,100
UN Pooled Funds,unpf,3308,3251,3194,0,0,0,0,0,0
UN Women,unw,0,0,0,0,0,0,-,-,-
UN-Habitat,unhabitat,296,260,90,0,0,0,0,0,0
Unicef Belgium National Committee,ub,4,4,4,4,4,4,100,100,100
UNICEF Netherlands National Committee,unicefnl,4,4,0,0,0,0,0,0,-
Union des Villes et Communes de Wallonie (UVCW),uvcw,5,5,5,5,5,5,100,100,100
Union of Agricultural Work Committees,uawc,0,0,0,0,0,0,-,-,-
UNITAID,utd,33,33,19,32,28,13,97,85,68
United Disabled Persons of Kenya,udpk,1,1,0,0,0,0,0,0,-
United Mission to Nepal,umn,0,0,0,0,0,0,-,-,-
United Nations Capital Development Fund,uncdf,1,1,1,0,0,0,0,0,0
United Nations Central Emergency Response Fund (CERF),cerf,99,0,0,99,0,0,100,-,-
United Nations Children's Fund (UNICEF),unicef,2895,2660,2028,2693,1421,985,93,53,49
United Nations Development Programme (UNDP),undp,4707,2297,974,4116,1276,494,87,56,51
"United Nations Educational, Scientific and Cultural Organization (UNESCO)",unesco,1170,169,75,1170,169,53,100,100,71
United Nations Environment Programme (UNEP),un-environment,2,1,1,0,0,0,0,0,0
United Nations Foundation,unf,3,3,2,0,0,0,0,0,0
United Nations High Commissioner for Refugees (UNHCR),unhcr,109,0,0,109,0,0,100,-,-
United Nations Industrial Development Organization (UNIDO),unido,581,396,203,541,0,0,93,0,0
United Nations Joint Programme on HIV and AIDS Secretariat (UNAIDS),unaids,0,0,0,0,0,0,-,-,-
United Nations OCHA Financial Tracking Service (UN OCHA FTS),ocha_fts,10454,10453,10453,0,0,0,0,0,0
United Nations Office for Project Services (UNOPS),unops,912,912,912,4,0,0,0,0,0
United Nations Office for the Coordination of Humanitarian Affairs (OCHA),unocha,0,0,0,0,0,0,-,-,-
United Nations Office for the Coordination of Humanitarian Affairs (Specially-Designated Contributions),unocha-sdc,2,2,2,0,0,0,0,0,0
United Nations Population Fund,unfpa,1406,0,0,1406,0,0,100,-,-
United Nations World Food Programme (WFP),wfp,636,552,417,636,552,417,100,100,100
United Purpose,cu,0,0,0,0,0,0,-,-,-
United States,unitedstates,120607,120446,111875,0,0,0,0,0,0
United States Agency for International Development (USAID),usaid,2202,2112,1352,0,0,0,0,0,0
United Work,united_work,0,0,0,0,0,0,-,-,-
Universitair Centrum voor Ontwikkelingssamenwerking,ucos,3,3,3,2,2,2,67,67,67
Universiteit Leiden,universiteit_leiden,2,2,2,1,1,1,50,50,50
University College London,ucl,1,1,1,0,0,0,0,0,0
University of Amsterdam,uva_org,13,13,1,0,0,0,0,0,0
University of Birmingham (Governance and Social Development Resource Centre),universityofbirmingham_gsdrc,0,0,0,0,0,0,-,-,-
University of Leeds,leedsuni,1,1,0,1,0,0,100,0,-
University of Nottingham,uni_of_nottingham,1,1,1,0,0,0,0,0,0
University Of Zimbabwe,1-uz,1,1,1,0,0,0,0,0,0
University Twente,utwente,1,0,0,0,0,0,0,-,-
Upper Quartile,uq,0,0,0,0,0,0,-,-,-
Urgent Action Fund for Women's Human Rights,uaf,5,5,0,0,0,0,0,0,-
Urgent Action Fund Latin America and the Caribbean,uafla,9,9,0,0,0,0,0,0,-
Urgent Action Fund-Africa,uaf-africa,8,8,0,0,0,0,0,0,-
UTZ,utz,47,40,0,3,0,0,6,0,-
UWEZO Youth Empowerment,uwezo_youth_empowerment,2,2,2,2,2,0,100,100,0
Varkey Foundation,varkeyfoundation,17,17,17,0,0,0,0,0,0
VEI (Vitens-Evides International),vei_nl,26,26,26,26,26,25,100,100,96
VETERINAIRES SANS FRONTIERES / DIERENARTSEN ZONDER GRENZEN - BELGIUM,vsfbelgium,9,9,9,9,9,9,100,100,100
VIA Don Bosco,via-db,13,13,13,13,13,13,100,100,100
Village Enterprise,villageenterprise,1,1,1,1,1,0,100,100,0
Vision Aid Overseas,vao,1,1,1,0,0,0,0,0,0
Vision for a Nation Foundation,vfan,0,0,0,0,0,0,-,-,-
VisionFund International,vfi,1,1,1,1,1,1,100,100,100
Viva,viva,1,1,1,1,1,1,100,100,100
Viva Salud,g3w-m3m_admin,8,8,8,8,8,8,100,100,100
Vlaamse Interuniversitaire Raad voor Universitaire Ontwikkelingssamenwerking (VLIR-UOS),vlir-uos,25,25,25,25,24,24,100,96,96
VNG International,vngi,12,12,12,8,8,7,67,67,58
Voluntary Health Association of India,vhai-org,0,0,0,0,0,0,-,-,-
Voluntary Service Overseas (VSO),vso,13,12,5,1,1,1,8,8,20
VVOB Education for Development,vvob,13,13,13,13,13,13,100,100,100
VVSG - Vereniging van Vlaamse Steden en Gemeenten,vvsg,14,11,11,13,11,11,93,100,100
Wageningen University & Research - Stichting Wageningen Research,wageningen_ur,11,6,2,4,2,0,36,33,0
War Child Canada,wcc,0,0,0,0,0,0,-,-,-
War Child Holland,warchildholland,13,10,2,5,2,0,38,20,0
War Child UK,wcuk,13,10,9,3,0,0,23,0,0
War on Want,waronwant,1,1,1,0,0,0,0,0,0
War on Want NI,wowni,0,0,0,0,0,0,-,-,-
WASH Alliance International,wai,0,0,0,0,0,0,-,-,-
WASTE advisers on urban environment and development,waste,0,0,0,0,0,0,-,-,-
Water & Sanitation for the Urban Poor (WSUP),wsup,0,0,0,0,0,0,-,-,-
Water Finance Facility,wff,2,2,2,2,2,2,100,100,100
Water for People,w4p,0,0,0,0,0,0,-,-,-
Water Integrity Network Association,win,10,10,10,0,0,0,0,0,0
Water Witness International,water-witness-international,6,6,6,0,0,0,0,0,0
Water Works,waterworks,0,0,0,0,0,0,-,-,-
WaterAid,wateraid,103,101,70,0,0,0,0,0,0
We Effect,weeffect,191,181,180,0,0,0,0,0,0
We World - GVC Onlus,ww-gvc,1,1,1,1,1,1,100,100,100
Welbodi Partnership,welbodipartnership,0,0,0,0,0,0,-,-,-
Wellfound,wellfound,2,2,2,0,0,0,0,0,0
Welthungerhilfe,whh,0,0,0,0,0,0,-,-,-
Wemos Foundation,wemos,4,4,1,3,3,0,75,75,0
Wereldsolidariteit-Solidarité Mondiale (WSM),wsm,8,8,8,8,8,8,100,100,100
Wetlands International,wi,42,42,0,0,0,0,0,0,-
Win Win Strategies,wws,0,0,0,0,0,0,-,-,-
Windle Trust Kenya,wtk,1,1,1,0,0,0,0,0,0
WNF Wereld Natuur Fonds,wnf,6,6,0,6,6,0,100,100,-
"WO=MEN, Dutch Gender Platform",wo-men,8,8,4,1,1,1,13,13,25
Wolayita Development Association,woda_0486,0,0,0,0,0,0,-,-,-
Womankind Worldwide,womankindworld,1,1,1,0,0,0,0,0,0
Women and Children First (UK),wcf,0,0,0,0,0,0,-,-,-
Women Environmental Programme,wep,13,13,13,0,0,0,0,0,0
Women for Women International (UK),wfwiuk,1,1,0,1,1,0,100,100,-
Women Peacemakers Program,wpp,1,1,1,0,0,0,0,0,0
Women's Action Group,wag-1983,0,0,0,0,0,0,-,-,-
Women's Environment & Development Organization,wedo,1,1,0,0,0,0,0,0,-
Women's Fund Asia,wf-asia,5,5,0,0,0,0,0,0,-
Women's Global Network on Reproductive Rights,wgnrr_iati,1,1,0,0,0,0,0,0,-
Women's Refugee Commission,w_r_c,5,5,0,0,0,0,0,0,-
World Agroforestry Centre,icraf_,0,0,0,0,0,0,-,-,-
World Association for Christian Communication (UK),wacc-uk,0,0,0,0,0,0,-,-,-
World Child Cancer UK,wccuk,2,2,2,1,1,0,50,50,0
World Economic Forum,worldeconomicforum,0,0,0,0,0,0,-,-,-
World Economic Forum Geneva,weforum_geneva,0,0,0,0,0,0,-,-,-
World Federalist Movement - Institute for Global Policy,wfm-igp,1,1,1,1,1,0,100,100,0
World Health Organization,who,5721,0,0,0,0,0,0,-,-
World Resources Institute,wri,2,2,1,2,1,1,100,50,100
World University Service of Canada,wusc,0,0,0,0,0,0,-,-,-
World Vegetable Center,worldveg,10,7,5,10,6,2,100,86,40
World Vision International,wvi,42,38,15,0,0,0,0,0,0
World Vision Netherlands,wvnld,5,2,1,5,0,0,100,0,0
World Vision Syria,wvsyria,0,0,0,0,0,0,-,-,-
World Vision UK,wvuk,20,20,20,1,1,1,5,5,5
World Vision Zimbabwe,wvz-gec,3,3,1,0,0,0,0,0,0
World Waternet,worldwaternet,0,0,0,0,0,0,-,-,-
World Wide Fund for Nature - Pakistan,wwfpakistan,0,0,0,0,0,0,-,-,-
World Wide Fund for Nature Belgium (WWF-BE),wwf-be,6,6,6,5,5,5,83,83,83
World Wide Fund for Nature Denmark,wwfdk,16,16,16,16,16,16,100,100,100
Worldwide Hospice Palliative Care Alliance,whpca,1,1,1,1,1,0,100,100,0
WWF Sweden,wwf-se,20,17,17,0,0,0,0,0,0
WWF-UK,wwf-uk,325,325,325,0,0,0,0,0,0
WYG International B.V.,wygi,4,4,2,2,1,0,50,25,0
Y Care International,ycare,2,2,2,1,1,0,50,50,0
YMCA of Liberia,libymca,1,1,1,0,0,0,0,0,0
Young Innovations Pvt. Ltd,yipl,0,0,0,0,0,0,-,-,-
Youth Business International,ybi,0,0,0,0,0,0,-,-,-
Youth Net and Counselling - YONECO,yoneco1997,1,1,1,0,0,0,0,0,0
YWCA of Bangladesh,ywcabd,0,0,0,0,0,0,-,-,-
Zambia Orphans Aid UK,zoa_uk,1,1,0,0,0,0,0,0,-
Zimbabwe Educational Trust,zet,0,0,0,0,0,0,-,-,-
Zimmerman & Zimmerman,zimmzimm,1,1,1,0,0,0,0,0,0
Zing,zing,13,13,13,0,0,0,0,0,0
ZOA,zoa,11,11,10,11,11,9,100,100,90
