Publisher Name,Publisher Registry Id,Activities,Organisations,Files,Activity Files,Organisation Files,Total File Size,Reporting Org on Registry,Reporting Orgs in Data (count),Reporting Orgs in Data,Hierarchies (count),Hierarchies
University Of Zimbabwe,1-uz,1,1,2,1,1,3663,XI-GRID-grid.13001.33,1,XI-GRID-grid.13001.33,1,1
Koepel van de Vlaamse Noord-Zuidbeweging 11.11.11 VZW,111111_publisher,18,1,2,1,1,322328,BE-BCE_KBO-0421210424,1,BE-BCE_KBO-0421210424,2,1;2
CARE Danmark Fonden for Frivillig Ulandsbistand,12921047,1,0,1,1,0,6527,DK-CVR-12921047,1,DK-CVR-12921047,1,1
International Initiative for Impact Evaluation,3ie,0,0,0,0,0,0,US-EIN-262681792,0,,0,
Acid Survivors Foundation,_admin,2,0,1,1,0,7969,PK-VSWA-511-2007,2,PK-VSWA-511-2007;XI-IATI-VSWA-511-2007,1,1
PATH,_path_,2,0,2,2,0,6182,US-EIN-91-1157127,1,US-EIN-91-1157127,1,1
Autre Terre asbl,a-t,7,1,2,1,1,97834,BE-BCE_KBO-0423588904,1,BE-BCE_KBO-0423588904,2,1;2
ActionAid Denmark (Mellemfolkeligt Samvirke),aadk,2,1,2,1,1,5696,DK-CVR-18243717,1,DK-CVR-18243717,1,1
ActionAid International,aai,34,0,13,13,0,127689,NL-KVK-27264198,3,GB-CHC-274467;GB-CHC-27446721;NL-KVK-27264198,2,1;null
ACTIONAID INTERNATIONAL KENYA,aaik,2,1,2,1,1,27245,KE-NCB-OP/218/051/924/84,1,KE-NCB-OP/218/051/924/84,1,1
Agulhas Applied Knowledge,aak,1,0,1,1,0,1700,GB-COH-04644326,1,GB-COH-04644326,1,1
Stichting ActionAId,aanl,4,1,2,1,1,422147,NL-KVK-41217595,1,NL-KVK-41217595,1,1
ActionAid Rwanda,aar,1,1,2,1,1,26574,RW-RGB-61-RGB-NGO-2017,1,RW-RGB-61-RGB-NGO-2017,1,1
Aasaman Nepal,aasaman,1,0,1,1,0,3762,NP-SWC-27693,1,NP-SWC-27693,1,null
ActionAid UK,aauk,6,1,2,1,1,256060,GB-CHC-274467,1,GB-CHC-274467,1,1
Abaseen Foundation UK,abaseen,1,1,2,1,1,17864,GB-CHC-1157009,1,GB-CHC-1157009,1,1
AbleChildAfrica,ablechildafrica,2,2,2,1,1,39875,GB-CHC-326859,1,GB-CHC-326859,1,1
Abt Associates Inc,abt,5,0,1,1,0,25701,US-EIN-042347643,1,US-EIN-042347643,1,1
Afghanistan and Central Asian Association,acaa,1,1,2,1,1,17489,GB-CHC-1096908,1,GB-CHC-1096908,1,1
Association Centrafricaine de Traduction de la Bible et Alphabetisation,acatba,1,1,2,1,1,2645,XI-IATI-ACATBA,1,XI-IATI-ACATBA,1,1
African Center for Economic Transformation (ACET),acet,34,0,1,1,0,154846,US-EIN-11-3803281,1,US-EIN-11-3803281,1,1
Action Against Hunger UK,acf,54,1,26,25,1,200715,GB-CHC-1047501,1,GB-CHC-1047501,1,1
ACTION AGAINST HUNGER SPAIN,acfspain,12,0,6,6,0,25406,ES-CIF-G81164105,1,ES-CIF-G81164105,1,1
African Centre for Global Health and Social Transformation,achest,7,1,2,1,1,303580,UG-RSB-73316,1,UG-RSB-73316,1,1
ACODEV,acodev,6,1,2,1,1,57647,BE-BCE_KBO-0462279234,1,BE-BCE_KBO-0462279234,2,1;2
Agency for Cooperation and Research in Development (ACORD),acord,4,1,5,4,1,89138,GB-CHC-283302,1,GB-CHC-283302,1,1
Across,across,2,1,3,2,1,82399,KE-NGC-9381,2,KE-NCB-9381;KE-NGC-9381,2,1;null
act4africa,act4africa,1,1,2,1,1,19530,GB-COH-04276635,1,GB-COH-04276635,1,1
Association for Cultural Technical and Educational Cooperation (ACTEC),actec,15,1,2,1,1,198026,BE-BCE_KBO-0424198222,1,BE-BCE_KBO-0424198222,2,1;2
ACTED,acted,3,1,4,3,1,50352,FR-SIRET-4028868160030,2,FR-RCS-402886816;FR-SIRET-4028868160030,1,1
Association of Commonwealth Universities,acu,1,0,1,1,0,12915,GB-CHC-314137,1,GB-CHC-314137,1,1
Acumen,acumen,1,0,1,1,0,5757,US-EIN-134166228,1,US-EIN-134166228,1,1
Stichting VU Amsterdam - Amsterdam Centre for World Food Studies,acwfs_vu,0,1,1,0,1,2426,NL-KVK-53815211,1,NL-KVK-53815211,0,
Auto-Développement Afrique (ADA),ada,3,1,2,1,1,30121,BE-BCE_KBO-0408095925,1,BE-BCE_KBO-0408095925,2,1;2
ADD International (Action on Disability and Development),addinternational,15,1,12,11,1,256592,GB-COH-294860,1,GB-COH-294860,2,0;null
Commune de Adja-Ouere - Bénin,adja-ouere,1,1,2,1,1,40733,BJ-IFU-6200901944008,1,BJ-IFU-6200901944008,1,null
Commune de Adjarra - Bénin,adjarra,1,1,2,1,1,29467,BJ-IFU-6201810251129,1,null,1,null
Commune de Adjohoun - Bénin,adjohoun,1,1,2,1,1,40593,BJ-IFU-5200801335602,1,BJ-IFU-5200801335602,1,null
Ajuda de Desenvolvimento de Povo para Povo (ADPP),adpp,1,0,1,1,0,3028,mz-moj-64vq1,1,mz-moj-64vq1,1,1
ADRA Denmark,adra-dk,2,0,1,1,0,9106,DK-CVR-20074035,1,DK-CVR-20074035,1,1
Adventist Development and Relief Agency (ADRA Somalia),adrasom,2,0,2,2,0,92885,KE-NGC-663,1,KE-NGC-663,1,null
ADRA-UK,adrauk,4,1,2,1,1,86753,GB-CHC-1074937,1,GB-CHC-1074937,2,0;null
ADS-Nyanza,ads-nyanza,1,0,1,1,0,24888,KE-RCO-78260,1,KE-RCO-78260,1,null
Atradius Dutch State Business,adsb,33,1,2,1,1,75856,NL-KVK-33226495,1,NL-KVK-33226495,1,1
AECOM,aecom,48,0,1,1,0,79024,GB-COH-01846493,2,GB-COH-01846493;GB-COH-GB-COH-01846493,1,1
Aeras,aeras,1,1,2,1,1,53829,US-EIN-522044704,1,US-EIN-522044704,1,1
Africa Educational Trust,aet,3,1,2,1,1,29188,GB-CHC-313139,1,GB-CHC-313139,2,1;null
Adaptation Fund,af,30,0,1,1,0,142953,47111,1,47111,1,null
Agence Française de Développement,afd,1545,1,78,77,1,3618595,FR-3,2,FR-3;XI-IATI-FR-3,2,1;2
African Development Bank,afdb,4430,1,57,56,1,64279926,46002,1,46002,1,1
AFELT,afelt,2,1,3,2,1,6871,KE-KRA-P051713416W,1,KE-KRA-P051713416W,1,1
Arab foundation for freedoms and equality,afemena,3,0,1,1,0,21074,LB-MOI-18291,1,LB-MOI-18291,1,1
AFEW International,afewinternational,6,0,1,1,0,120993,NL-KVK-34148682,1,NL-KVK-34148682,1,2
Afghanaid,afghanaid,4,0,1,1,0,1695422,GB-CHC-1045348,1,GB-CHC-1045348,1,1
Stichting Aflatoun International,aflatoun,0,0,0,0,0,0,NL-KVK-34229026,0,,0,
Africalia,africalia,11,1,2,1,1,180151,BE-BCE_KBO-0474198059,1,BE-BCE_KBO-0474198059,1,1
African Revival,africanrevival,1,0,1,1,0,4411,GB-CHC-1108718,1,GB-CHC-1108718,1,1
Afrikagrupperna Sweden,afrikagrupperna,53,0,1,1,0,332190,SE-ON-802007-2446,1,SE-ON-802007-2446,1,null
AfriKids,afrikids,4,1,2,1,1,78388,GB-CHC-1141028,1,GB-CHC-1141028,2,0;1
American Friends Service Committee,afsc,1,0,1,1,0,27723,US-EIN-23-1352010,1,NL-KVK-41149831,1,null
AgDevCo,agdevco,119,0,1,1,0,183980,GB-COH-07026479,1,GB-COH-07026479,1,1
HelpAge International UK,ageintl,16,1,2,1,1,184054,GB-CHC-1128267-8,1,GB-CHC-1128267-8,1,1
Agência de Desenvolvimento do Vale do Zambeze,agencia_do_zambeze,1,1,2,1,1,33089,MZ-NUIT-50039061,1,MZ-NUIT-50039061,1,5
AgResults Initiative,agresults,7,1,8,7,1,18373,XI-IATI-AGR,1,XI-IATI-AGR,1,1
AgriProFocus,agriprofocus,6,1,2,1,1,145030,NL-KVK-30204842,1,NL-KVK-30204842,1,null
Stichting Agriterra,agriterra,685,0,5,5,0,5063724,NL-KVK-41048542,3,;execution;finished,1,null
Academy for Health Development (AHEAD),ahead,1,0,1,1,0,3166,NG-CAC-692943,1,NG-CAC-692943,1,1
African Initiatives,ai_1064413,3,1,2,1,1,33801,GB-CHC-1064413,2,GB-CHC-1064413;null,1,1
Administração de Infra-Estruturas de Águas e Saneamento,aias,1,0,1,1,0,16089,MZ-NUIT-700098168,1,MZ-NUIT-700098168,1,1
AICS - Agenzia Italiana per la Cooperazione allo Sviluppo / Italian Agency for Cooperation and Development,aics,4356,1,83,82,1,22730566,XM-DAC-6-4,1,XM-DAC-6-4,2,1;2
AidData,aiddata,879,0,1,1,0,7443400,US-501c3-522318905,1,US-501c3-522318905,1,null
Stichting Aidenvironment,aidenvironment,4,0,1,1,0,52513,NL-KVK-41208024,1,NL-KVK-41208024,1,1
AIDSPAN,aidspan,7,1,2,1,1,15262,US-EIN-32-0060251,1,US-EIN-32-0060251,1,1
Amnesty International UK Section Charitable Trust,aiuk,1,0,1,1,0,2302,GB-CHC-1051681,1,GB-CHC-1051681,1,1
Aga Khan Foundation Afghanistan,akf_afghanistan,3,0,1,1,0,7163,AF-MOE-138,1,AF-MOE-138,1,1
Aga Khan Foundation (United Kingdom),akfuk73,3,5,2,1,1,73899,GB-COH-1100897,1,GB-COH-1100897,1,1
Commune de Akpro-Missérété - Bénin,akpro-misserete,1,1,2,1,1,29200,BJ-IFU-6201001843703,1,BJ-IFU-6201001843703,1,null
Aktis Strategy Ltd,aktis,6,1,6,5,1,40961,GB-COH-08327972,1,GB-COH-08327972,1,1
Akvo Foundation,akvo,22,1,2,1,1,559518,NL-KVK-27327087,1,NL-KVK-27327087,1,null
Accountability Lab,alab,4,0,1,1,0,29267,US-EIN-45-4613016,1,US-EIN-45-4613016,1,1
Alcis Holdings Limited,alcis,1,0,1,1,0,2163,GB-COH-5155300,1,GB-COH-5155300,1,1
ONG ALCRER,alcrer-1,1,1,2,1,1,110453,BJ-IFU-6201200599008,1,BJ-IFU-6201200599008,1,null
Alfalit,alfalit,2,0,1,1,0,21737,MZ-MOJ-203D,1,MZ-MOJ-203D,1,null
Commune de Allada - Bénin,allada,1,1,2,1,1,46848,BJ-IFU-6201501755307,1,BJ-IFU-6201501755307,1,null
Alliance of Religions and Conservation,alliance_of_religions_and_conservation,1,1,2,1,1,83674,GB-CHC-1047608,1,GB-CHC-1047608,1,1
All We Can (formerly Methodist Relief and Development Fund),allwecan,2,1,3,2,1,36008,GB-CHC-291691,1,GB-CHC-291691,1,1
Amnesty International The Netherlands,amnesty,22,1,2,1,1,259266,NL-KVK-40530953,2,Amnesty International Nederland;NL-KVK-40530953,1,1
Amref Health Africa in Ethiopia,amrefeth,3,1,3,2,1,200297,ET-MFA-0001989741,1,ET-MFA-0001989741,1,1
Amref Health Africa - UK,amrefha,9,1,3,2,1,135083,GB-CHC-261488,1,GB-CHC-261488,1,1
Amref Health Africa Headquarters,amrefhq,2,1,2,1,1,54485,KE-RCO-C1-61,1,KE-RCO-C1-61,1,1
Amref Health Africa in Kenya,amrefkenya,2,1,2,1,1,130425,KE-NCB-93175,1,KE-NCB-93175,1,1
Amref Health Africa Malawi,amrefmw,3,1,2,1,1,192140,MW-NBM-R1527,1,MW-NBM-R1527,1,1
Amref Flying Doctors,amrefnl,58,1,2,1,1,873014,NL-KVK-41150298,1,NL-KVK-41150298,1,1
Amref Health Africa in Tanzania,amreftz,2,0,1,1,0,28941,TZ-BRLA-4368,1,TZ-BRLA-4368,1,1
Amref Health Africa in Uganda,amrefug,2,1,2,1,1,39365,UG-NGB-5914-252,1,UG-NGB-5914-252,1,1
Ananda Marga Universal Relief Team (AMURT) Africa,amurt_kenya,1,1,2,1,1,36966,KE-NCB-OP21805193101154,1,KE-NCB-OP21805193101154,1,1
Agence Nationale d'Approvisionnement en Eau Potable en Milieu Rural du Benin,anaepmr_benin,4,1,2,1,1,207185,BJ-IFU-4201710182326,1,bj-IFU-4201710182326,1,null
The National Association of Municipalities of Benin (ANCB),ancb_benin,0,2,2,0,2,1201,BJ-IFU-6201408024805,2,BJ-IFU-4201710012551;BJ-IFU-6201408024805,0,
ANDA,anda,2,0,1,1,0,21763,MZ-MOJ-F30G1No89,1,MZ-MOJ-F30G1No89,1,null
Association for Progressive Communication,apc,3,1,2,1,1,14218,US-EIN-943287156,1,US-EIN-943287156,1,1
Association pour la Promotion de l'Education et de la Formation à l'Etranger,apefe,18,0,11,11,0,299369,BE-BCE_KBO-0415880570,1,BE-BCE_KBO-0415880570,1,1
African Population and Health Research Center,aphrc,1,0,1,1,0,2675,US-EIN-06-1608361,1,US-EIN-06-1608361,1,1
Commune de Aplahoué - Bénin,aplahoue,1,1,2,1,1,43074,BJ-IFU-6201001076902,1,BJ-IFU-6201001076902,1,null
Afghanistan Public Policy Research Organization (APPRO),appro-af,5,1,2,1,1,151663,AF-MOE-1212,1,AF-MOE-1212,1,1
APPRO-Europe,appro-eu,3,1,3,2,1,50077,BE-GTCF-630789842,1,BE-GTCF-630789842,1,1
APT Action on Poverty,apt,5,1,4,3,1,203553,GB-CHC-290836,1,GB-CHC-290836,1,1
Aqua for All,aqua4all,371,0,5,5,0,3411220,NL-KVK-27248417,2,NL-KVK-27248417;null,3,1;3;null
ABAAD - Resource Center for Gender Equality,arcfge,27,0,1,1,0,109245,LB-MOI-497,1,LB-MOI-497,1,1
Académie de recherche et d'enseignement supérieur,ares,22,1,2,1,1,416601,BE-BCE_KBO-0546740696,1,BE-BCE_KBO-0546740696,2,1;2
Association for Reproductive and Family Health,arfh,3,1,2,1,1,14791,NG-CAC-5938,1,NG-CAC-5938,1,1
ARK (Absolute Return for Kids),ark,1,0,1,1,0,14792,GB-COH-04589451,1,GB-COH-04589451,1,1
Article19,art19,5,1,4,3,1,196016,GB-CHC-327421,1,GB-CHC-327421,1,1
Asian Development Bank,asdb,1602,1,41,40,1,41199583,46004,1,46004,1,null
Avocats Sans Frontières,asf,21,1,2,1,1,273980,BE-BCE_KBO-0447404580,1,BE-BCE_KBO-0447404580,2,1;2
Adam Smith International,asi,20,1,2,1,1,524027,GB-COH-2732176,1,GB-COH-2732176,1,1
Anti-Slavery International,asil,5,1,2,1,1,123895,GB-CHC-1049160,1,GB-CHC-1049160,2,1;3
Aapasi Sahayog Kendra Syangja Nepal (ASK Nepal),ask,2,1,2,1,1,8901,NP-SWC-8220,1,NP-SWC-8220,1,1
Access to Medicine Foundation,atmf,2,1,3,2,1,23418,NL-KVK-34185938,1,NL-KVK-34185938,1,1
The Access to Nutrition Foundation,atnf,8,1,2,1,1,108839,NL-KVK-58279199,1,NL-KVK-58279199,1,1
Atos IT Services Ltd,atosuk,3,1,2,1,1,14639,GB-COH-01245534,1,GB-COH-01245534,1,1
Access to Seeds Foundation,atsf,11,0,1,1,0,14864,NL-KVK-53744993,2,NL-KVK-53744993;NL-KVK-70292361,1,1
Australia - Department of  Foreign Affairs and Trade,ausgov,12466,1,156,155,1,52185476,AU-5,1,AU-5,1,1
Avanti Communications Plc,ava_admin,1,1,2,1,1,33816,GB-COH-06133927,1,GB-COH-06133927,1,1
Commune de Avrankou - Bénin,avrankou,1,1,2,1,1,43872,BJ-IFU-6201300688700,1,BJ-IFU-6201300688700,1,null
AVSI FOUNDATION IN UGANDA,avsi_uganda,1,0,1,1,0,77614,UG-NGB-5914-129,1,UG-NGB-5914-129,1,1
AVT-L Association of Victims of Terrorism Lebanon,avt-l,13,1,2,1,1,31539,LB-MOI-853,1,LB-MOI-853,1,1
African Women's Development Fund,awdf,10,0,1,1,0,50059,GH-DSW-2046,1,GH-DSW-2046,1,1
AWEPA,awepa,10,1,2,1,1,296463,NL-KVK-34106722,1,NL-KVK-34106722,1,1
Association for Women's Rights in Development (AWID),awid,13,1,2,1,1,257694,US-EIN-521291786,1,US-EIN-521291786,1,1
British Asian Trust,b_a_t,2,0,2,2,0,15876,GB-CHC-1127366,1,GB-CHC-1127366,1,1
British & Irish Agencies Afghanistan Group,baag,1,0,1,1,0,11259,GB-CHC-1135700,1,GB-CHC-1135700,1,1
Benelux Afro Center,bac,5,1,2,1,1,69992,BE-BCE_KBO-0463729878,1,BE-BCE_KBO-0463729878,2,1;2
Backward Society Education (BASE),base_22,16,1,2,1,1,36333,NP-DAO-DANG-18-046/47,1,NP-DAO-DANG-18-046/47,1,1
BasicNeeds,basicneeds,6,1,6,5,1,45158,GB-CHC-1079599,1,GB-CHC-1079599,1,1
Bees Abroad UK,bauk,1,1,2,1,1,14838,GB-CHC-1108464,1,GB-CHC-1108464,1,1
Babawatoto Centre For Children and Youth,bawacecy-tz,1,0,1,1,0,4334,TZ-TRA-116315386,1,TZ-TRA-116315386,1,1
BBC Media Action,bbcmediaaction,42,1,2,1,1,138871,GB-CHC-1076235,1,GB-CHC-1076235,1,1
Baylor College of Medicine Children's Foundation Malawi,bcm-cf,1,1,2,1,1,15884,MW-CNM-BCM-CF,1,MW-CNM-BCM-CF,1,1
Broederlijk Delen,bd,17,1,16,15,1,431116,BE-BCE_KBO-0418088113,1,BE-BCE_KBO-0418088113,1,1
BDO LLP,bdo,1,1,2,1,1,5760,GB-COH-OC305127,1,GB-COH-OC305127,1,1
Belgian Development Cooperation,be-dgd,2187,0,2,2,0,8588231,XM-DAC-2-10,1,BE-10,1,null
Bees for Development Trust,beesfordevelopment,1,1,2,1,1,20412,GB-CHC-1078803,1,GB-CHC-1078803,1,1
"UK - Department for Business, Energy and Industrial Strategy",beis,111,1,4,3,1,529273,GB-GOV-13,1,GB-GOV-13,1,null
Berytech Foundation,berytech,26,1,2,1,1,37695,LB-MOI-26_AD,2,LB-MOI-26_AD;XI-PB-26_AD,1,1
Bioclimate Research and Development,bioclimate,3,0,1,1,0,10028,GB-SC-044007,1,GB-SC-044007,1,1
Beweging voor Internationale Solidariteit - Mouvement pour la Solidarité Internationale,bismsi,3,0,1,1,0,60938,BE-BCE_KBO-0478060441,1,BE-BCE_KBO-0478060441,2,1;2
Blue Ventures Conservation,blueventures,1,1,2,1,1,10654,GB-CC-1098893,1,GB-CC-1098893,1,1
Bill & Melinda Gates Foundation,bmgf,8541,1,11,10,1,83293687,DAC-1601,1,DAC-1601,1,1
International Climate Initiative / BMU - IKI Secretariat,bmu_iki,618,0,1,1,0,2426853,XI-IATI-IKI,1,XI-IATI-IKI,1,null
Germany - Ministry for Economic Cooperation and Development,bmz,8826,1,3,2,1,55999690,DE-1,1,DE-1,1,1
Bangladesh Nari Progati Sangha,bnps,1,0,1,1,0,19938,BD-NAB-0271,1,BD-NAB-0271,1,null
Bond,bond,8,1,2,1,1,115036,GB-CHC-1068839,1,GB-CHC-1068839,1,1
Commune de Bopa - Bénin,bopa,1,1,2,1,1,42062,BJ-IFU-6200901944209,1,BJ-IFU-6200901944209,1,null
BOS+ tropen,bos_plus_tropen,15,0,1,1,0,175454,BE-BCE_KBO-0479222461,1,BE-BCE_KBO-0479222461,2,1;2
Both ENDS,bothends,12,1,6,5,1,574385,NL-KVK-41210098,1,NL-KVK-41210098,1,2
BRAC,brac_admin2,2,1,2,1,1,73889,BD-NAB-002,1,BD-NAB-002,1,1
BRAC International,bracintl,11,0,1,1,0,196897,NL-CCI-20081098,3,GB-CHC-1115482;GB-COH-1115482;NL-CCI-20081098,2,0;1
British Council,britishcouncil,17,1,14,13,1,189613,GB-CHC-209131,1,GB-CHC-209131,1,1
Brulocalis,brulocalis,6,1,2,1,1,95359,BE-BCE_KBO-0451516390,1,BE-BCE_KBO-0451516390,2,1;2
BSR,bsr_admin,5,1,4,3,1,12471,US-EIN-52-1764268,1,US-EIN-52-1764268,1,2
Bucks Community NGO,bucksfarm,1,0,1,1,0,6975,UG-NGB-10890,1,UG-NGB-10890,1,1
Build Africa,buildafrica,2,1,2,1,1,24013,GB-CHC-298316,2,GB-CHC-298316;null,1,1
Burns Violence Survivors - Nepal,bvs-nepal,1,1,2,1,1,5341,NP-SWC-27288,1,NP-SWC-27288,1,1
Brigham and Women's Hospital,bwh,1,1,2,1,1,8077,US-EIN-042312909,1,US-EIN-042312909,1,1
C40 Cities Climate Leadership Group,c40cities,1,0,1,1,0,2897,US-EIN-900634376,1,US-EIN-900634376,1,1
CABI,cabi,12,1,8,7,1,212961,XI-IATI-CABI,1,XI-IATI-CABI,1,1
Comité pour l'abolition des dettes illégitimes,cadtm,4,1,2,1,1,41970,BE-BCE_KBO-0446340550,1,BE-BCE_KBO-0446340550,2,1;2
Catholic Agency For Overseas Development (CAFOD),cafod,930,1,63,62,1,4835332,GB-CHC-285776,1,GB-CHC-285776,1,1
Christian Aid,caid,1128,1,11,10,1,1538393,GB-CHC-1105851,2,GB-CHC-1105851;GB-CHC-110858,1,null
Christian Aid Ireland,caid_ireland,0,0,0,0,0,0,IE-CHY-6998,0,,0,
Crown Agents Limited,cal,11,1,7,6,1,139986,GB-COH-03259922,1,GB-COH-03259922,1,1
Camfed International,camfed,13,0,5,5,0,399804,GB-CHC-1029161,1,GB-CHC-1029161,2,0;null
Canon Collins Trust,canoncollinstrust,1,0,1,1,0,12629,GB-CHC-1102028,1,GB-CHC-1102028,1,1
Cardno Emerging Markets,cardnoem,5,0,1,1,0,205177,GB-COH-05543952,1,GB-COH-05543952,1,1
CARE BENIN/TOGO,carebenintogo,1,0,1,1,0,225572,BJ-IFU-5201000673108,1,BJ-IFU-5201000673108,1,1
CARE Nederland,carenederland,45,1,2,1,1,1367897,NL-KVK-41158230,1,NL-KVK-41158230,2,1;2
Caribbean Development Bank (CDB),caribank,9,0,7,7,0,17736,XM-DAC-46009,2,XI-IATI-46009;XM-DAC-46009,1,1
Caritas Denmark,caritas_denmark,20,1,2,1,1,418324,DK-CVR-29439915,1,DK-CVR-29439915,1,1
Caritas Serbia,caritas_serbia,5,0,1,1,0,16953,RS-APR-17062603,1,RS-APR-17062603,1,null
Caritas Finland,caritasfin,6,1,3,2,1,11820,FI-PRO-139407,1,FI-PRO-139407,2,1;null
The Carter Center,carter-center,1,0,1,1,0,5319,US-EIN-58-1454716,1,US-EIN-58-1454716,1,1
the center for victimized women and children,cavwoc,1,0,1,1,0,12602,MW-CNM-C057/1998,1,MW-CNM-C057/1998,1,null
The Convention on Business Integrity,cbi-nigeria,0,1,1,0,1,608,NG-CAC-RC481360,1,NG-CAC-RC481360,0,
Christian Blind Mission (UK) Ltd.,cbm,1,1,2,1,1,2345,GB-CHC-1058162,1,GB-CHC-1058162,1,1
Clean Clothes Campaign,ccc,3,1,2,1,1,114127,NL-KVK-41210820,1,NL-KVK-41210820,1,1
Centre For Citizens With Disabilities,ccdnigeria,0,0,0,0,0,0,NG-CAC-IT-23286,0,,0,
CDA Collaborative Learning Projects,cda,4,0,2,2,0,12248,US-IRS-562339052,1,US-IRS-562339052,1,1
CDC Group plc,cdc,152,1,2,1,1,370996,GB-COH-03877777,2,GB-COH-038777;GB-COH-03877777,1,null
Chaîne de l'Espoir Belgique / Keten van Hoop België / Chain of Hope Belgium,cdeb-kvhb_admin,4,0,3,3,0,32502,BE-BCE_KBO-0463455904,1,BE-BCE_KBO-0463455904,2,1;2
Conflict Dynamics International,cdi,1,1,2,1,1,200508,US-EIN-56-2460366,1,US-EIN-56-2460366,1,1
Coopération par l'Education et la Culture,cec,4,1,2,1,1,43464,BE-BCE_KBO-0417549465,1,BE-BCE_KBO-0417549465,2,1;2
Center for International Studies and Cooperation,ceci,1,0,1,1,0,4513,CA-CRA_ACR-118846575,1,CA-CRA_ACR-118846575,1,1
Cecily's Fund,cecily,1,1,2,1,1,44997,GB-CHC-1071660,1,GB-CHC-1071660,1,1
Christian Engineers in Development,ced,1,1,2,1,1,10247,GB-CHC-293734,1,GB-CHC-293734,1,1
Centre for Economic Policy Research,cepr,1,1,2,1,1,128775,GB-CHC-287287,1,GB-CHC-287287,1,1
United Nations Central Emergency Response Fund (CERF),cerf,6303,1,15,14,1,30279259,XM-OCHA-CERF,1,XM-OCHA-CERF,1,1
CHOICE for Youth and Sexuality,cfyas,13,1,2,1,1,652812,NL-KVK-32108345,1,NL-KVK-32108345,1,1
Clinton Health Access Initiative,chai,5,0,1,1,0,22110,US-EIN-27-1414646,1,US-EIN-27-1414646,1,1
Chemonics International Inc.,chemonics,1,1,2,1,1,17180,US-EIN-52-2145827,1,US-EIN-52-2145827,1,1
ChildFund International,childfund,1,1,2,1,1,20063,US-EIN-54-0536100,1,US-EIN-54-0536100,1,1
ChildHope UK,childhopeuk,6,1,6,5,1,172184,GB-CHC-328434,1,GB-CHC-328434,1,1
CARE International Afghanistan,ciafg,2,1,2,1,1,24531,AF-MOE-22,1,AF-MOE-22,1,1
Caritas International (Belgium),cibe,25,2,7,5,2,250620,BE-BCE_KBO-0410644946,1,BE-BCE_KBO-0410644946,3,1;2;null
Children in Crisis,cic,2,1,2,1,1,62042,GB-CHC-1020488,1,GB-CHC-1020488,1,null
Climate Investment Funds,cif,261,0,55,55,0,1157871,47135,2,47134;47135,1,null
CIFAL Scotland,cifal,1,1,2,1,1,22096,GB-SC-037597,1,GB-SC-037597,1,1
Centre for Indian Knowledge Systems,ciks,1,1,2,1,1,281519,ciks,1,ciks,1,1
CINI,cini_jhk,1,0,1,1,0,37425,IN-MHA-147110006,1,IN-MHA-147110006,1,null
CISU,cisu,1,0,1,1,0,1632,DK-CVR-19348407,1,DK-CVR-19348407,1,1
CARE International UK,ciuk,260,0,8,8,0,487172,GB-CHC-292506,2,GB-1-202615;GB-CHC-292506,1,null
Center for Civilians in Conflict,civic_admin,4,1,4,3,1,37040,US-EIN-75-3130860,1,US-EIN-75-3130860,1,1
CIVICUS World Alliance for Citizen Participation,civicus,1,0,1,1,0,18631,ZA-NPO-029-864,1,ZA-NPO-029-864,1,1
CARE International in Zimbabwe,ciz,1,2,2,1,1,8112,ZW-PVO-15/2003,1,ZW-PVO-15/2003,1,1
COMMISSION JUSTICE ET PAIX ASBL (cjp),cjp,3,1,2,1,1,37567,BE-BCE_KBO-0418399305,1,BE-BCE_KBO-0418399305,2,1;2
CLASP,clasp,2,2,2,1,1,9521,US-EIN-33-1112770,1,US-EIN-33-1112770,1,1
Red Cross Red Crescent Climate Centre,climate_centre,18,0,1,1,0,176184,NL-KVK-27267681,1,NL-KVK-27267681,1,1
Stichting Nederlands Instituut voor Internationale Betrekkingen 'Clingendael',clingendael,70,1,3,2,1,374813,NL-KVK-41152832,1,NL-KVK-41152832,1,1
Centre National de Coopération au Développement (CNCD-11.11.11),cncd,11,1,5,4,1,122091,BE-BCE_KBO-0421207751,1,BE-BCE_KBO-0421207751,2,1;2
COC Nederland,cocnl_publisher,13,0,1,1,0,301838,NL-KVK-40530156,1,NL-KVK-40530156,2,1;2
CODA International,coda,1,0,1,1,0,12833,GB-CHC-1000717,1,GB-CHC-1000717,1,1
Coffey International Development,coffey,37,1,17,16,1,130699,GB-COH-3799145,1,GB-COH-3799145,1,1
ColaLife,colalife,1,1,2,1,1,19598,GB-CHC-1142516,1,GB-CHC-1142516,1,1
Commune de Comè - Bénin,come,1,1,2,1,1,47455,BJ-IFU-6201000370801,1,BJ-IFU-6201000370801,1,null
The Commonwealth Secretariat,commonwealthsecretariat,47,1,2,1,1,13579231,XI-IATI-CWSEC,1,XI-IATI-CWSEC,1,1
Concern Worldwide,concern_worldwide,32,1,2,1,1,340708,IE-CHY-20009090,1,IE-CHY-20009090,1,null
Concern Worldwide UK,concernuk,32,1,2,1,1,304907,GB-CHC-1092236,1,GB-CHC-1092236,1,null
Concordis International,concordis,2,0,1,1,0,8232,GB-COH-04930461,1,GB-COH-04930461,1,1
Congodorpen vzw,congodorpen,5,1,4,3,1,90249,BE-BCE_KBO-0408256667,1,BE-BCE_KBO-0408256667,1,1
Cord,cord,1,1,2,1,1,25503,GB-CHC-1070684,1,GB-CHC-1070684,1,1
Cordaid,cordaid,1222,0,1,1,0,13047812,NL-KVK-41160054,1,NL-KVK-41160054,1,null
Construction Sector Transparency Initiative (CoST),cost_uk,31,0,1,1,0,70144,GB-COH-8159144,1,GB-COH-8159144,1,1
Cowater International Inc,cowater,1,0,1,1,0,3244,CA-CRA_ACR-101182509,1,CA-CRA_ACR-101182509,1,1
COWI,cowi,3,1,3,2,1,136541,DK-CVR-44623528,1,DK-CVR-44623528,2,1;null
Climate Policy Initiative,cpi,1,0,1,1,0,1902,US-EIN-26-4129153,1,US-EIN-26-4129153,1,1
Charity Projects Ltd (Comic Relief),cprojects,4,0,1,1,0,35366,GB-CHC-326568,1,GB-CHC-326568,1,1
Conciliation Resources,cr,5,1,2,1,1,83181,GB-CHC-1055436,2,GB-CHC-1055436;null,2,1;2
CRANE,crane,1,1,2,1,1,17846,UG-NGB-5914-9186,1,UG-NGB-5914-9186,1,1
Croix-Rouge de Belgique Communauté francophone - Activités internationales ASBL,crb-ai_admin,12,1,2,1,1,191239,BE-BCE_KBO-0462132150,1,BE-BCE_KBO-0462132150,2,1;2
CREA,creausa-org,16,5,2,1,1,654810,US-EIN-31-1812979,1,US-EIN-31-1812979,1,1
Center for Research on Environment Health and Population Activities (CREHPA),crehpa,1,1,2,1,1,7663,NP-SWC-1844,1,NP-SWC-1844,1,1
Catholic Relief Services,crs,8,1,2,1,1,152835,US-EIN-13-5563422,1,US-EIN-13-5563422,1,1
Collectif Stratégies Alimentaires,csa,7,1,2,1,1,86467,BE-BCE_KBO-0448755949,1,BE-BCE_KBO-0448755949,2,1;2
Centre for the Study of Adolescence,csa-kenya,1,0,1,1,0,29062,KE-NCB-218/051/96110/823,1,KE-NCB-218/051/96110/823,1,null
CARE SOMALIA,csom1,3,1,2,1,1,48659,KE-NCB-218/051/9384/74,1,KE-NCB-218/051/9384/74,1,1
CHEKA SANA TANZANIA,cst,1,0,1,1,0,4004,TZ-TRA-121406209,1,TZ-TRA-121-406-209,1,1
Centre Tricontinental - CETRI,ct-admin,5,1,2,1,1,37566,BE-BCE_KBO-0461076236,1,BE-BCE_KBO-0461076236,2,1;2
Child-to-Child,ctc,1,1,2,1,1,23595,GB-CHC-1152010,1,GB-CHC-1152010,1,1
United Purpose,cu,2,1,3,2,1,134458,GB-CHC-272465,1,GB-CHC-272465,1,1
CUAMM Trustees,cuammtrustees,1,1,2,1,1,44502,TN-TIN-102123727,1,TN-TIN-102123727,1,1
Carers Worldwide,cww,1,1,2,1,1,21367,GB-CHC-1150214,1,GB-CHC-1150214,1,1
Cyan International,cyan,6,1,2,1,1,58036,GB-CHC-1129603,1,GB-CHC-1129603,2,0;1
Data4Development,d4d,1,0,1,1,0,9038,NL-KVK-64763064,1,NL-KVK-64763064,1,null
Dorcas Aid International,dai,23,1,2,1,1,210110,NL-KVK-41236410,1,NL-KVK-41236410,1,1
DAI Europe,dai-e,31,1,2,1,1,2122995,GB-COH-1858644,1,GB-COH-1858644,1,1
Damiaanactie / Action Damien,damien-foundation,8,1,2,1,1,69953,BE-BCE_KBO-0406694670,1,BE-BCE_KBO-0406694670,2,1;2
dance4life,dance4life,8,1,8,7,1,107920,NL-KVK-34197379,1,NL-KVK-34197379,1,1
Commune de Dangbo - Benin,dangbo,1,1,2,1,1,41024,BJ-IFU-4201710012551,1,BJ-IFU-4201710012551,1,null
Denmark - Ministry of Foreign Affairs,danida,15162,1,8,7,1,91738227,XM-DAC-3-1,1,XM-DAC-3-1,2,1;2
Danish Red Cross,danishrc,2,0,1,1,0,9903,DK-CVR-20700211,1,DK-CVR-20700211,1,1
Danmission,danmission,1,0,1,1,0,6048,DK-CVR-25191501,1,DK-CVR-25191501,1,1
Development Aid from People to People (DAPP) Malawi,dapp,7,0,2,2,0,77379,GPAF-IMP-031,2,MW-CNM-21;dm,1,1
Dawuro Development Association,dawuro_da,1,0,1,1,0,14750,ET-CSA-0976,1,ET-CSA-0976,1,1
Défi Belgique Afrique,dba,4,1,2,1,1,42113,BE-BCE_KBO-0433439550,1,BE-BCE_KBO-0433439550,2,1;2
Digital Campus,dc,1,1,2,1,1,32397,GB-COH-07629751,1,GB-COH-07629751,1,1
DanChurchAid,dca,10,1,7,6,1,327955,DK-CVR-36980214,1,DK-CVR-36980214,1,1
Geneva Centre for the Democratic Control of Armed Forces (DCAF),dcaf,5,1,5,4,1,108191,CH-FDJP-109458452,1,CH-FDJP-109458452,1,1
Defence for Children International Netherlands - ECPAT Netherlands,dciecpatnl,13,1,14,13,1,367758,NL-KVK-41208813,1,NL-KVK-41208813,2,1;2
Disability and Development Partners,ddp,6,0,2,2,0,122698,GB-CHC-1046001,1,GB-CHC-1046001,1,1
Disasters Emergency Committee,dec-uk,8,1,2,1,1,217728,GB-CHC-1062638,1,GB-CHC-1062638,1,1
DECP,decp,31,1,2,1,1,138651,NL-KVK-27284008,1,NL-KVK-27284008,1,null
"UK - Department for Environment, Food and Rural Affairs",defra_transparency,66,0,13,13,0,106056,GB-GOV-7,2,GB-7;GB-GOV-7,2,1;null
Delivery Associates Ltd,delivery_associates,9,0,5,5,0,12768,GB-COH-08333641,1,GB-COH-08333641,1,1
Stichting Deltares,deltares,21,0,1,1,0,224383,NL-KVK-41146461,1,NL-KVK-41146461,1,1
UK - Department for International Development (DFID),dfid,18995,1,126,125,1,170296183,GB-GOV-1,1,GB-GOV-1,2,1;2
Danish Family Planning Association,dfpa,1,0,1,1,0,1800,DK-CVR-58185728,1,DK-CVR-58185728,1,1
Democratic Governance Facility,dgf,3,1,2,1,1,170031,XI-IATI-DGF,1,XI-IATI-DGF,1,1
Stichting fondsbeheer DGGF lokaal MKB,dggf_financing_local_smes,41,0,1,1,0,195442,NL-KVK-61172863,1,NL-KVK-61172863,1,1
David Gordon Memorial Hospital,dgmh,1,0,1,1,0,4829,MW-MRA-20120896,1,MW-MRA-20120896,1,1
Nepal Disabled Human Rights Center,dhrc_nepal,1,1,2,1,1,14861,NP-SWC-10136,1,NP-SWC-10136,1,1
UK - Department of Health and Social Care (DHSC),dhsc,117,1,4,3,1,1130689,GB-GOV-10,2,GB-10;GB-GOV-10,2,1;2
Diakonia Sweden,diakonia802017-3517,350,0,1,1,0,1873248,SE-ON-802017-3517,1,SE-ON-802017-3517,1,null
Developments In Literacy Trust UK,diltuk,1,1,2,1,1,20240,GB-CHC-1122924,1,GB-CHC-1122924,1,1
Development Initiatives Poverty Research,dipr,84,1,3,2,1,591593,GB-COH-06368740,1,GB-COH-06368740,2,1;null
Djapo VZW,djapo,3,1,2,1,1,40471,BE-BCE_KBO-0408022778,1,BE-BCE_KBO-0408022778,2,1;2
DKT - (Pakistan),dkt,1,1,2,1,1,4644,PK-SEC-0080655,1,XI-IATI-PK-SEC-0080655,1,1
"Discovery Learning Alliance, Inc.",dla,2,0,1,1,0,67194,US-EIN-522043740,1,US-EIN-522043740,1,1
Dansk Missionråds Udviklingsafdeling,dmru,3,0,3,3,0,6924,DK-CVR-12006004,1,DK-CVR-12006004,1,1
Dóchas - Irish Association of Non Governmental Development Organisations,dochas,22,0,1,1,0,44559,IE-CHY-6410,1,IE-CHY-6410,1,1
Development Organisation of the Rural Poor,dorp-org,1,0,1,1,0,17285,BD-NAB-0682,1,BD-NAB-682,1,null
Doctors of the World UK,dotw_uk,3,1,2,1,1,14238,GB-CHC-1067406,1,GB-CHC-1067406,1,1
Disabled People's Organisations Denmark,dpod,1,0,1,1,0,1924,DK-CVR-14766383,1,DK-CVR-14766383,1,1
Direcção Provincial de Saúde de Nampula,dps-nampula,10,0,1,1,0,37897,MZ-NUIT-500004037,1,MZ-NUIT-500004037,1,1
Disability Rights Advocacy Fund,draf,1,1,2,1,1,12788,US-EIN-27-5026463,1,US-EIN-27-5026463,1,1
Danish Refugee Council,drc,9,1,2,1,1,85575,DK-CVR-20699310,1,DK-CVR-20699310,1,1
Disability Rights Fund,drf,1,1,2,1,1,26291,US-EIN-27-5026293,1,US-EIN-27-5026293,1,1
Democracy Reporting International gGmbH,dri,0,1,1,0,1,1179,DE-CR-RA000217-HRB121747B,1,DE-CR-RA000217-HRB121747B,0,
Desmond Tutu HIV Foundation,dthfxx12,11,1,2,1,1,34393,ZA-ROC-1999/05072/08,1,ZA-ROC-1999/05072/08,1,1
Deloitte Touche Tohmatsu India LLP,dttillp,1,1,2,1,1,4930,IN-MCA-AAE-8458,1,IN-MCA-IN-MCA-AAE-8458,1,1
DUF - The Danish Youth Council,duf,1,0,1,1,0,1305,DK-CVR-13078513,1,DK-CVR-13078513,1,1
UK - Department for Work and Pensions,dwp,1,0,1,1,0,6161,GB-9,1,GB-9,1,1
Dynamo International asbl,dynamo_international,3,1,2,1,1,39486,BE-BCE_KBO-0474912493,1,BE-BCE_KBO-0474912493,2,1;2
Energy 4 Impact,e4i,1,0,1,1,0,1458,GB-CHC-1119168,1,GB-CHC-1119168,1,1
European Bank for Reconstruction and Development,ebrd,592,1,2,1,1,2667566,XI-IATI-EBRD,1,XI-IATI-EBRD,1,null
Echos Communication,ec,7,1,2,1,1,93976,BE-BCE_KBO-0443262185,1,BE-BCE_KBO-0443262185,2,1;2
European Commission - Directorate-General for International Cooperation and Development,ec-devco,64936,1,209,208,1,651388847,XI-IATI-EC_DEVCO,1,XI-IATI-EC_DEVCO,2,1;2
European Commission - Humanitarian Aid & Civil Protection,ec-echo,5622,1,9,8,1,34319778,XI-IATI-EC_ECHO,1,XI-IATI-EC_ECHO,2,1;2
European Commission - Service for Foreign Policy Instruments,ec-fpi,1859,1,138,137,1,12630738,XI-IATI-EC_FPI,1,XI-IATI-EC_FPI,2,1;2
European Commission - Neighbourhood and Enlargement Negotiations,ec-near,18716,1,59,58,1,143919715,XI-IATI-EC_NEAR,1,XI-IATI-EC_NEAR,2,1;2
ECDPM,ecdpm,21,1,2,1,1,822170,NL-KVK-41077447,1,NL-KVK-41077447,1,null
Eclosio,eclosio,11,1,2,1,1,147631,BE-BCE_KBO-0432503697,1,BE-BCE_KBO-0432503697,1,1
Ecorys Nederland B.V.,ecorysnl,1,1,2,1,1,140670,NL-KVK-24316726,1,NL-KVK-24316726,1,null
Ecorys UK,ecuk,3,0,3,3,0,15748,GB-COH-01650169,1,GB-COH-01650169,1,1
Education Development Trust,edt_kenya,8,4,3,2,1,357690,KE-RCO-270901,2,KE-KROS-270901;KE-RCO-270901,2,1;null
EDUCATION DEVELOPMENT TRUST - RWANDA,edt_rwanda,1,0,1,1,0,39287,RW-RGB-002-RGB-NGO-2017,1,RW-RGB-002RGB17,1,1
Educate!,educate,1,0,1,1,0,4270,US-EIN-84-1648607,1,US-EIN-84-1648607,1,1
Edukans Foundation,edukans_foundation,52,0,1,1,0,230679,NL-KVK-32092131,1,NL-KVK-32092131,1,null
Exeter Ethiopia Link,eel,1,1,2,1,1,12700,GB-CHC-1154085,1,GB-CHC-1154085,1,1
Entraide et Fraternité,ef_,12,1,11,10,1,381031,BE-BCE_KBO-0418015461,1,BE-BCE_KBO-0418015461,2,1;2
Ethiopian Horticulture Producer Exporters Association (EHPEA),ehpea,1,3,2,1,1,7909,ET-MOT-020/4/007,2,ET-MOT-020/4/007;ET-MOT-0204007,1,1
European Investment Bank,eib,622,1,2,1,1,2120288,XM-DAC-918-3,1,XM-DAC-918-3,1,null
Enhanced Integrated Framework,eif,169,1,2,1,1,516855,XM-DAC-1409,1,XM-DAC-1409,1,1
European Institute of Peace,eip,5,0,1,1,0,258545,BE-BCE_KBO-0550758080,1,BE-BCE_KBO-0550758080,1,1
Emmanuel International UK,eiuk,1,1,2,1,1,20243,GB-CHC-289036,1,GB-CHC-289036,1,1
European Journalism Centre,ejc,9,1,2,1,1,348172,NL-KVK-41078390,1,NL-KVK-41078390,1,1
EMMS International,emms,15,0,1,1,0,89268,GB-SC-SC032327,1,GB-OSCR-SC032327,1,null
Belgian development agency (Enabel),enabel,990,1,2,1,1,2819123,BE-BCE_KBO-0264814354,1,BE-BCE_KBO-0264814354,1,null
Energy Saving Trust,energy_saving_trust,1,0,1,1,0,4821,GB-COH-02622374,1,GB-COH-02622374,1,1
EngenderHealth Ethiopia,engenderhealth_eth,3,0,1,1,0,5407,ET-MFA-1233,1,ET-MFA-1233,1,1
equileap,equileap,1,2,2,1,1,20424,NL-KVK-65306198,1,NL-KVK-65306198,1,1
Economic and Social Research Foundation (ESRF),esrf,1,1,2,1,1,10534,TZ-TRA-101-091-759,1,TZ-TRA-101-091-759,1,1
Ethiopiaid UK,ethiopiaiduk,33,1,3,2,1,78427,GB-CHC-802353,1,GB-CHC-802353,1,1
Ethical Trading Initiative,eti,8,0,1,1,0,6812,GB-COH-3578127,1,GB-COH-3578127,1,1
Enfance Tiers Monde Kinderen Derde Wereld,etmkdw,6,1,2,1,1,61771,BE-BCE_KBO-0409451054,1,BE-BCE_KBO-0409451054,2,1;2
EveryChild,evc,2,1,2,1,1,26960,GB-CHC-1089879,1,GB-CHC-1089879,1,1
Engineers Without Borders Canada,ewb_canada,6,1,2,1,1,20730,CA-CRA-89980-1815-RR0001,1,CA-CRA-89980-1815-RR0001,1,1
Excellent Development,excellent,1,1,2,1,1,32023,GB-CHC-1094478,1,GB-CHC-1094478,1,1
Frontline AIDS,f-aids,19,1,2,1,1,1541415,GB-CHC-1038860,1,GB-CHC-1038860,1,1
Farm Africa,fa,25,1,2,1,1,174851,GB-COH-01926828,1,GB-COH-01926828,1,1
Family Aids Caring Trust,fact,1,1,2,1,1,20794,ZW-PVO-WO1789,1,ZW-PVO-WO1789,1,1
Fairfood International,fairfood,1,0,1,1,0,3973,NL-KVK-34141098,1,NL-KVK-34141098,1,1
Fairtrade Belgium,fairtrade_be,4,1,4,3,1,50435,BE-BCE_KBO-0441988715,1,BE-BCE_KBO-0441988715,2,1;2
Fairtrade Labelling Organizations International e.V.,fairtrade_international,1,1,2,1,1,37102,DE-AG-VR7795,1,DE-AG-VR7795,1,1
Food and Agriculture Organization of the United Nations (FAO),fao,4414,1,2,1,1,26313220,XM-DAC-41301,1,XM-DAC-41301,1,null
Fondo Centroamericano de Mujeres,fcam,6,1,2,1,1,56838,NI-MIGOB-3602,1,NI-MIGOB-3602,1,1
Farm Concern International,fci,1,1,2,1,1,9937,KE-RCO-C110031,1,KE-RCO-C110031,1,1
UK - Foreign & Commonwealth Office,fco,11398,0,23,23,0,19141712,GB-GOV-3,1,GB-3,1,null
Freedom Forum,ff,2,0,1,1,0,2949,NP-DAO-27-127/062/063,1,NP-DAO-27-127/062/063,1,1
Fauna & Flora International,ffi_publisher,1,0,1,1,0,2407,GB-COH-0277068,1,GB-COH-0277068,1,1
Food for the Hungry UK,fh,3,1,2,1,1,51000,GB-CHC-328273,1,GB-CHC-328273,1,1
The Fred Hollows Foundation (UK),fhfuk,1,1,2,1,1,8860,GB-CHC-1140288,1,GB-CHC-1140288,1,1
FHI360,fhi360,0,1,1,0,1,790,US-EIN-237413005,1,US-EIN-237413005,0,
Fiabel,fiabel,6,1,2,1,1,48092,XI-IATI-FIABEL,1,XI-IATI-FIABEL,2,1;2
FIAN Belgium,fian-belgium,5,2,2,1,1,54398,BE-BCE_KBO-0432622077,1,BE-BCE_KBO-0432622077,2,1;2
Federation of Women Lawyers Kenya,fida,1,0,1,1,0,9510,KE-NCB-218/051/93132/90,1,KE-NCB-218/051/93132/90,1,null
International Indigenous Women Forum,fimi_iiwf_2019,3,0,1,1,0,42580,PE-SUNARP-12623829,1,PE-SUNARP-12623829,1,1
Canada Department of Finance / Ministère des Finances Canada,finance_canada,47,1,2,1,1,779216,CA-4,1,CA-4,1,1
Finland - Ministry of Foreign Affairs,finland_mfa,17664,1,153,152,1,65238611,FI-3,1,FI-3,2,1;null
Fundo de Investimento e Patrimonio do Abastecimento de Água (FIPAG),fipag,1,0,1,1,0,11248,MZ-NUIT-600000381,1,MZ-NUIT-600000381,1,1
Family Life Education Program,flepuganda,1,0,1,1,0,15609,UG-NGB-1826,1,UG-NGB-1826,1,null
Forests Monitor,fm,0,1,2,1,1,593,GB-COH-3008440,1,GB-COH-3008440,0,
FMO,fmo,0,0,0,0,0,0,NL-KVK-27078545,0,,0,
Fundación Fondo Mujeres del Sur,fms,5,1,2,1,1,39130,AR-CENOC-16969-A,1,XI-IATI-359A08,1,1
Germany - Federal Foreign Office,fo_germany,570,0,6,6,0,2974026,XM-DAC-5-7,1,XM-DAC-5-7,1,null
Friends of the Earth-Ghana,foe-ghana,1,1,2,1,1,19646,GH-DSW-258,1,GH-DSW-258,1,1
"Friends of the Earth England, Wales and Northern Ireland",foe_ewni,1,1,2,1,1,31653,GB-CHC-281681,1,GB-CHC-281681,1,1
Friends of the Earth International,foei,3,1,3,2,1,158955,NL-KVK-40535338,1,NL-KVK-40535338,1,1
Milieudefensie,foenl,15,1,2,1,1,507531,NL-KVK-40530467,1,NL-KVK-40530467,1,1
Multilateral Investment Fund,fomin,497,0,26,26,0,3407201,XI-IATI-MIF,1,XI-IATI-MIF,1,null
FONCABA ASBL KBA VZW,foncaba,5,1,2,1,1,97221,BE-BCE_KBO-0409597544,1,BE-BCE_KBO-0409597544,2,1;2
Fonds voor Ontwikkelingssamenwerking - Socialistische Solidariteit VZW,fos,15,1,2,1,1,378404,BE-BCE_KBO-0432552989,1,BE-BCE_KBO-0432552989,2,1;2
The Foundation Center,foundation_center,1387,0,1,1,0,2414650,US-EIN-131837418,1,US-EIN-131837418,1,null
France - Ministry for Europe and Foreign Affairs,france,1804,1,53,52,1,3947784,FR-6,2,FR-6;FR-SIREN-110-006-012,1,null
FRANK Water,frankwater,2,1,2,1,1,2656,GB-CHC-1121273,1,GB-CHC-1121273,1,1
Free Press Unlimited,free_press_unlimited,26,1,3,2,1,646790,NL-KVK-52957535,1,NL-KVK-52957535,1,1
Free a Girl,freeagirl,6,1,6,5,1,142492,NL-KVK-34308169,1,NL-KVK-34308169,2,1;2
Friends of Publish What You Fund,friendsofpwyf,3,1,2,1,1,28192,US-EIN-47-4128047,1,US-EIN-47-4128047,1,1
Feed the Minds,ftm-291333,2,1,2,1,1,45589,GB-CHC-291333,1,GB-CHC-291333,1,1
Forum Universitaire pour la Coopération Internationale au Développement -FUCID ASBL,fucid,6,1,2,1,1,51936,BE-BCE_KBO-0416934803,1,BE-BCE_KBO-0416934803,1,1
Fundacion Acceso,fundacion-acceso,1,0,1,1,0,33059,CR-RPJ-3-006-125548,1,CR-RPJ-3-006-125548,1,1
Fair Wear Foundation,fwf,15,1,12,11,1,218244,NL-KVK-34111374,1,NL-KVK-34111374,1,1
Find Your Feet,fyf,5,1,5,4,1,89066,GB-CHC-250456,1,GB-CHC-250456,1,1
Viva Salud,g3w-m3m_admin,9,1,2,1,1,90705,BE-BCE_KBO-0418282311,1,BE-BCE_KBO-0418282311,2,1;2
Canada - Global Affairs Canada | Affaires mondiales Canada,gac-amc,4618,1,3,2,1,50252654,CA-3,1,CA-3,1,1
The Global Alliance for Improved Nutrition,gain,643,1,2,1,1,1624080,30001,1,30001,1,null
Global Action Nepal,gan,1,0,1,1,0,3666,NP-SWC-13712,1,NP-SWC-13712,1,null
GAVI Alliance,gavi,3248,1,77,76,1,57420647,47122,1,47122,1,1
British Red Cross,gb-chc-220949,6,0,6,6,0,38168,GB-CHC-220949,1,GB-CHC-220949,3,1;2;3
"The Global Development Incubator, Inc",gdi,1,1,2,1,1,37710,US-EIN-14-1945286,1,US-EIN-14-1945286,1,1
Girls’ Education Challenge – Fund Manager PwC,gecfundmanagerpwc,25,0,1,1,0,455087,GB-COH-03580586-GEC,1,GB-COH-03580586-GEC,2,1;2
GEOMOUN ASBL,geomoun,5,1,5,4,1,57350,BE-BCE_KBO-0472089102,1,BE-BCE_KBO-0472089102,2,1;2
Global Green Growth Institute (GGGI),gggi,53,1,2,1,1,638974,XM-DAC-47136,1,XM-DAC-47136,1,1
Johns Hopkins University,gi-jhu,1,2,2,1,1,7257,US-EIN-52-0595110,1,US-EIN-52-0595110,1,1
Geneva International Centre for Humanitarian Demining,gichd,5,1,2,1,1,17665,CH-FDJP-CHE109506789,1,CH-FDJP-CHE109506789,1,1
Global Innovation Fund,gif,37,0,1,1,0,67617,GB-CHC-1171353,1,GB-CHC-1171353,1,1
Girls Not Brides: The Global Partnership to End Child Marriage,girlsnotbrides,1,0,1,1,0,13600,GB-CHC-1154230,1,GB-CHC-1154230,1,1
Giro555 (Stichting Samenwerkende Hulporganisaties),giro555,2,1,2,1,1,78339,NL-KVK-27302841,1,NL-KVK-27302841,1,1
GiveDirectly,givedirectly,1,1,2,1,1,23414,US-EIN-27-1661997,1,US-EIN-27-1661997,1,1
Gender Links,gl,12,1,2,1,1,128257,ZA-CIPC-2001/005850/08,1,ZA-CIPC-2001/005850/08,1,1
Global Canopy,globalcanopy,1,1,2,1,1,16877,GB-CHC-1089110,1,GB-CHC-1089110,1,1
GlobalGiving.org,globalgiving,16951,9585,2,1,1,56004201,US-EIN-300108263,1,US-EIN-300108263,1,null
Global Integrity,globalintegrity,0,0,0,0,0,0,US-EIN-260126537,0,,0,
Global Focus,globaltfokus,1,0,1,1,0,1165,DK-CVR-35429867,1,DK-CVR-35429867,1,1
Global Network of People Living with HIV (GNP+),gnpplus,8,1,2,1,1,18582,NL-KVK-41214768,1,NL-KVK-41214768,1,1
GOAL,goal,3,1,2,1,1,22164,GB-CHC-1107403,1,GB-CHC-1107403,1,1
GOGLA - Global Off-Grid Lighting Association,gogla,1,0,1,1,0,7017,NL-KVK-62066064,1,NL-KVK-62066064,1,1
Global Partnership for Education,gpe,105,0,1,1,0,252798,XM-DAC-47501,1,XM-DAC-44101,1,null
GPPAC Foundation,gppac,12,1,2,1,1,226177,NL-KVK-41217404,1,NL-KVK-41217404,2,1;2
Groupe Pivot Santé Population,gpsp-org,2,1,3,2,1,113653,ML-NIF-082208943A,1,ML-NIF-082208943A,1,null
Global Rights Compliance,grc2018,10,1,2,1,1,59358,NL-KVK-70048436,1,NL-KVK-70048436,1,1
Grow Movement,growmovement_admin,2,1,2,1,1,9258,GB-CHC-1139083,1,GB-CHC-1139083,1,1
Guttmacher Institute,guttmacher,1,1,2,1,1,65119,US-EIN-13-2890727,1,US-EIN-13-2890727,1,2
Heartland Alliance International,ha-i,1,0,1,1,0,43252,US-EIN-30-0739799,1,US-EIN-US-EIN-300739799,1,1
Hagar International UK,hagar_uk,1,1,2,1,1,25124,GB-CHC-1143852,1,GB-CHC-1143852,1,1
Stichting Health Action International,hai,7,1,2,1,1,185204,NL-KVK-41207580,1,NL-KVK-41207580,1,1
The HALO Trust,halo,9,1,8,7,1,1093771,GB-CHC-1001813,1,GB-CHC-1001813,1,1
Hand in Hand International,handinhand,1,1,2,1,1,24670,GB-CHC-1113868,1,GB-CHC-1113868,1,1
Hospice Africa Ltd,hauk,2,1,2,1,1,11994,GB-CHC-1024903,1,GB-CHC-1024903,1,1
HealthNet TPO,healthnet,2,1,2,1,1,32120,NL-KVK-41211943,1,NL-KVK-41211943,1,1
DAI Global Health,healthpartners-international,7,1,6,5,1,35630,GB-COH-03054929,1,GB-COH-03054929,1,1
HE Foundation,hefoundation,1,1,2,1,1,42239,NL-KVK-58183167,1,NL-KVK-58183167,1,1
Heifer Nederland,heifernederland,15,1,2,1,1,113640,NL-KVK-20093733,1,NL-KVK-20093733,1,1
HelpAge International,helpage_international,338,1,2,1,1,5171691,GB-COH-1762840,1,GB-COH-1762840,1,null
The William and Flora Hewlett Foundation,hewlett-foundation,2386,1,2,1,1,8064253,US-EIN-941655673,1,US-EIN-941655673,1,null
Hope for Children,hfc,1,0,1,1,0,23872,GB-CHC-1161729,1,GB-CHC-1161729,1,1
Habitat for Humanity Great Britain,hfhgb,1,0,1,1,0,9288,GB-CHC-1043641,1,GB-CHC-1043641,1,null
Haiti Hospital Appeal,hha,1,1,2,1,1,51273,GB-CHC-1117528,1,GB-CHC-1117528,1,1
Hope and Homes for Children,hhc,3,1,2,1,1,54430,GB-CHC-1089490,1,GB-CHC-1089490,1,1
Homeless International,hi,10,1,6,5,1,72964,GB-CHC-1017255,1,GB-CHC-1017255,2,1;null
Handicap International Belgique,hib,18,1,2,1,1,173579,BE-BCE_KBO-0432235661,1,BE-BCE_KBO-0432235661,2,1;2
Handicap International,hifed,7,1,8,7,1,47293,FR-PDR-W691075333,1,FR-PDR-W691075333,1,1
HiiL innovating Justice,hiil_mfa,12,1,2,1,1,164787,NL-KVK-27290536,1,NL-KVK-27290536,1,1
Handicap International UK,hiuk,26,1,19,18,1,219004,GB-CHC-1082565,3,FR-PDR-W691075333;GB-CHC-1082565;XI-IATI-W691075333,1,1
Horizons for Green Development,horizons,1,1,2,1,1,8841,JO-CCD-200138796,1,JO-CCD-200138796,1,1
HealthProm,hp_12,2,4,2,1,1,22099,GB-COH-4887855,1,GB-COH-4887855,1,1
Health Poverty Action,hpa,9,1,2,1,1,121732,GB-CHC-1837621,1,GB-CHC-1837621,2,0;null
Human Relief Foundation,hrf,2,1,2,1,1,12614,GB-CHC-1126281,1,GB-CHC-1126281,1,1
Heifer International South Africa,hsa,1,1,2,1,1,13220,ZA-NPO-013484,1,ZA-NPO-013484,1,1
Helvetas Swiss Intercooperation,hsi,2,2,2,1,1,110243,CH-FDJP-CHE105834763,1,CH-FDJP-CHE105834763,2,1;2
HTSPE,htspe,2,1,3,2,1,8431,GB-COH-06407873,1,GB-COH-06407873,1,1
Stichting Humana,humana_houben,16,1,2,1,1,66436,NL-KVK-30285304,1,NL-KVK-30285304,1,1
Hilfswerk Austria Zimbabwe,hwa-zm,1,1,2,1,1,9040,XI-IATI-035026724,2,AT-LPD-035026724;XI-IATI-035026724,1,1
InterAction's NGO Aid Map,ia_nam,12002,0,105,105,0,40830732,US-EIN-13-3287064NAM,1,US-EIN-13-3287064NAM,1,null
Inter-American Development Bank,iadb,1351,1,28,27,1,32435470,XI-IATI-IADB,2,IADB;XI-IATI-IADB,1,null
International Bureau of Fiscal Documentation (IBFD),ibfd,20,0,4,4,0,88866,NL-KVK-41197411,1,NL-KVK-41197411,1,1
Oxfam IBIS,ibis_denmark,8,1,2,1,1,243488,DK-CVR-88136411,1,DK-CVR-88136411,1,1
ICA:UK,icauk,1,1,2,1,1,8106,GB-CHC-1090745,1,GB-CHC-1090745,1,1
ICCO Cooperation,icco-cooperation,995,0,1,1,0,6444205,NL-KVK-56484038,1,NL-KVK-41177206,1,1
International Child Development Initiatives,icdi,6,0,1,1,0,243363,NL-KVK-41169161,1,NL-KVK-41169161,1,null
ICF Consulting Services Ltd,icf,7,1,5,4,1,195669,GB-COH-04161656,1,GB-CH-4161656,1,1
International Centre of Insect Physiology and Ecology (icipe),icipe,21,0,1,1,0,73485,KE-KRA-P051097200R,1,KE-KRA-P051097200R,1,1
InterClimate Network,icn,1,0,1,1,0,5982,GB-COH-06587734,1,GB-COH-06587734,1,null
International Center for Not-for-Profit Law,icnl_org,5,0,1,1,0,50121,US-EIN-52-1818273,1,US-EIN-52-1818273,1,null
World Agroforestry Centre,icraf_,1,1,2,1,1,78633,XM-DAC-47056,1,XM-DAC-47056,1,null
International Committee of the Red Cross (ICRC),icrc,141,2,4,2,2,7252385,XM-DAC-21016,1,XM-DAC-21016,1,null
ICS,ics,45,0,1,1,0,110428,NL-KVK-41188664,1,NL-KVK-41188664,1,null
International IDEA,idea,175,1,2,1,1,213624,XM-DAC-47058,1,XM-DAC-47058,1,1
IDEO.org,ideo_org,2,1,2,1,1,6781,US-EIN-27-3755556,1,US-EIN-27-3755556,1,1
"IDH, the Sustainable Trade Initiative",idh,22,1,2,1,1,228147,NL-KVK-53521129,1,NL-KVK-53521129,1,1
IDinsight,idinsight,3,1,2,1,1,7774,US-EIN-27-4933181,1,US-EIN-27-49-33181,1,1
International Development Law Organization (IDLO),idlo,168,1,2,1,1,773096,XM-DAC-47059,1,XM-DAC-47059,1,1
Iles de Paix,idp,8,1,2,1,1,102579,BE-BCE_KBO-0408908151,1,BE-BCE_KBO-0408908151,2,1;2
Canada - International Development Research Centre/Centre de recherches pour le développement international,idrccrdi,7815,2,10,8,2,120290986,XM-DAC-301-2,1,XM-DAC-301-2,1,null
Institute of Development Studies,ids,11,1,2,1,1,58223,GB-COH-877338,1,GB-COH-877338,1,1
"Iringa Development of Youth, Disabled and Children Care",idydc,1,0,1,1,0,5604,TZ-TRA-102316134,1,TZ-TRA-102-316-134,1,1
Internews Europe,ieu,5,1,6,5,1,192238,GB-CHC-1148404,1,GB-CHC-1148404,1,1
International Federation of Accountants,ifac,14,0,1,1,0,33698,CH-FDJP-CHE102197003,1,CH-FDJP-CHE102197003,1,1
International Fund for Agricultural Development (IFAD),ifad,80,0,2,2,0,128448,XM-DAC-41108,1,41108,1,null
Commune de Ifangni - Bénin,ifangni,1,1,2,1,1,42643,BJ-IFU-6201100143407,1,BJ-IFU-6201100143407,1,null
International Finance Corporation,ifcwbg,5167,1,161,160,1,34687367,XM-DAC-903,1,XM-DAC-903,1,null
International Fertilizer Development Center,ifdc-us,4,0,4,4,0,64678,US-EIN-63-0676451,1,US-EIN-63-0676451,1,1
IFOAM - Organics International,ifoam,40,3,2,1,1,104687,DE-CR-BonnVR8726,1,DE-CR-BonnVR8726,1,1
International Federation of the Red Cross and Red Crescent (IFRC),ifrcrcs,1400,2,11,9,2,14251788,XM-DAC-21018,1,XM-DAC-21018,1,1
Institut de Formation Syndical International - Internationaal Syndicaal Vormingsinstituut,ifsi_isvi,17,1,14,13,1,288139,BE-BCE_KBO-0453072647,1,BE-BCE_KBO-0453072647,2,1;2
IHE Delft Institute for Water Education,ihedelft,1,1,2,1,1,49385,NL-KVK-41146484,1,NL-KVK-41146484,1,1
Index Initiative Foundation,iif,1,1,2,1,1,7676,NL-KVK-70292388,1,NL-KVK-70292388,1,1
Institute for International Workers Education,iiwe,5,1,2,1,1,129523,BE-BCE_KBO-0445412518,1,BE-BCE_KBO-0445412518,2,1;2
International Labour Organization (ILO),ilo,5563,0,5,5,0,25435063,XM-DAC-41302,1,XM-DAC-41302,1,1
International Medical Corps UK,imc_uk,6,1,3,2,1,77513,GB-CHC-1093861,1,GB-CHC-1093861,1,1
IMC WORLDWIDE,imcw_admin,29,0,6,6,0,129664,GB-COH-02651349,1,GB-COH-02651349,2,1;null
International Monetary Fund,imf,42,0,1,1,0,124542,XM-DAC-43000,1,XM-DAC-43000,1,1
International Media Support,ims,1,1,2,1,1,4106,dk-cvr-26487013,1,DK-CVR-26487013,1,1
International Network for the Availability of Scientific Publications,inasp,1,1,2,1,1,18733,GB-CHC-1106349,1,GB-CHC-1106349,1,1
International Network for Bamboo and Rattan (INBAR),inbar,18,0,6,6,0,54024,XM-DAC-47064,1,XI-PB-402,1,1
Indigo Trust,indtrust,249,1,2,1,1,503351,GB-CHC-1075920,1,GB-CHC-1075920,1,null
"Institut National de l'Eau, Benin",ine_benin,1,1,2,1,1,23199,BJ-IFU-4201710116446,1,BJ-IFU-4201710116446,1,null
International Network of People who Use Drugs (INPUD),inpud_admin,5,1,2,1,1,15546,GB-COH-08828458,1,GB-COH-08828458,1,1
International NGO Safety Orgnisation,inso,4,1,5,4,1,13846,GB-CHC-1140276,1,GB-CHC-1140276,1,1
Instiglio,instiglio,1,1,2,1,1,26747,US-EIN-45-5015494,1,US-EIN-45-5015494,1,1
Integrity Research and Consultancy Ltd,integrity,0,1,1,0,1,593,GB-COH-07321996,1,GB-COH-07321996,0,
Integrity Action,integrity_action,50,1,2,1,1,87706,GB-COH-4884328,1,GB-COH-4884328,1,1
InterAction,interaction,41,1,2,1,1,186881,US-EIN-13-3287064,1,US-EIN-13-3287064,1,null
interburns,interburns,2,1,2,1,1,27011,GB-CHC-1122299,1,GB-CHC-1122299,1,1
International Alert,international-alert,1,0,1,1,0,17718,GB-COH-2153193,1,GB-COH-2153193,1,null
Interpeace,interpeace,3,1,2,1,1,175671,CH-FDJP-CHE109994012,1,CH-FDJP-CHE109994012,1,null
IntraHealth International,intrahealth,1,1,2,1,1,40740,US-EIN-550825466,1,US-EIN-550825466,1,null
IOD PARC,iodparc,5,1,2,1,1,12190,GB-COH-03613839,1,GB-COH-03613839,1,1
International Organization for Migration (IOM),iom,806,1,2,1,1,2597437,XM-DAC-47066,1,XM-DAC-47066,1,null
iPartner India,ip-india,1,1,2,1,1,31261,GB-CHC-1114944,1,GB-CHC-1114944,1,1
International Procurement Agency,ipa,16,1,6,5,1,70556,NL-KVK-32037590,1,NL-KVK-32037590,1,1
Panos Institute West Africa (PIWA),ipao,9,0,1,1,0,15288,SN-NINEA-621108990A0,1,SN-NINEA-621108990A0,1,1
Ipas,ipas,2,1,2,1,1,13978,US-EIN-56-1071085,1,US-EIN-56-1071085,1,1
Irrawaddy Policy Exchange,ipe,1,0,1,1,0,11303,JE-FSC-NPO_1108,1,JE-FSC-NPO_1108,1,1
IPE Global Limited,ipeglobal,9,0,1,1,0,17163,IN-MCA-U74140DL1998PLC097579,1,XI-IATI-IN-MCA-U74140DL1998PLC097579,1,1
International Planned Parenthood Federation,ippf,22,1,2,1,1,769550,GB-CHC-229476,2,GB-CHC-21023;GB-CHC-229476,1,1
Iraq Foundation,iraq_foundation,3,1,2,1,1,69253,US-EIN-521750875,1,US-EIN-521750875,1,1
IRC,irc,19,0,1,1,0,742805,NL-KVK-41151952,1,NL-KVK-41151952,1,null
The International Rescue Committee,irc_inc,71,1,2,1,1,950322,US-EIN-13-5660870,1,US-EIN-13-5660870,1,1
International Rescue Committee UK,irc_uk,5,0,4,4,0,39310,GB-CHC-1065972,1,GB-CHC-1065972,1,null
Irise International,irise_int,1,0,1,1,0,11027,GB-CHC-1157722,1,GB-CHC-1157722,1,1
Ireland - Department of Foreign Affairs and Trade,irishaid,6095,1,10,9,1,10651588,XM-DAC-21-1,1,XM-DAC-21-1,4,0;1;2;null
Islamic Relief Worldwide,irw,13,1,2,1,1,362449,GB-CHC-328158,1,GB-CHC-328158,1,0
Institute for Security Studies,issafrica,1,0,1,1,0,43513,ZA-NPO-006-981,1,ZA-NPO-006-981,1,null
Itad,itad,7,1,7,6,1,44246,GB-COH-1869600,1,GB-COH-1869600,1,1
International Trade Centre (ITC),itc,30,1,2,1,1,475265,XM-DAC-45001,1,XM-DAC-45001,1,null
ITECO - Centre de formation pour le développement,iteco,4,0,3,3,0,61244,BE-BCE_KBO-0415499795,1,BE-BCE_KBO-0415499795,2,1;2
Institute of Tropical Medicine,itm,17,1,2,1,1,166389,BE-BCE_KBO-0410057701,1,BE-BCE_KBO-0410057701,2,1;2
International Treatment Preparedness Coalition (ITPC),itpc,5,1,5,4,1,59958,BW-CIPA-CO20151011,1,BW-CIPA-CO20151011,1,2
International Union for Conservation of Nature and Natural Resources,iucn,6,1,2,1,1,148292,XM-DAC-30011,1,XM-DAC-30011,1,null
IUCN Nederlands Comité,iucn_nl,34,1,2,1,1,516055,NL-KVK-41180885,1,NL-KVK-41180885,1,null
International Women's Development Agency,iwda,6,1,2,1,1,327827,AU-ACNC-19242959685,1,AU-ACNC-19242959685,1,1
Institute for War & Peace Reporting,iwpr,8,0,1,1,0,11211,GB-CHC-1027201,1,GB-CHC-1027201,1,1
Interact Worldwide,iww_publish,4,0,4,4,0,13064,GB-CHC-1001698,1,GB-CHC-1001698,1,1
Just Associates,jass,13,0,1,1,0,596256,US-EIN-06-1597-668,1,US-EIN-06-1597-668,1,1
Jeevika Trust,jeevika_trust,1,0,1,1,0,5578,GB-CHC-291167,1,GB-CHC-291167,1,1
Japan International Cooperation Agency (JICA),jica,2767,0,1,1,0,10919115,XM-DAC-701-8,1,XM-DAC-701-8,1,null
Joshua Orphan and Community Care,jocc_uk,1,1,2,1,1,12298,GB-CHC-1114727,1,GB-CHC-1114727,1,1
Kadaster International,kad,5,0,1,1,0,27403,NL-KVK-08215619-201210000,2,NL-KVK-08215619-201210000;null,1,1
Karuna Trust,karuna,2,0,1,1,0,5544,GB-CHC-327461,1,GB-CHC-327461,1,1
I Choose Life Africa,ke-ngc-3372,1,1,2,1,1,3877,KE-NGC-3372,1,KE-NGC-3372,1,1
Kepa ry,kepa,5,1,2,1,1,38142,FI-PRO-143138,1,FI-PRO-143138,2,1;2
Kesho Kenya,kesho_kenya,1,1,2,1,1,32345,KE-NCB-218/051/15179/10159,1,KE-NCB-218/051/15179/10159,1,1
Commune de Kétou - Bénin,ketou,1,1,2,1,1,42857,BJ-IFU-6200901851300,1,BJ-IFU-6200901851300,1,null
Friends of Kipkelion,kipkelion,1,1,2,1,1,11912,GB-CHC-1142476,1,GB-CHC-1142476,1,1
Royal Tropical Institute,kit,9,1,2,1,1,231149,NL-KVK-33185213,1,NL-KVK-33185213,1,1
KIYO,kiyo,11,1,2,1,1,123387,BE-BCE_KBO-0416867297,1,BE-BCE_KBO-0416867297,2,1;2
Commune de Klouékanmè - Bénin,klouekanme,1,1,2,1,1,63817,BJ-IFU-6201100034408,1,BJ-IFU-6201100034408,1,null
Kisumu Medical and Education Trust,kmet,1,0,1,1,0,19036,KE-KRA-P051119468K,1,KE-KRA-P051119468K,1,null
Karuna Mission Social Solidarity - KMSS,kmss,1,0,1,1,0,14687,MM-MHA-1/Local/0047,1,MM-MHA-1/Local/0047,1,1
Koninklijk Nederlands Meteorologisch Instituut,knmi,1,0,1,1,0,11181,NL-KVK-30276595,1,NL-KVK-30276595,1,1
Royal Netherlands Football Association,knvb,1,3,2,1,1,19852,NL-KVK-40478591,1,NL-KVK-40478591,1,1
KPMG East Africa,kpmgea,4,1,3,2,1,50721,TZ-BRLA-36057,1,TZ-BRLA-36057,2,1;null
KPMG LLP,kpmgllp,1,1,2,1,1,43240,GB-COH-OC301540,1,GB-COH-OC301540,1,1
Commune de Kpomassè - Bénin,kpomasse,1,1,2,1,1,45694,BJ-IFU-6201101182902,1,BJ-IFU-6201101182902,1,null
King Salman Humanitarian Aid and Relief Centre,ksrelief291,1,0,1,1,0,2718,XM-OCHA-HPC6770,1,XM-OCHAS-HPC6770,1,1
KwaAfrica,kwaafrica,1,1,2,1,1,16209,GB-CHC-1054369,1,GB-CHC-1054369,1,1
Commune de Lalo - Bénin,lalo,1,1,2,1,1,44275,BJ-IFU-6200901944805,1,BJ-IFU-6200901944805,1,null
Landell Mills,landell-mills,1,0,1,1,0,2736,GB-COH-1574821,1,GB-COH-1574821,1,1
The Louis Berger Group Inc.,lbg,1,1,2,1,1,17132,US-EIN-22-1754524,1,US-EIN-22-1754524,1,1
Louvain Coopération,lc,20,1,2,1,1,347909,BE-BCE_KBO-0422717486,1,BE-BCE_KBO-0422717486,2,1;2
Leonard Cheshire Disability,lcd_admin,6,1,2,1,1,61812,GB-CHC-218186,1,GB-CHC-218186,1,1
Link Community Development International,lcdi_admin,3,1,4,3,1,45371,GB-CHC-1048007,1,GB-CHC-1048007,1,1
Link Community Development Scotland,lcds,1,0,1,1,0,9169,GB-SC-SC037959,1,GB-SC-SC037959,1,1
Local Development and Small Projects Support,ldsps,13,0,1,1,0,231949,TR-MOI-27-018-163,1,TR-MOI-27-018-163,1,1
LEAD International,lead_international,1,0,1,1,0,2460,GB-COH-4075590,1,GB-COH-4075590,1,1
Learning for Life,learningforlife,1,1,2,1,1,23389,GB-CHC-1105277,1,GB-CHC-1105277,1,1
University of Leeds,leedsuni,1,1,2,1,1,2568,GB-COH-RC000658,1,GB-COH-RC000658 ,1,1
Lepra,lepra,35,1,2,1,1,159622,GB-CHC-213251,1,GB-CHC-213251,1,1
Light For The World Belgium,lftw-be,7,1,3,2,1,115623,BE-BCE_KBO-0460240749,1,BE-BCE_KBO-0460240749,2,1;2
LIGHT FOR THE WORLD The Netherlands,lftwnl,1,0,1,1,0,13718,NL-KVK-41180500,1,NL-KVK-41180500,1,null
LAMB Health Care Foundation,lhcf,1,1,2,1,1,13341,GB-CHC-1101217,1,GB-CHC-1101217,1,1
YMCA of Liberia,libymca,1,0,1,1,0,33090,LR-MPEA-NGO-AC-0298,1,LR-MPEA-NGO-AC-0298,1,1
"Lithuania, Ministry of Foreign Affairs",lithuania_mfa,1077,0,2,2,0,2368397,XM-DAC-84,1,XM-DAC-84,1,null
Lively Minds,livelyminds,1,1,2,1,1,15087,GB-CHC-1125512,1,GB-CHC-1125512,1,1
Living Earth Foundation,livingearth12,11,0,1,1,0,208976,GB-CHC-800672,1,GB-CHC-800672,1,null
LIWA programme trust,liwa-admin,1,0,1,1,0,4793,KE-KRA-P051542095J,1,KE-KRA-p051542095j,1,1
The LO/FTF Council (Ulandssekretariatet),loftf,1,1,2,1,1,7861,DK-CVR-20453672,1,DK-CVR-20453672,1,1
living peace institute,lpi,1,0,1,1,0,25359,XI-IATI-LPI,1,XI-IATI-LPI,1,1
Liverpool School of Tropical Medicine,lstm,3,0,1,1,0,54748,GB-CHC-222655,1,GB-CHC-222655,1,1
LTS International Limited,lts,2,0,1,1,0,1030821,GB-COH-SC100833,1,GB-COH-SC100833,1,1
mothers2mothers,m2m_sa,2,1,3,2,1,31913,ZA-NPO-025-359,1,ZA-NPO-025-359,1,1
Mzumbe University,m_u,3,0,1,1,0,4535,XI-GRID-grid.442465.5,1,XI-GRID-grid.442465.5,1,1
Spain - Ministry of Foreign Affairs and Cooperation,maec,37906,1,144,143,1,165008432,ES-DIR3-E04585801,1,ES-DIR3-E04585801,1,null
MAG,mag,9,1,2,1,1,1552253,GB-CHC-1083008,1,GB-CHC-1083008,2,1;2
Magariro,magariro,0,0,0,0,0,0,MZ-MOJ-F2G1No4,0,,0,
Mainline,mainline,10,1,5,4,1,207638,NL-KVK-41209946,1,NL-KVK-41209946,1,2
Malaria Consortium,malariaconsortium,272,1,99,98,1,1620766,GB-CHC-1099776,1,GB-CHC-1099776,2,1;2
Mama Cash,mamac,36,1,2,1,1,595958,NL-KVK-41202535,1,NL-KVK-41202535,1,1
MAMTA - Health Institute for Mother and Child,mamta_himc,1,1,2,1,1,12621,IN-,1,mam_in,1,1
MannionDaniels,manniondaniels,76,1,6,5,1,1700528,GB-COH-04105827,1,GB-COH-04105827,3,1;2;null
Manx Times,manxtimes,38,0,2,2,0,63397,IM-CR-017899B,1,IM-CR-017899B,1,null
MapAction,mapaction,3,0,3,3,0,13642,GB-CHC-1126727,1,GB-CHC-1126727,2,1;2
marysmeals,marysmeals,2,1,3,2,1,26363,GB-SC-SCO45223,1,GB-SC-SCO45223,1,1
Mastercard Foundation,mastercard-foundation,442,1,2,1,1,628318,CA-CRA_ACR-817387277,1,CA-CRA_ACR-817387277,1,1
Max Foundation,max-foundation,1,2,2,1,1,28731,NL-KVK-34219433,1,NL-KVK-34219433,1,1
Stichting Mayday Rescue Foundation,maydayrescue,2,1,3,2,1,6899,NL-KVK-855689493,1,NL-KVK-855689493,1,1
Mercy Corps Europe,mce,30,2,2,1,1,723170,GB-SC-SC030289,1,GB-SC-SC030289,1,1
Mercy Corps Global,mcg,1,0,1,1,0,2662,US-EIN-91-1148123,1,US-EIN-911148123,1,1
McKinsey & Company,mck,8,0,5,5,0,25609,GB-COH-FC012665,1,GB-COH-FC012665,1,1
Mercy Corps Netherlands,mcn,1,1,2,1,1,44608,NL-KVK-70333564,1,NL-KVK-70333564,1,1
MDF Global,mdf,3,0,1,1,0,61688,NL-KVK-56821743,1,NL-KVK-56821743,1,null
Medecins du Monde France,mdm-fr,1,1,2,1,1,2011,FR-INSEE-32101874900127,1,FR-INSEE-32101874900127,1,1
Medair,medair,1,1,2,1,1,7129,CH-FDJP-106064950,1,CH-FDJP-106064950,1,1
Medecins du Monde Belgique - Dokters van de Wereld Belgïe,medecins,9,1,10,9,1,83192,BE-BCE_KBO-0460162753,1,BE-BCE_KBO-0460162753,2,1;2
Ministère de l'Economie et des Finances du Bénin,mefbenin,3,1,2,1,1,219752,XM-DAC-236,1,XM-DAC-236,1,null
Memisa,memisa,9,0,1,1,0,113300,BE-BCE_KBO-0435563751,1,BE-BCE_KBO-0435563751,2,1;2
New Zealand - Ministry of Foreign Affairs and Trade - New Zealand Aid Programme,mfat,0,0,0,0,0,0,NZ-1,0,,0,
GEMS Education Solutions,mgcubed,1,1,2,1,1,14220,GB-COH-07669775,1,GB-COH-07669775,1,1
Micro Insurance Academy,mia_india,1,1,2,1,1,12111,IN-ITA-1886,1,IN-ITA-1886,1,1
MICAIA,mic-uk,2,1,2,1,1,9593,GB-CHC-1120413,1,GB-CHC-1120413,1,1
MADE in Europe,mie-1134415,1,0,1,1,0,4310,GB-COH-1134415,1,GB-COH-1134415,1,1
Mifumi UK,mifumi_uk,1,1,2,1,1,41124,GB-CHC-1038785,1,GB-CHC-1038785,1,1
Millennium Challenge Corporation,millenniumchallenge,3129,1,44,43,1,23733214,US-18,1,US-18,3,1;2;3
Netherlands - Ministry of Foreign Affairs,minbuza_nl,7819,1,8,7,1,74763523,XM-DAC-7,1,XM-DAC-7,1,1
Mission Øst,missioneast,1,0,1,1,0,2702,DK-CVR-14723692,1,DK-CVR-14723692,1,null
MicroLoan Foundation,mlf,1,1,2,1,1,12949,GB-CHC-1104287,1,GB-CHC-1104287,1,1
Mensen met een Missie,mm1,7,2,4,2,2,108962,NL-KVK-41149831,1,NL-KVK-41149831,2,1;null
Mulanje Mission Hospital,mmh,1,1,2,1,1,6755,MW-MRA-20125995,1,MW-MRA-20125995,1,1
Miel Maya Honing asbl,mmha,8,1,2,1,1,99182,BE-BCE_KBO-0415426155,1,BE-BCE_KBO-0415426155,2,1;2
Mott MacDonald Limited,mml,15,1,2,1,1,64306,GB-COH-1110949,1,GB-COH-1110949,1,1
Musalaha Ministry of Reconciliation,mmr_admin2,1,0,1,1,0,5501,IL-RA-580166452,1,IL-RA-580166452,1,1
Ministry of Foreign Affairs of  Japan,mofa-jpn,100,0,1,1,0,151516,XM-DAC-701-2,1,XM-DAC-701-2,1,1
Le Monde selon les femmes asbl,mondefemmes,9,1,2,1,1,84639,BE-BCE_KBO-0430826290,1,BE-BCE_KBO-0430826290,2,1;2
Mondiaal FNV,mondiaalfnv,14,1,11,10,1,149959,NL-KvK-41177601,1,NL-KVK-41177601,1,1
Motivation,motivation,4,1,2,1,1,139239,GB-CHC-1079358,1,GB-CHC-1079358,1,1
UK - Medical Research Council,mrc,187,0,1,1,0,379379,GB-COH-RC000346,1,GB-COH-RC000346,1,null
"Medical Research Centre (MRC), Sierra Leone",mrc-sierra-leone,1,0,1,1,0,22039,SL-NRA-1001562-8,1,SL-NRA-1001562-8 ,1,1
Meningitis Research Foundation,mrf,1,1,2,1,1,3536,GB-CHC-1091105,1,GB-CHC-1091105,1,1
Marie Stopes International,msi,13,1,2,1,1,218925,GB-COH-1102208,1,GB-COH-1102208,1,1
The Global Forum on MSM & HIV (MSMGF),msmgf,6,0,1,1,0,27531,US-EIN-471065461,1,US-EIN-471065461,1,2
Maxwell Stamp PLC,mstamp,9,1,5,4,1,31347,GB-COH-00637978,1,GB-COH-00637978,1,1
Médecins Sans Vacances,msv,6,2,2,1,1,90611,BE-BCE_KBO-0448723978,1,BE-BCE_KBO-0448723978,2,1;2
Mukisa Foundation,mukisa_foundation,1,0,1,1,0,9760,UG-NGB-0498,1,UG-NGB-0498,1,1
Muslim Aid,muslimaid,1,1,2,1,1,7967,GB-CHC-295224,1,GB-CHC-295224,1,1
MVO Nederland,mvo_nederland,16,1,2,1,1,107196,NL-KVK-30195730,1,NL-KVK-30195730,1,1
"Namati, Inc",namati_inc,1,3,2,1,1,27720,US-EIN-45-2796201,1,US-EIN-45-2796201,1,null
Nathan Associates London Ltd.,nathan,3,0,1,1,0,26579,GB-COH-02768268,1,GB-COH-02768268,1,1
Netherlands Commission for Environmental Assessment,ncea,33,1,2,1,1,217850,NL-KVK-41185216,1,NL-KVK-41185216,1,2
National Coalition of Human Rights Defenders - Kenya,nchrdk,1,0,1,1,0,40195,KE-KRA-P051502549C,1,KE-KRA-P051502549C,1,1
Niger Delta Stakeholders Initiative for Community Development and Empowerment,ndsicde,2,0,2,2,0,24540,NG-CAC-73022,1,NG-CAC-73022,1,1
Network For Enterprise Enhancement and Development Support,needs,1,0,1,1,0,53620,IN-MHA-337680017,1,IN-MHA-337680017,1,null
Near East Foundation (NEF USA),nef_usa,1,1,2,1,1,17738,US-EIN-13-1624114,1,US-EIN-13-1624114,1,1
Network for Africa,network4africa,1,1,2,1,1,31364,GB-CHC-1120932,1,GB-CHC-1120932,1,1
NGO Federation of Nepal,nfn,1,0,1,1,0,4341,NP-DAO-27-689/063/064,1,NP-DAO-27-689/063/064,1,1
Ngo-federatie (Vlaamse federatie van ngo's voor ontwikkelingssamenwerking),ngo-federatie,6,1,2,1,1,70582,BE-BCE_KBO-0449400604,1,BE-BCE_KBO-0449400604,2,1;2
Network of International Development Organisations in Scotland,nidos,1,1,2,1,1,6339,GB-SC-035314,1,GB-SC-035314,1,1
Netherlands Institute for Multiparty Democracy (NIMD),nimd-hq,109,1,2,1,1,1389650,NL-KVK-27189542,1,NL-KVK-27189542,1,null
Aids Fonds - STOP AIDS NOW! - Soa Aids Nederland,nl-kvk-41207989,156,1,2,1,1,2489548,NL-KVK-41207989,1,NL-KVK-41207989,1,null
CNV Internationaal,nl-kvk-54436222-27541,32,1,2,1,1,779383,NL-KVK-54436222,2,NL-KVK-54436222;NL-KvK-54436222-27541,1,null
Netherlands Leprosy Relief,nlr,1,0,1,1,0,44498,NL-KVK-41199723,1,NL-KVK-41199723,1,null
Netherlands Red Cross,nlrc,652,0,1,1,0,6150168,NL-KVK-40409352,1,NL-KVK-40409352,2,1;2
NKHOMA MISSION HOSPITAL,nmhiati,1,0,1,1,0,4929,MW-MRA-20123139,1,MW-MRA-20123139,1,1
Northern Network for Education Development,nned,1,0,1,1,0,4658,GH-DSW-2000,1,GH-DSW-2000,1,1
Norad - Norwegian Agency for Development Cooperation,norad,6252,1,2,1,1,28604279,NO-BRC-971277882,1,NO-BRC-971277882,1,null
Norwegian People's Aid,npa,3,1,4,3,1,146784,NO-BRC-871033552,1,NO-BRC-871033552,1,1
"NpM, Platform for Inclusive Finance",npm,1,1,2,1,1,16491,NL-KVK-56185154,1,NL-KVK-56185154,1,1
Norwegian Refugee Council,nrc,177,1,16,15,1,500152,NO-BRC-977538319,1,NO-BRC-977538319,2,1;null
Natural Resource Governance Institute (NRGI),nrgi,1,1,2,1,1,96733,US-EIN-20-4451390,1,US-EIN-20-4451390,1,null
"Natural Resources Institute, University of Greenwich.",nri,4,1,5,4,1,19814,GB-COH-00986729,1,GB-COH-00986729,1,1
Northern Rangelands Trust,nrt-kenya,4,0,2,2,0,5716,KE-KRA-P051311853T,1,KE-KRA-P051311853T,1,1
Global Network of Sex Work Projects (NSWP),nswp,2,1,2,1,1,41304,GB-COH-SC349355,1,GB-COH-SC349355,1,2
Nuffic,nuffic20171017,0,0,0,0,0,0,NL-KVK-41150085,0,,0,
United Nations OCHA Financial Tracking Service (UN OCHA FTS),ocha_fts,24461,0,104,104,0,66936533,XM-OCHA-FTS,1,XM-OCHA-FTS,1,1
Republic of Korea,odakorea,2207,46,48,47,1,14461411,KR-GOV-021,1,KR-GOV-021,1,1
Overseas Development Institute,odi,19,0,1,1,0,268209,GB-CHC-228248,1,GB-CHC-228248,1,1
ODI Sales Limited,odi_sales_ltd,11,0,1,1,0,80163,GB-COH-07157505,1,GB-COH-07157505,1,1
The OPEC Fund for International Development (OFID),ofid,1432,0,1,1,0,30369508,XI-IATI-OFID,1,XI-IATI-OFID,1,null
Oxfam-Magasins du monde (omdm),omdm,5,1,2,1,1,68339,BE-BCE_KBO-0416486821,1,BE-BCE_KBO-0416486821,2,1;2
Omidyar Network Fund Inc.,omidyarnetwork,197,1,2,1,1,397190,US-EIN-20-1173866,1,US-EIN-20-1173866,1,null
One Acre Fund,oneacrefund,2,1,2,1,1,54909,US-DOS-64562614,1,US-DOS-64562614,1,1
One to One Children's Fund,onetoonecf,1,1,2,1,1,19951,GB-CHC-1086159,1,GB-CHC-1086159,1,1
Oxfam Novib,onl,4745,1,3,2,1,70905815,NL-KVK-27108436,1,NL-KVK-27108436,2,1;2
The Open University,open_university,11,19,2,1,1,127890,GB-CHC-000391,1,GB-CHC-000391,1,1
openmindedly,openmindedly,2077,1,24,23,1,2730686,IM-CR-024714B,2,;IM-CR-024714B,1,null
OpenNorth,opennorth,1,1,2,1,1,7097,CA-CRA_ACR-805837713,1,CA-CRA_ACR-805837713,1,1
Oxford Policy Management,opml,26,1,2,1,1,82636,GB-COH-03122495,2,GB-COH-03122495;GB-COH-3122495,1,1
Opportunity International UK,opportunity-international-uk,7,1,2,1,1,119011,GB-COH-05322719,1,GB-COH-05322719,1,1
Options Consultancy Services,options,8,1,8,7,1,35295,GB-COH-2695347,1,GB-COH-2695347,1,1
Orbis Africa,orbis_africa,1,1,2,1,1,33318,ZA-PBO-930040668,1,ZA-PBO-930040668,1,1
Orbis Ethiopia,orbis_ethiopia,1,3,2,1,1,34915,ET-CSA-1063,1,ET-CSA-1063,1,1
Orbis International,orbis_international,2,1,3,2,1,19460,US-EIN-237297651,1,US-EIN-237297651,1,1
Orbis Charitable Trust,orbis_uk,2,1,3,2,1,59645,GB-CHC-1061352,1,GB-CHC-1061352,1,1
Fundación Oriéntame,orientame,1,1,2,1,1,2774,CO-RUE-860049972,2,CO-CCB-CO-RUE-860049972;CO-RUE-860049972,1,1
Oxfam Wereldwinkels,oww,3,1,2,1,1,25125,BE-BCE_KBO-0415365777,1,BE-BCE_KBO-0415365777,2,1;2
Oxfam GB,oxfamgb,3055,1,77,76,1,23938790,GB-CHC-202918,1,GB-CHC-202918,1,null
Oxfam India,oxfamindia,1,1,2,1,1,14983,IN-MCA-U74999DL2004NPL131340,2,IN-MCA-U74999DL2004NPL131340;oxfam_india,1,1
Oxfam Intermón,oxfamintermon,102,1,3,2,1,355479,ES-CIF-G-8236803,1,ES-CIF-G-8236803,1,1
Oxfam America,oxfamus,325,1,2,1,1,533235,US-EIN-23-7069110,1,US-EIN-23-7069110,2,1;2
The University of Oxford,oxford,1,0,1,1,0,2248,GB-UKPRN-10007774,1,GB-UKPRN-10007774,1,1
Oxfam Solidarité-Solidariteit,oxsol,14,1,2,1,1,342478,BE-BCE_KBO-0408643875,1,BE-BCE_KBO-0408643875,2,1;2
Practical Action,pa,5666,0,19,19,0,15060410,GB-COH-871954,1,GB-COH-871954,1,null
Palliative Care Association of Malawi,pacam,1,1,2,1,1,7333,MW-NBM-NGO/L/18/024,1,MW-NBM-NGO/L/18/024,1,1
Pact,pact,182,3,7,4,3,335927,US-EIN-13-2702768,1,US-EIN-13-2702768,1,1
The Princess Alia Foundation,paf_2018,4,0,1,1,0,94969,JO-MSD-2009011100178,1,JO-MSD-2009011100178,1,1
Palladium International Ltd (UK),palladium,31,1,2,1,1,545148,GB-COH-2394229,2,GB-COH-02394229;GB-COH-2394229,1,1
Commune de Parakou - Bénin,parakou,1,1,2,1,1,60147,BJ-IFU-6201000068802,1,BJ-IFU-6201000068802,1,null
partos,partos_nl,9,1,2,1,1,141539,NL-KVK-34214586,2,NL-KVK-34214586;null,1,1
PAX,pax,49,1,2,1,1,881350,NL-KVK-30214009,2,EIGEN;NL-KVK-30214009,1,1
DNH Mali (Direction Nationale de l’Hydraulique du Mali),pca-gire,2,1,3,2,1,52524,ML-NIF-400100027H,1,ML-NIF-400100027H,1,null
Palliative Care Support Trust,pcst,2,1,2,1,1,17123,MW-RG-2977,1,MW-RG-2977,1,1
PEAS (Promoting Equality in African Schools),peas,2,0,1,1,0,23487,GB-CHC-1126550,2,GB-CHC-1126550;null,1,1
People In Aid,peopleinaid,1,0,1,1,0,40022,GB-CHC-1078768,1,GB-CHC-1078768,1,1
Pastoralist Girls Initiative,pgi_kenya,1,0,1,1,0,12918,KE-NCB-KENCBOP218051200802235390,1,KE-NCB-KENCBOP218051200802235390,1,1
PHASE Nepal,phase-nepal,0,1,1,0,1,497,NP-DAO-531/062/063,1,NP-DAO-531/062/063,0,
PHASE Worldwide,phase_worldwide,4,1,2,1,1,58760,GB-CHC-1112734,1,GB-CHC-1112734,1,1
Project Harar,phe,1,1,2,1,1,46126,GB-CHC-1094272,1,GB-CHC-1094272,1,1
Plan International Belgium,pib,14,1,7,6,1,173114,BE-BCE_KBO-0425420917,1,BE-BCE_KBO-0425420917,2,1;2
Private Infrastructure Development Group,pidg,11,1,2,1,1,1029914,XM-DAC-47086,1,XM-DAC-47086,1,1
People in Need,pin,646,0,5,5,0,1520624,CZ-ICO-25755277,1,CZ-ICO-25755277,1,1
Plataforma Moçambicana da Água (PLAMA),plama,1,0,1,1,0,8290,MZ-NUIT-700179850,1,MZ-NUIT-700179850,1,1
Plan Ireland Charitable Assistance Limited,plan_ireland,1,1,2,1,1,3065,IE-CHY-15037,1,IE-CHY-15037,1,1
Plan International UK,plan_uk,36,1,2,1,1,138688,GB-COH-1364201,1,GB-COH-1364201,3,1;2;null
Plan International USA,plan_usa,19,0,18,18,0,104558,US-IRS-13-5661832,1,US-IRS-13-5661832,1,1
Plan International Finland,planinternationalfinland,25,0,1,1,0,252427,FI-PRO-1498487-2,1,FI-PRO-1498487-2,2,1;null
Plan International Netherlands,plannlno,90,1,2,1,1,3093337,NL-KVK-41198890,1,NL-KVK-41198890,1,null
PlanBørnefonden,plb,1,0,1,1,0,4597,DK-CVR-20356731,1,DK-CVR-20356731,1,1
Promundo-US,pmo-us,3,1,4,3,1,66920,US-EIN-26-1931968,1,US-EIN-26-1931968,1,1
Commune de Pobè - Bénin,pobe,1,1,2,1,1,43225,BJ-IFU-6201200579608,1,BJ-IFU-6201200579608,1,null
PONT,pont,1,0,1,1,0,3884,GB-CHC-1125948,1,GB-CHC-1125948,1,1
Pontis Foundation,pontis,15,1,9,8,1,80884,SK-ZRSR-31784828,1,SK-ZRSR-31784828,1,1
"The Population Council, Inc.",populationcouncil,2,1,3,2,1,17267,US-EIN-13-1687001,1,US-EIN-13-1687001,1,1
PositiveNegatives,posneg,1,1,2,1,1,4288,GB-COH-08212556,1,GB-COH-08212556,1,1
Power International,power,1,1,2,1,1,7728,GB-CHC-1059996,1,GB-CHC-1059996,1,null
PRACTICA Foundation,practica,7,1,2,1,1,46224,NL-KVK-09119363,1,NL-KVK-09119363,1,1
Pragya India,pragya,1,1,2,1,1,25753,IN-AR-775,1,IN-AR-775,1,1
Protecting Families Against HIV/AIDS,prefa_1,2,1,2,1,1,25265,UG-NGB-63360,1,UG-NGB-63360,1,1
Penal Reform International,pri,6,0,1,1,0,179332,GB-COH-04154075,1,GB-COH-04154075,1,1
Progressio,progressio,10,1,2,1,1,109013,GB-CHC-294329,2,GB-CHC-294329;null,1,1
Protos,protos,13,1,2,1,1,288560,BE-BCE_KBO-0417299047,1,BE-BCE_KBO-0417299047,2,1;2
Population Service International,psi,430,1,10,9,1,1193778,21032,2,21032;XI-IATI-21032,1,1
Population Services and Training Centre (PSTC),pstc_1102,1,0,1,1,0,67563,BD-NAB-1102,1,BD-NAB-1102,1,1
PUM Netherlands,pumnl,1,1,2,1,1,28725,NL-KVK-41160229,1,NL-KVK-41160229,1,1
Pump Aid,pumpaid,2,1,2,1,1,21225,GB-CHC-1077889,1,GB-CHC-1077889,1,1
PwC,pwc,4,0,1,1,0,720278,GB-COH-03580586,1,GB-COH-03580586,1,1
PricewaterhouseCoopers Private Limited India,pwcplindia,11,2,2,1,1,127398,IN-MCA-U74140WB1983PTC036093,1,IN-MCA-U74140WB1983PTC036093,1,1
Publish What You Fund,pwyf,3,1,2,1,1,2953867,GB-COH-07676886,1,GB-COH-07676886,1,null
The Queen Elizabeth Diamond Jubilee Trust,qedjt,14,1,9,8,1,24667,GB-CHC-1145640,1,GB-CHC-1145640,1,1
Queen Rania Foundation for Education and Development,qrfed,34,1,3,2,1,60864,JO-MSD-2013011100066,1,JO-MSD-2013011100066,1,1
Quinoa,quinoa,5,1,2,1,1,53231,BE-BCE_KBO-0445741823,1,BE-BCE_KBO-0445741823,2,1;2
Rainforest Alliance,rainforest-alliance,1,0,1,1,0,3508,US-EIN-13-3377893,1,US-EIN-13-3377893,1,1
RAIN Foundation (former),rainfoundation,113,0,2,2,0,1517314,NL-KVK-34200988 (deprecated),1,NL-KVK-34200988,1,1
Regional Advisory Information and Network Systems,rains,1,0,1,1,0,9385,GH-DSW-1103,1,GH-DSW-1103,1,1
Raleigh International,raleigh_int,2,1,3,2,1,22155,GB-CHC-1047653,1,GB-CHC-1047653,1,1
Railway Children,rc,6,1,2,1,1,83987,GB-CHC-1058991,1,GB-CHC-1058991,1,1
Railway Children Africa,rc2africa,1,0,1,1,0,26924,TZ-TRA-110-664-087,1,TZ-TRA-110-664-087,1,1
Rotary Clubs For Development,rc4d,5,1,2,1,1,44767,BE-BCE_KBO-0419189557,1,BE-BCE_KBO-0419189557,2,1;2
Royal College of General Practitioners (RCGP),rcgp-international,1,0,1,1,0,3164,GB-CHC-223106,1,GB-CHC-223106,1,1
RCN Justice & Démocratie,rcn,11,1,2,1,1,161203,BE-BCE_KBO-0454555163,1,BE-BCE_KBO-0454555163,2,1;2
Royal College of Obstetricians & Gynaecologists,rcog_resilience_in_obstetric_skills,1,0,1,1,0,4146,GB-CHC-213280,1,GB-CHC-213280,1,1
"Rehabilitation, Education and Community Health (REACH)",reach-iraq,2,0,1,1,0,4126,IQ-NGO-1Z2634,1,IQ-NGO-1Z2634,1,1
Save the Children DK,redbarnet,2,0,1,1,0,10125,DK-CVR-63407216,1,DK-CVR-63407216,1,1
Stichting Red een Kind,redeenkind,7,1,3,2,1,275853,NL-KVK-41022454,1,NL-KVK-41022454,2,1;null
Resource Extraction Monitoring,rem,4,0,4,4,0,16659,GB-COH-4905100,1,GB-COH-4905100,1,2
Restless Development,restless,12,1,11,10,1,1146630,GB-CHC-1127488,1,GB-CHC-1127488,1,1
Retrak,retrak,0,1,1,0,1,490,GB-CHC-1122799,1,GB-CHC-1122799,0,
Rahnuma-Family Planning Assocation of Pakistan,rfpap,2,1,2,1,1,17670,PK-MSW-633-1965,1,PK-MSW-633-1965,1,1
Rainforest Foundation UK,rfuk,2,1,3,2,1,119718,GB-CHC-1138287,1,GB-CHC-1138287,1,1
Relief International UK,ri-uk,2,1,2,1,1,24027,GB-CHC-1098106,1,GB-CHC-1098106,1,1
Relief International - Somalia,ri_kenya,1,0,1,1,0,170244,KE-NCB-OP-218-051-2007-0183-4781,1,KE-NCB-OP-218-051-2007-0183-4781,1,1
Rikolto,rikolto,13,1,2,1,1,477794,BE-BCE_KBO-0662878501,1,BE-BCE_KBO-0662878501,1,2
Rikolto in Belgium,rikolto_belgium,3,1,2,1,1,24987,BE-BCE_KBO-0420656336,1,BE-BCE_KBO-0420656336,2,1;2
Rode Kruis-Vlaanderen Internationaal vzw,rkiv,17,1,2,1,1,240092,BE-BCE_KBO-0461634084,1,BE-BCE_KBO-0461634084,1,1
Responsible Mining Foundation,rmf,0,1,1,0,1,2854,CH-FDJP-CHE232974628,1,CH-FDJP-CHE23974628,0,
Rojiroti UK,rojiroti,1,1,2,1,1,18997,GB-CHC-1147083,1,GB-CHC-1147083,1,1
Royal Society for the Protection of Birds,rspb_,1,0,1,1,0,23648,GB-CHC-207076,1,GB-CHC-207076,1,1
Right to Play Netherlands Foundation,rtp,1,1,2,1,1,12798,NL-KVK-24365461,1,NL-KVK-24365461,1,1
RUAF Foundation,ruaf,4,1,5,4,1,20881,NL-KVK-32102434,1,NL-KVK-32102434,1,1
Rutgers,rutgers,38,1,2,1,1,1280580,NL-KVK-41193594,1,NL-KVK-41193594,1,1
Netherlands Enterprise Agency,rvo,663,0,1,1,0,3406003,NL-KVK-27378529,1,NL-KVK-27378529,1,null
Send a Cow Kenya,sac_kenya,1,0,1,1,0,7299,KE-NCB-2180511703310709,1,KE-NCB-2180511703310709,1,1
Southern African Catholic Bishops' Conference Aids Office,sacbc,1,0,1,1,0,22566,ZA-NPO-061-870,1,ZA-NPO-061-870,1,1
Send a Cow Ethiopia,sacethiopia,3,1,3,2,1,55193,ET-CSA-0638,2,ET-CSA-0638;ET-MOT-0638,1,1
Send a Cow Uganda,sacu,1,1,2,1,1,235217,SACU,1,sacu,1,1
Saferworld,saferworld,82,1,2,1,1,1164080,GB-CHC-1043843,1,GB-CHC-1043843,1,1
The Salvation Army International Development UK,said-uk,1,0,1,1,0,4350,GB-CHC-214779,1,GB-CHC-214779,1,1
Savana Signatures,savsign-org,1,0,1,1,0,15641,GH-DSW-4711,1,GH-DSW-4711 ,1,null
SECOURS CATHOLIQUE - CARITAS FRANCE,sccf,230,1,3,2,1,605191,FR-SIRET-77566669600015,1,FR-SIRET-77566669600015,1,null
Save the Children International,sci,993,1,2,1,1,5700971,GB-CHC-1076822,1,GB-CHC-1076822,1,null
Scottish Catholic International Aid Fund (SCIAF),sciaf,4,1,5,4,1,263624,GB-SC-SC012302,1,GB-SC-SC012302,1,1
SCI Projets Internationaux ASBL_Service Civil International branche belge,scibelgium,4,1,2,1,1,35318,BE-BCE_KBO-0410661673,1,BE-BCE_KBO-0410661673,2,1;2
Save the Children Netherlands,scnl,63,1,24,23,1,898123,NL-KVK-41201463,1,NL-KVK-41201463,2,1;2
UK - Scottish Government,scottish_government,119,0,1,1,0,429468,GB-GOV-21,1,GB-GOV-21,1,1
The Sabre Charitable Trust,sct,1,1,2,1,1,32026,GB-CHC-1105489,1,GB-CHC-1105489,1,1
Save the Children UK,scuk,1290,1,4,3,1,8339771,GB-COH-213890,1,GB-COH-213890,2,1;null
Switzerland - Swiss Agency for Development and Cooperation (SDC),sdc_ch,19116,1,7,6,1,69778019,CH-4,3,CH-4;XM-DAC-CH-4;﻿CH-4,1,null
Social Development Direct Limited,sddirect,7,0,1,1,0,83935,GB-COH-03846881,1,GB-COH-03846881,1,1
Stakeholder Democracy Network,sdn,1,0,1,1,0,9137,GB-CHC-1148143,1,GB-CHC-1148143,1,1
Seefar,seefar,1,0,1,1,0,2999,HK-CR-2091642,1,HK-CR-2091642,1,1
Sehat Kahani (Community Innovation Hub),sehatkahanicih,1,0,1,1,0,2938,PK-SEC-0105957,1,PK-SEC-0105957,1,1
Self Help Africa,self-help-africa,138,1,2,1,1,460393,IE-CHY-6663,1,IE-CHY-6663,1,null
Send a Cow,sendacow,11,1,7,6,1,253358,GB-CHC-299717,1,GB-CHC-299717,1,1
Sense International,sense_international,4,1,4,3,1,96871,GB-CHC-1076497,2,GB-CHC-1076497;null,1,1
Search for Common Ground (SFCG),sfcg,7,1,2,1,1,63553,BE-BCE_KBO-0453475391,2,BE-BCE_KBO-0453475391;BE-GTCF-0453475391,1,1
"Social Fund for Development, Yemen",sfd-yemen,39,0,2,2,0,37995,XM-OCHA-FTS18563,1,XM-OCHA-FTS18563,1,1
Studio Globo,sg,3,1,3,2,1,26931,BE-BCE_KBO-0479866027,1,BE-BCE_KBO-0479866027,1,1
Sensorial Handicap Cooperation,shc,4,1,2,1,1,41528,BE-BCE_KBO-0431955945,1,BE-BCE_KBO-0431955945,2,1;2
ShelterBox,shelterbox,0,1,1,0,1,753,GB-CHC-1096479,1,GB-CHC-1096479,0,
Special Hope Network,shn,1,0,1,1,0,1948,US-EIN-26-3933134,1,US-EIN-26-3933134,1,1
Shtrii Shakti,shtrii_shakti,2,0,1,1,0,11073,NP-SWC-00589,1,NP-SWC-00589,1,null
StreetInvest,si,1,1,2,1,1,14655,GB-CHC-1127206,1,GB-CHC-1127206,1,null
"Sweden, through Swedish International Development Cooperation Agency (Sida)",sida,84372,0,164,164,0,780831529,SE-0,1,SE-0,2,1;2
Signal,signal,1,1,2,1,1,24554,GB-CHC-1151615,1,GB-CHC-1151615,1,1
Silsab Foundation,silsab1-_,1,0,1,1,0,2510,NG-CAC-1260478,1,NG-CAC-1260478,1,1
Simavi,simavi,31,1,3,2,1,1151757,NL-KVK-40594571,1,NL-KVK-40594571,2,2;null
Social Impact Lab CIC,simlab,2,1,2,1,1,14047,GB-COH-7557881,1,GB-COH-7557881,1,1
Sympany+,simone_sympany,2,1,3,2,1,9225,NL-KVK-30285304,1,NL-KVK-30285304,1,1
Simprints,simprints,1,1,2,1,1,14544,GB-COH-8835431,1,GB-COH-8835431,1,1
Siren Associates,siren,1,1,2,1,1,25424,GB-COH-NI630024,1,GB-COH-NI630024,1,1
Sonke Gender Justice,sjg,2,3,2,1,1,57010,ZA-PBO-064-502,1,ZA-PBO-064-502,1,1
Stichting Kinderpostzegels Nederland,skn,5,1,2,1,1,214696,NL-KVK-41167934,1,NL-KVK-41167934,1,null
Ministry of Foreign and European Affairs of the Slovak Republic,slovakaid,1800,8,2,1,1,8912107,XM-DAC-69-1,14,XM-DAC-69-00;XM-DAC-69-01;XM-DAC-69-02;XM-DAC-69-03;XM-DAC-69-04;XM-DAC-69-05;XM-DAC-69-1;XM-DAC-69-18;XM-DAC-69-2;XM-DAC-69-3;XM-DAC-69-30;XM-DAC-69-4;XM-DAC-69-50;XM-DAC-69-99,1,1
SNV Netherlands Development Organisation,snv,90,0,2,2,0,7660016,NL-KVK-41152786,1,NL-KVK-41152786,1,null
SolarNow Services (U) Ltd,solarnowsofa,1,1,2,1,1,8359,UG-RSB-80010003259159/105066,1,UG-RSB-80010003259159/105066,1,1
Solidagro,solidagro_admin,11,1,2,1,1,120314,BE-BCE_KBO-0410757386,1,BE-BCE_KBO-0410757386,2,1;2
Solidaridad,solidaridad,99,1,2,1,1,1586684,NL-KVK-51756811,1,NL-KVK-51756811,1,null
Solidaridad Europe,solidaridad-europe,42,1,2,1,1,430505,NL-KVK-41150939,1,NL-KVK-41150939,1,null
Solidaridad South & South-East Asia,solidaridad-ssea,28,1,2,1,1,543305,HK-CR-1494242,1,HK-CR-1494242,1,null
Solidaridad West Africa,solidaridad-waf,17,1,2,1,1,331725,GH-DSW-5574,1,GH-DSW-5574,1,null
Solsoc,solsoc,13,1,11,10,1,227030,BE-BCE_KBO-0432624255,1,BE-BCE_KBO-0432624255,1,1
Stichting Onderzoek Multinationale Ondernemingen (SOMO),somo,8,1,2,1,1,368461,NL-KVK-41223308,1,NL-KVK-41223308,1,null
Société Nationale des eaux du Bénin (SONEB),soneb-benin,2,1,2,1,1,42934,BJ-IFU-3200700033415,1,BJ-IFU-32000700033415,1,null
SOS Children's Villages Kenya,soscvkenya,1,0,1,1,0,8665,KE-NGCB-149,1,KE-NGCB-149,1,null
SOS FAIM - SOS HUNGER,sosfaim,11,1,2,1,1,190268,BE-BCE_KBO-0425410524,1,BE-BCE_KBO-0425410524,2,1;2
SOS Children's Villages The Netherlands,sosnl,10,0,6,6,0,123497,NL-KVK-41197577,1,NL-KVK-41197577,1,3
SOS Sahel International UK,sossaheluk,1,0,1,1,0,5934,GB-COH-2100867,1,GB-COH-2100867,1,1
Sound Seekers Limited,soundseekers,1,1,2,1,1,22413,GB-COH-04354941,1,GB-COH-04354941,1,1
SPARK,spark,3,0,2,2,0,93355,NL-KVK-41213450,1,NL-KVK-NL-KVK-41213450,1,1
Samaritan's Purse UK,spuk,3,1,2,1,1,73079,GB-CHC-1001349,1,GB-CHC-1001349,1,1
Syria Relief,sr,1,0,1,1,0,4825,GB-CHC-1143797,1,GB-CHC-1143797,1,1
Sightsavers,ss-org,506,0,3,3,0,2174992,GB-CHC-207544,1,GB-CHC-207544,1,null
Stichting Vluchteling,st_vluchteling,39,1,2,1,1,598497,NL-KVK-41149486,1,NL-KVK-41149486,1,1
Support Trust for Africa Development (STAD),stad,1,0,1,1,0,19967,NL-KVK-27251823,1,NL-KVK-27251823,1,2
Stars Foundation,starsfoundation,1,1,2,1,1,8614,GB-CHC-1087997,1,GB-CHC-1087997,1,1
Hivos,stichting_hivos,1870,0,1,1,0,6513740,NL-KVK-41198677,1,NL-KVK-41198677,1,1
Street Child,street_child,6,1,2,1,1,111557,GB-CHC-1128536,1,GB-CHC-1128536,1,1
Stromme Foundation,stromme_ug,2,1,2,1,1,17693,XI-IATI-5914-1107,2,UG-NGB-5914-1107;XI-IATI-5914-1107,1,1
IREX (International Research and Exchange Board),suhanajjar,5,0,1,1,0,52821,US-EIN-22-3087809,1,US-EIN-22-3087809,1,1
Survivors Fund (SURF),surf,2,0,1,1,0,37099,GB-CHC-1065705,1,GB-CHC-1065705,1,1
SOS Kinderdorpen België / SOS Villages d'Enfants Belgique,svdbskb_admin,4,1,4,3,1,55109,BE-BCE_KBO-0408628435,1,BE-BCE_KBO-0408628435,2,1;2
Social Watch Benin,swb_1,1,1,2,1,1,67280,BJ-IFU-6201101048400,1,BJ-IFU-6201101048400,1,null
The Asia Foundation,taf,200,1,13,12,1,703757,US-EIN-941191246,3,US-AGO-941191246;US-EIN-941191246;null,1,1
Teach A Man To Fish,tamtf,1,1,2,1,1,10674,GB-CHC-1112699,1,GB-CHC-1112699,1,1
Trust for Africa's Orphans,tao-03473165,1,0,1,1,0,7118,GB-CHC-1069208,1,GB-CHC-1069208,1,1
Target TB,targettb,2,1,2,1,1,39447,GB-CHC-1098752,1,GB-CHC-1098752,1,1
Global Alliance for TB Drug Development,tb-a,2,0,1,1,0,53917,US-EIN-13-4128413,1,US-EIN-13-4128413,1,1
TB Alert,tbalert,3,1,2,1,1,43527,GB-CHC-1071886,1,GB-CHC-1071886,1,1
Tropenbos International,tbi,13,1,2,1,1,221426,NL-KVK-41155305,1,NL-KVK-41155305,1,1
The Coca-Cola Export Corporation,tccec,1,0,1,1,0,4864,XI-IATI-1001,1,XI-IATI-1001,1,1
Terre des Hommes Netherlands,tdh_nl,271,0,1,1,0,8189567,NL-KVK-41149287,1,NL-KVK-41149287,2,1;2
TEAR fund Nederland,tear,22,0,1,1,0,359018,NL-KVK-41177385,1,NL-KVK-41177385,1,null
Tearfund,tearfund,9,1,2,1,1,131341,GB-CHC-265464,1,GB-CHC-265464,2,0;1
Theatre for a Change UK,tfac,1,1,2,1,1,36359,GB-CHC-1104458,1,GB-CHC-1104458,1,1
Theatre for a Change Malawi,tfacmalawi,1,1,2,1,1,23333,MW-NBM-00139,1,MW-NBM-00139,1,1
Tearfund VZW (TFBE),tfb_admin1,4,1,2,1,1,49503,BE-BCE_KBO-0419872616,1,BE-BCE_KBO-0419872616,2,1;2
The MENTOR Initiative,the_mentor_initiative,2,0,1,1,0,46176,GB-COH-05126149,1,GB-COH-05126149,1,1
The Power of Nutrition,the_power_of_nutrition,9,0,1,1,0,46032,GB-COH-09288843,1,GB-COH-09288843,1,1
The Freedom Fund,thefreedomfund,0,1,1,0,1,595,GB-COH-1158838,1,GB-COH-1158838,0,
"The Global Fund to Fight AIDS, Tuberculosis and Malaria",theglobalfund,1457,1,143,142,1,41691879,47045,1,47045,1,1
The International Children's Trust,theict,3,1,2,1,1,68764,GB-CHC-254781,1,GB-CHC-254781,2,1;null
The Hunger Project Netherlands,thp_org,7,0,1,1,0,294130,NL-KVK-41201198,1,NL-KVK-41201198,1,null
Transparency International UK,ti-uk,4,0,1,1,0,18319,GB-CHC-1112842,1,GB-CHC-1112842,1,1
Transparency International Kenya,ti_kenya,2,1,2,1,1,11105,KE-RCO-84486,1,KE-RCO-84486,1,1
Transparency International Bangladesh,tib,18,1,19,18,1,303196,BD-NAB-1301,2,1301;BD-NAB-1301,1,null
Timidria,timidria,1,0,1,1,0,8181,NE-DGI-5355,1,NE-DGI-5355,1,1
The Leprosy Mission England and Wales,tlmew,4,1,4,3,1,106045,GB-CHC-1050327,1,GB-CHC-1050327,1,1
TradeMark East Africa,tmea,32,1,2,1,1,149475,KE-RCO-CPR/2009/5689,1,KE-RCO-CPR/2009/5689,1,1
Transnational Institute,tni,4,1,2,1,1,176189,NL-KVK-41201806,1,NL-KVK-41201806,1,1
TechnoServe,tns,2,2,2,1,1,56902,US-EIN-13-2626135,1,US-EIN-13-2626135,1,1
Commune de Toffo - Bénin,toffo,1,1,2,1,1,45812,BJ-IFU-5200081145006,1,BJ-IFU-5200081145006,1,null
Commune de Toviklin - Bénin,toviklin,1,1,2,1,1,44668,BJ-IFU-6200901945503,1,BJ-IFU-6200901945503,1,null
Traidcraft Exchange,traidcraft,6,1,6,5,1,211214,GB-COH-3031674,1,GB-COH-3031674,2,0;1
Transparency International Secretariat,transparency-international,57,1,58,57,1,415485,XM-DAC-21033,10,21033;21033-1.0744;21033-1.0792;21033-1.0931-2;21033-1.0931-3;21033-1.0941;21033-1.1053;21033-1.2001;21033-1.2008;XM-DAC-21033,2,1;null
TREE AID,treea,1,1,2,1,1,4108,GB-CHC-1135156,1,GB-CHC-1135156,1,1
Trianglen,trianglen,44,1,2,1,1,277032,DK-CVR-33985339,1,DK-CVR-33985339,1,1
Trias,trias,16,1,17,16,1,414051,BE-BCE_KBO-0427736148,1,BE-BCE_KBO-0427736148,2,1;2
Triple Line,tripleline_crownagents,272,0,3,3,0,1802032,GB-COH-03788027,1,GB-COH-03788027,2,1;2
Trocaire (Northern Ireland),troc,5,1,2,1,1,109572,GB-COH-NI21482,1,GB-COH-NI21482,1,1
Trocaire,trocaire,5,0,1,1,0,108961,IE-CHY-20009601,1,IE-CHY-20009601,1,null
Tropical Health and Education Trust,tropicalhealth,21,1,2,1,1,51030,GB-CHC-1113101,1,GB-CHC-1113101,1,1
Twaweza,twaweza,20,1,2,1,1,96624,TZ-BRE-63966,1,TZ-BRE-63966,1,1
Twin,twin-iati,3,1,2,1,1,25306,GB-CHC-291824,1,GB-CHC-291824,2,0;null
Urgent Action Fund for Women's Human Rights,uaf,5,1,2,1,1,199846,US-EIN-03-0419743,1,US-EIN-03-041973,1,1
Urgent Action Fund-Africa,uaf-africa,8,1,2,1,1,373438,KE-NCB-200201282375,1,KE-NCB-200201282375,1,1
Urgent Action Fund Latin America and the Caribbean,uafla,9,1,2,1,1,295120,CO-CCB-00159397,1,CO-CCB-00159397,1,1
Romania Ministry of Foreign Affairs,uasd,0,0,0,0,0,0,XM-DAC-77,0,,0,
Union of Agricultural Work Committees,uawc,0,1,1,0,1,864,PS-MOI-RA-22220-A,1,PS-MOI-RA-22220-A,0,
Unicef Belgium National Committee,ub,5,1,2,1,1,44542,BE-BCE_KBO-0407562029,1,BE-BCE_KBO-0407562029,2,1;2
University College London,ucl,1,0,1,1,0,1028,GB-COH-RC000631,1,GB-COH-RC000631,1,1
Universitair Centrum voor Ontwikkelingssamenwerking,ucos,3,1,2,1,1,27320,BE-BCE_KBO-0420790948,1,BE-BCE_KBO-0420790948,1,1
"The University of Dodoma (UDOM), Tanzania",udom,1,1,2,1,1,5592,XI-GRID-grid.442459.a,1,XI-GRID-grid.442459.a,1,1
United Disabled Persons of Kenya,udpk,1,0,1,1,0,42092,KE-RSO-14210,1,KE-RSO-14210,1,null
UHAI EASHRI,uhai-eashri,4,0,1,1,0,22288,KE-RCO-201036685,1,KE-RCO-201036685,1,1
UK - Ministry of Defence,ukmod,34,1,3,2,1,75436,GB-GOV-8,1,GB-GOV-8,2,1;null
ULB-Coopération,ulbcoop,11,1,2,1,1,115856,BE-BCE_KBO-0415627875,1,BE-BCE_KBO-0415627875,2,1;2
Chama cha Uzazi na Malezi Bora Tanzania (UMATI),umati,1,0,1,1,0,9318,TZ-TRA-101-304-795,1,TZ-TRA-101-304-795,1,null
United Mission to Nepal,umn,1,1,2,1,1,49394,XI-IATI-1002,1,XI-IATI-1002,1,1
Uganda Martyrs University,umu,1,1,2,1,1,6028,UG-RSB-80010000253134/25060,1,UG-RSB-80010000253134/25060,1,1
United Nations Environment Programme (UNEP),un-environment,13,0,1,1,0,132818,XM-DAC-41116,1,XM-DAC-41116,1,null
United Nations Joint Programme on HIV and AIDS Secretariat (UNAIDS),unaids,1620,1,99,98,1,9970479,XM-DAC-41110,1,XM-DAC-41110,1,1
International Service,unais,13,1,2,1,1,98509,GB-CHC-1069182,1,GB-CHC-1069182,1,1
United Nations Capital Development Fund,uncdf,181,0,1,1,0,193357,XM-DAC-41111,1,41111,1,null
United Nations Development Programme (UNDP),undp,13329,1,156,155,1,182827321,XM-DAC-41114,1,XM-DAC-41114,2,1;2
"United Nations Educational, Scientific and Cultural Organization (UNESCO)",unesco,4327,0,2,2,0,18253404,XM-DAC-41304,1,XM-DAC-41304,1,null
United Nations Foundation,unf,4,1,2,1,1,26822,US-EIN-58-2368165,1,US-EIN-58-2368165,1,1
United Nations Population Fund,unfpa,7429,0,252,252,0,92408803,41119,1,41119,1,1
UN-Habitat,unhabitat,709,0,1,1,0,7159128,41120,1,41120,1,null
United Nations High Commissioner for Refugees (UNHCR),unhcr,433,1,5,4,1,21631715,XM-DAC-41121,1,XM-DAC-41121,3,1;2;3
University of Nottingham,uni_of_nottingham,1,0,1,1,0,1544,GB-COH-RC000664,1,GB-COH-RC000664,1,1
United Nations Children's Fund (UNICEF),unicef,13302,1,137,136,1,628007687,XM-DAC-41122,1,XM-DAC-41122,1,1
UNICEF Netherlands National Committee,unicefnl,13,0,1,1,0,94486,NL-KVK-27102631,1,NL-KVK-27102631,1,null
United Nations Industrial Development Organization (UNIDO),unido,2401,1,2,1,1,22718971,XM-DAC-41123,1,XM-DAC-41123,1,1
United Work,united_work,2,2,2,1,1,14919,NL-KVK-67143555,1,NL-KVK-67143555,1,1
United States,unitedstates,437998,12,262,250,12,2296087921,US-USAGOV,2,US-GOV;US-USAGOV,2,1;null
Universiteit Leiden,universiteit_leiden,2,1,2,1,1,16705,NL-KVK-27368929,1,NL-KVK-27368929,1,1
University of Birmingham (Governance and Social Development Resource Centre),universityofbirmingham_gsdrc,1,0,1,1,0,1916,GB-EDU-133784,1,GB-EDU-133784,1,1
United Nations Office for the Coordination of Humanitarian Affairs (OCHA),unocha,59,0,1,1,0,197278,XM-DAC-41127,1,41127,1,null
OCHA Country Based Pooled Funds,unocha-cbpf,6071,0,195,195,0,34474005,XM-OCHA-CBPF,1,XM-OCHA-CBPF,1,1
United Nations Office for the Coordination of Humanitarian Affairs (Specially-Designated Contributions),unocha-sdc,2,1,2,1,1,59909,XI-IATI-OCHASDC,1,XI-IATI-OCHASDC,1,1
United Nations Office for Project Services (UNOPS),unops,913,0,141,141,0,6848502,41AAA,1,41AAA,1,1
UN Pooled Funds,unpf,4210,0,1,1,0,9733632,XI-IATI-UNPF,1,XI-IATI-UNPF,2,1;2
UN Women,unw,55,0,55,55,0,145890,XM-DAC-41146,1,411124,1,1
The University of Manchester,uom,2,0,1,1,0,10401,GB-COH-RC000797,1,GB-COH-RC000797,1,1
Upper Quartile,uq,8,1,2,1,1,74141,GB-COH-SC301345,1,GB-COH-SC301345,1,1
United States Agency for International Development (USAID),usaid,68445,0,176,176,0,606050062,US-GOV-1,1,US-GOV-1,1,1
UNITAID,utd,92,1,25,24,1,656983,XM-DAC-30010,1,XM-DAC-30010,1,1
University Twente,utwente,1,1,2,1,1,6904,NL-KVK-50130536,1,NL-KVK-50130536,1,1
UTZ,utz,118,1,2,1,1,1123211,NL-KVK-34159275,1,NL-KVK-34159275,2,1;null
University of Amsterdam,uva_org,13,0,2,2,0,81365,NL-KVK-34370207,1,NL-KVK-34370207,2,1;null
Union des Villes et Communes de Wallonie (UVCW),uvcw,6,1,2,1,1,148136,BE-BCE_KBO-0451461655,1,BE-BCE_KBO-0451461655,2,1;2
UWEZO Youth Empowerment,uwezo_youth_empowerment,2,0,1,1,0,9886,RW-RGB-101-RGB-NGO-2014,1,RW-RGB-101-RGB-NGO-2014,1,1
Vision Aid Overseas,vao,1,1,2,1,1,13452,GB-CHC-1081695,1,GB-CHC-1081695,1,1
Varkey Foundation,varkeyfoundation,17,1,3,2,1,60938,GB-CHC-1145119,1,GB-CHC-1145119,1,1
VEI (Vitens-Evides International),vei_nl,26,0,1,1,0,141603,NL-KVK-08134161,1,NL-KVK-08134161,1,1
Vision for a Nation Foundation,vfan,1,1,2,1,1,7470,GB-CHC-1140123,1,GB-CHC-1140123,1,1
VisionFund International,vfi,1,0,1,1,0,10470,US-EIN-22-3900800,1,US-EIN-22-3900800,1,1
Voluntary Health Association of India,vhai-org,1,0,1,1,0,40939,IN-MHA-231650063,1,IN-MHA-231650063,1,null
VIA Don Bosco,via-db,14,1,2,1,1,174330,BE-BCE_KBO-0413119733,1,BE-BCE_KBO-0413119733,2,1;2
Village Enterprise,villageenterprise,1,1,2,1,1,17845,US-EIN-22-2852248,2,US-EIN-22-2852248;US-EIN-222852248,1,1
Viva,viva,1,1,2,1,1,18811,GB-CHC-1053389,1,GB-CHC-1053389,1,1
Vlaamse Interuniversitaire Raad voor Universitaire Ontwikkelingssamenwerking (VLIR-UOS),vlir-uos,26,1,2,1,1,692815,BE-BCE_KBO-0418766123,1,BE-BCE_KBO-0418766123,2,1;2
VNG International,vngi,14,1,2,1,1,531343,NL-KVK-27195046,1,NL-KVK-27195046,3,1;2;null
VETERINAIRES SANS FRONTIERES / DIERENARTSEN ZONDER GRENZEN - BELGIUM,vsfbelgium,10,1,2,1,1,124731,BE-BCE_KBO-0442168263,1,BE-BCE_KBO-0442168263,2,1;2
Voluntary Service Overseas (VSO),vso,46,1,4,3,1,404213,GB-CHC-313757,1,GB-CHC-313757,2,1;null
VVOB Education for Development,vvob,15,1,2,1,1,127950,BE-BCE_KBO-0423616717,1,BE-BCE_KBO-0423616717,2,1;2
VVSG - Vereniging van Vlaamse Steden en Gemeenten,vvsg,15,1,2,1,1,171760,BE-BCE_KBO-0451857573,1,BE-BCE_KBO-0451857573,2,1;2
Stichting Woord en Daad,w-d,8,1,2,1,1,152644,NL-KVK-41118168,1,NL-KVK-41118168,1,null
Water for People,w4p,26,1,10,9,1,60001,US-EIN-84-1166148,1,US-EIN-84-1166148,1,1
Women's Refugee Commission,w_r_c,6,1,2,1,1,46579,US-EIN-463668128,2,US-EIN-46-3668128;US-EIN-463668128,1,1
World Association for Christian Communication (UK),wacc-uk,1,0,1,1,0,14635,GB-COH-2082273,1,GB-COH-2082273,1,1
Women's Action Group,wag-1983,1,0,1,1,0,4262,ZW-ROD-MA988/87,1,ZW-ROD-MA988-87,1,1
Wageningen University & Research - Stichting Wageningen Research,wageningen_ur,11,1,2,1,1,221914,NL-KVK-09098104,1,NL-KVK-09098104,1,2
WASH Alliance International,wai,9,1,2,1,1,93909,XI-IATI-WAI,1,XI-IATI-WAI,2,1;2
War Child Holland,warchildholland,200,9,2,1,1,2185144,NL-KVK-41215393,1,NL-KVK-41215393,1,1
War on Want,waronwant,4,1,3,2,1,45956,GB-CHC-208724,1,GB-CHC-208724,1,null
WASTE advisers on urban environment and development,waste,2,1,3,2,1,60492,NL-KVK-41172933,1,NL-KVK-41172933,2,1;null
Water Witness International,water-witness-international,6,0,1,1,0,29701,GB-COH-353570,1,GB-COH-353570,1,1
WaterAid,wateraid,465,1,27,26,1,21799896,GB-CHC-288701,1,GB-CHC-288701,3,1;3;4
Water Works,waterworks,1,1,2,1,1,16636,GB-CHC-1158206,1,GB-CHC-1158206,1,1
War Child Canada,wcc,1,0,1,1,0,8311,CA-CRA_ACR-872374426,1,CA-CRA_ACR-872374426,1,1
World Child Cancer UK,wccuk,3,1,2,1,1,29306,GB-CHC-1084729,1,GB-CHC-1084729,1,1
Women and Children First (UK),wcf,2,1,2,1,1,48756,GB-CHC-1085096,1,GB-CHC-1085096,1,1
War Child UK,wcuk,44,0,1,1,0,161926,GB-CHC-1071659,2,GB-CHC-1071659;null,1,1
Women's Environment & Development Organization,wedo,1,1,2,1,1,83855,US-EIN-52-1238773,1,US-EIN-52-1238773,1,1
We Effect,weeffect,198,0,1,1,0,1174117,SE-ON-802004-1524,1,SE-ON-802004-1524,1,null
World Economic Forum Geneva,weforum_geneva,1,0,1,1,0,2897,CH-FDJP-66004229946,1,XI-PB-CH-6600422994-6,1,1
Welbodi Partnership,welbodipartnership,1,1,2,1,1,16577,GB-CHC-1125217,1,GB-CHC-1125217,1,1
Wellfound,wellfound,3,1,2,1,1,30216,GB-CHC-1110434,1,GB-CHC-1110434,1,1
Wemos Foundation,wemos,4,1,2,1,1,68775,NL-KVK-41201644,1,NL-KVK-41201644,1,1
Women Environmental Programme,wep,13,1,2,1,1,118225,NG-CAC-495140,1,NG-CAC-495140,1,1
Women's Fund Asia,wf-asia,5,0,1,1,0,43269,LK-DRC-GA139,1,LK-DRC-GA139,2,1;2
UK - Welsh Government's Wales for Africa Programme,wfa,0,1,1,0,1,625,XM-DAC-12-22,1,XM-DAC-12-22,0,
Water Finance Facility,wff,2,0,2,2,0,21384,NL-KVK-60633468,1,NL-KVK-60633468,1,1
World Federalist Movement - Institute for Global Policy,wfm-igp,1,0,1,1,0,63694,NL-KVK-41153698,1,NL-KVK-41153698,1,1
United Nations World Food Programme (WFP),wfp,1105,1,8,7,1,27675571,XM-DAC-41140,1,XM-DAC-41140,1,null
Women for Women International (UK),wfwiuk,3,0,1,1,0,156701,GB-CHC-1115109,1,GB-CHC-1115109,1,1
Women's Global Network on Reproductive Rights,wgnrr_iati,1,0,1,1,0,90134,PH-SEC-FN200806591,1,PH-SEC-FN200806591,1,1
Welthungerhilfe,whh,2,0,1,1,0,5116,DE-CR-RA000220-VR3810,1,DE-CR-RA000220-VR3810,1,1
World Health Organization,who,12124,1,353,352,1,78908585,XM-DAC-928,1,XM-DAC-928,1,null
Worldwide Hospice Palliative Care Alliance,whpca,1,0,1,1,0,11719,GB-COH-06735120,1,GB-COH-06735120,1,1
Wetlands International,wi,48,1,3,2,1,873937,NL-KVK-9099028,1,NL-KVK-9099028,1,null
Water Integrity Network Association,win,10,1,2,1,1,24624,DE-CR-VR32914,1,DE-CR-VR32914,2,1;2
WNF Wereld Natuur Fonds,wnf,6,0,1,1,0,125266,NL-KVK-41177588,1,NL-KVK-41177588,1,1
"WO=MEN, Dutch Gender Platform",wo-men,8,0,1,1,0,209197,NL-KVK-27293385,1,NL-KVK-27293385,1,1
Wolayita Development Association,woda_0486,1,1,2,1,1,27975,ET-CSA-0486,1,ET-CSA-0486,1,1
Womankind Worldwide,womankindworld,25,1,2,1,1,214474,GB-CHC-328206,1,GB-CHC-328206,2,0;null
The World Bank,worldbank,3103,1,138,137,1,462109751,44000,1,44000,1,1
World Economic Forum,worldeconomicforum,3,1,2,1,1,34767,US-EIN-203908371,1,US-EIN-20-3908371,1,1
World Vegetable Center,worldveg,14,1,9,8,1,53514,XM-DAC-47008,1,XM-DAC-47008,1,1
World Waternet,worldwaternet,7,0,1,1,0,88641,NL-KVK-34271281,1,NL-KVK-34271281,1,1
War on Want NI,wowni,1,1,2,1,1,53704,GB-COH-NI011322,1,GB-COH-NI011322,1,1
Women Peacemakers Program,wpp,1,0,1,1,0,20440,NL-KVK-56083459,1,NL-KVK-56083459,1,1
World Resources Institute,wri,3,1,2,1,1,536684,US-EIN-521257057,1,US-EIN-521257057,1,1
Wereldsolidariteit-Solidarité Mondiale (WSM),wsm,9,1,2,1,1,139673,BE-BCE_KBO-0413986102,1,BE-BCE_KBO-0413986102,2,1;2
Water & Sanitation for the Urban Poor (WSUP),wsup,1,1,2,1,1,13619,GB-COH-5419428,1,GB-COH-5419428,1,1
Windle Trust Kenya,wtk,1,0,1,1,0,3737,KE-NCB-OP/218/051/915/65,1,KE-NCB-OP/218/051/915/65,1,1
World University Service of Canada,wusc,1,1,2,1,1,80844,CA-CRA_ARC-119304848,1,CA-CRA_ARC-119304848,1,1
World Vision International,wvi,618,1,2,1,1,2214061,US-EIN-95-3202116,1,US-EIN-95-3202116,1,1
World Vision Netherlands,wvnld,27,1,2,1,1,330541,NL-KVK-41179943,1,NL-KVK-41179943,1,1
World Vision Syria,wvsyria,1,0,1,1,0,4367,JO-CCD-2826,1,JO-CCD-2826,1,1
World Vision UK,wvuk,77,0,35,35,0,305056,GB-CHC-285908,2,GB-CHC-285908;null,2,1;null
World Vision Zimbabwe,wvz-gec,4,0,1,1,0,36434,ZW-PVO-26/79,1,ZW-PVO-26/79,1,1
We World - GVC Onlus,ww-gvc,1,0,1,1,0,4112,IT-RI-97241280151,1,IT-RI-97241280151,1,1
World Wide Fund for Nature Belgium (WWF-BE),wwf-be,6,1,2,1,1,79069,BE-BCE_KBO-0408656248,1,BE-BCE_KBO-0408656248,1,1
WWF Sweden,wwf-se,24,0,1,1,0,217002,SE-ON-802005-9823,1,SE-ON-802005-9823,1,null
WWF-UK,wwf-uk,397,1,18,17,1,438713,GB-COH-1081247,3,GB-CHC-1081247;GB-COH-1081247    ;GB-COH-4016725,2,2;null
World Wide Fund for Nature Denmark,wwfdk,16,1,2,1,1,47128,DK-CVR-40781218,1,DK-CVR-40781218,1,1
World Wide Fund for Nature - Pakistan,wwfpakistan,2,1,2,1,1,8257,21-PK-WWF,1,21-PK-WWF,1,1
Win Win Strategies,wws,7,1,2,1,1,25193,NL-KVK-66926262,1,NL-KVK-66926262,1,1
WYG International B.V.,wygi,13,1,2,1,1,142827,NL-KVK-06702132,1,NL-KVK-06702132,1,1
Youth Business International,ybi,1,0,1,1,0,15813,GB-CHC-1123946,1,GB-CHC-1123946,1,1
Y Care International,ycare,5,1,2,1,1,183566,GB-CHC-1109789,1,GB-CHC-1109789,1,1
Young Innovations Pvt. Ltd,yipl,1,1,2,1,1,4194,NP-CRO-45995/063/064,1,NP-CRO-45995/063/064,1,1
Youth Net and Counselling - YONECO,yoneco1997,1,1,2,1,1,46038,MW-CNM-C076-1999,1,MW-CNM-C076-1999,1,1
YWCA of Bangladesh,ywcabd,1,0,1,1,0,10626,BD-NAB-051,1,BD-NAB-051,1,1
Commune de Zè - Bénin,ze,1,1,2,1,1,46734,BJ-IFU-6200801257400,1,BJ-IFU-6200801257400,1,null
Zimbabwe Educational Trust,zet,1,1,2,1,1,20045,GB-CHC-327519,1,GB-CHC-327519,1,1
Zimmerman & Zimmerman,zimmzimm,3,1,2,1,1,16153,NL-KVK-51018586,1,NL-KVK-51018586,1,1
Zing,zing,13,0,1,1,0,13468,GB-CHC-1133342,1,GB-CHC-1133342,1,null
ZOA,zoa,76,1,2,1,1,2651302,NL-KVK-41009723,1,NL-KVK-41009723,1,1
Zambia Orphans Aid UK,zoa_uk,1,0,1,1,0,5215,GB-CHC-1145721,1,GB-CHC-1145721,1,1
