Publisher Name,Publisher Registry Id,Publisher Type,Timeliness,Forward looking,Comprehensive,Score
Aapasi Sahayog Kendra Syangja Nepal (ASK Nepal),ask,National NGO,25,16,62,34
Aasaman Nepal,aasaman,National NGO,0,0,0,0
ABAAD - Resource Center for Gender Equality,arcfge,National NGO,0,0,57,19
Abaseen Foundation UK,abaseen,International NGO,0,0,0,0
AbleChildAfrica,ablechildafrica,International NGO,88,66,77,77
Abt Associates Inc,abt,Private Sector,0,0,60,20
Academy for Health Development (AHEAD),ahead,"Academic, Training and Research",0,33,60,31
Académie de recherche et d'enseignement supérieur,ares,"Academic, Training and Research",38,95,83,72
Access to Medicine Foundation,atmf,Foundation,88,33,68,63
Access to Seeds Foundation,atsf,International NGO,0,0,52,17
Accountability Lab,alab,National NGO,38,0,57,32
Acid Survivors Foundation,_admin,National NGO,0,0,68,23
ACODEV,acodev,National NGO,50,100,82,77
Across,across,International NGO,0,0,0,0
act4africa,act4africa,International NGO,0,0,0,0
ACTED,acted,International NGO,0,0,60,20
ACTION AGAINST HUNGER SPAIN,acfspain,International NGO,13,66,59,46
Action Against Hunger UK,acf,International NGO,75,44,67,62
ActionAid Denmark (Mellemfolkeligt Samvirke),aadk,International NGO,63,0,58,40
ActionAid International,aai,International NGO,13,0,50,21
ACTIONAID INTERNATIONAL KENYA,aaik,International NGO,63,100,80,81
ActionAid Rwanda,aar,National NGO,50,100,74,75
ActionAid UK,aauk,International NGO,100,83,86,90
Acumen,acumen,International NGO,13,0,58,24
Adam Smith International,asi,Private Sector,75,3,67,48
Adaptation Fund,af,Multilateral,0,0,63,21
ADD International (Action on Disability and Development),addinternational,International NGO,88,4,60,51
Administração de Infra-Estruturas de Águas e Saneamento,aias,Government,63,0,74,46
ADRA Denmark,adra-dk,National NGO,38,100,72,70
ADRA-UK,adrauk,International NGO,25,0,72,32
ADS-Nyanza,ads-nyanza,Other Public Sector,13,0,0,4
Adventist Development and Relief Agency (ADRA Somalia),adrasom,International NGO,0,0,0,0
AECOM,aecom,Private Sector,75,4,61,47
Aeras,aeras,International NGO,13,0,67,27
AFELT,afelt,"Academic, Training and Research",50,0,54,35
AFEW International,afewinternational,International NGO,75,0,69,48
Afghanaid,afghanaid,International NGO,75,25,56,52
Afghanistan and Central Asian Association,acaa,International NGO,0,0,0,0
Afghanistan Public Policy Research Organization (APPRO),appro-af,"Academic, Training and Research",13,50,68,44
Africa Educational Trust,aet,International NGO,13,0,54,22
Africalia,africalia,Other Public Sector,50,90,90,77
African Center for Economic Transformation (ACET),acet,Regional NGO,75,0,69,48
African Centre for Global Health and Social Transformation,achest,International NGO,25,62,81,56
African Development Bank,afdb,Multilateral,100,41,92,78
African Initiatives,ai_1064413,International NGO,75,0,71,49
African Population and Health Research Center,aphrc,International NGO,0,0,74,25
African Revival,africanrevival,International NGO,13,0,72,28
African Women's Development Fund,awdf,Regional NGO,38,0,66,35
Afrikagrupperna Sweden,afrikagrupperna,International NGO,38,0,77,38
AfriKids,afrikids,International NGO,50,0,0,17
Aga Khan Foundation (United Kingdom),akfuk73,International NGO,50,0,65,38
Aga Khan Foundation Afghanistan,akf_afghanistan,Foundation,13,0,59,24
AgDevCo,agdevco,Private Sector,63,0,58,40
Agence Française de Développement,afd,Other Public Sector,100,0,73,58
Agence Nationale d'Approvisionnement en Eau Potable en Milieu Rural du Benin,anaepmr_benin,Government,25,0,70,32
Agency for Cooperation and Research in Development (ACORD),acord,International NGO,0,0,70,23
AgResults Initiative,agresults,Multilateral,13,0,64,26
AgriProFocus,agriprofocus,Foundation,25,0,0,8
Agulhas Applied Knowledge,aak,Private Sector,13,33,67,38
Agência de Desenvolvimento do Vale do Zambeze,agencia_do_zambeze,Government,63,0,75,46
AICS - Agenzia Italiana per la Cooperazione allo Sviluppo / Italian Agency for Cooperation and Development,aics,Government,100,0,72,57
AidData,aiddata,"Academic, Training and Research",0,0,0,0
Aids Fonds - STOP AIDS NOW! - Soa Aids Nederland,nl-kvk-41207989,International NGO,75,2,75,51
AIDSPAN,aidspan,International NGO,25,0,56,27
Ajuda de Desenvolvimento de Povo para Povo (ADPP),adpp,National NGO,0,0,57,19
Aktis Strategy Ltd,aktis,Private Sector,0,0,65,22
Akvo Foundation,akvo,International NGO,75,1,94,57
Alcis Holdings Limited,alcis,Private Sector,0,0,0,0
Alfalit,alfalit,National NGO,0,0,23,8
All We Can (formerly Methodist Relief and Development Fund),allwecan,International NGO,0,0,0,0
Alliance of Religions and Conservation,alliance_of_religions_and_conservation,International NGO,75,0,65,47
American Friends Service Committee,afsc,"Academic, Training and Research",13,100,86,66
Amnesty International The Netherlands,amnesty,International NGO,25,0,79,35
Amnesty International UK Section Charitable Trust,aiuk,International NGO,0,0,59,20
Amref Flying Doctors,amrefnl,National NGO,63,33,80,59
Amref Health Africa - UK,amrefha,International NGO,38,33,76,49
Amref Health Africa Headquarters,amrefhq,International NGO,50,66,83,66
Amref Health Africa in Ethiopia,amrefeth,International NGO,25,0,75,33
Amref Health Africa in Kenya,amrefkenya,International NGO,25,33,82,47
Amref Health Africa in Tanzania,amreftz,International NGO,38,33,79,50
Amref Health Africa in Uganda,amrefug,National NGO,25,16,71,37
Amref Health Africa Malawi,amrefmw,National NGO,50,0,88,46
Ananda Marga Universal Relief Team (AMURT) Africa,amurt_kenya,National NGO,13,0,68,27
ANDA,anda,National NGO,0,0,23,8
Anti-Slavery International,asil,International NGO,75,44,72,64
APPRO-Europe,appro-eu,"Academic, Training and Research",0,0,0,0
APT Action on Poverty,apt,International NGO,88,66,71,75
Aqua for All,aqua4all,Foundation,0,0,50,17
Arab foundation for freedoms and equality,afemena,Regional NGO,38,0,66,35
ARK (Absolute Return for Kids),ark,International NGO,0,0,0,0
Article19,art19,International NGO,0,0,0,0
Asian Development Bank,asdb,Multilateral,100,99,88,96
Association Centrafricaine de Traduction de la Bible et Alphabetisation,acatba,National NGO,13,0,45,19
Association for Cultural Technical and Educational Cooperation (ACTEC),actec,National NGO,50,100,91,80
Association for Progressive Communication,apc,International NGO,13,0,64,26
Association for Reproductive and Family Health,arfh,National NGO,0,0,0,0
Association for Women's Rights in Development (AWID),awid,International NGO,50,0,58,36
Association of Commonwealth Universities,acu,"Academic, Training and Research",13,66,65,48
Association pour la Promotion de l'Education et de la Formation à l'Etranger,apefe,Other Public Sector,75,94,92,87
Atos IT Services Ltd,atosuk,Private Sector,0,0,66,22
Atradius Dutch State Business,adsb,Private Sector,25,0,64,30
Australia - Department of  Foreign Affairs and Trade,ausgov,Government,63,0,82,48
Auto-Développement Afrique (ADA),ada,National NGO,50,100,83,78
Autre Terre asbl,a-t,"Academic, Training and Research",50,100,83,78
Avanti Communications Plc,ava_admin,Private Sector,50,66,77,64
Avocats Sans Frontières,asf,National NGO,50,100,79,76
AVSI FOUNDATION IN UGANDA,avsi_uganda,International NGO,13,0,86,33
AVT-L Association of Victims of Terrorism Lebanon,avt-l,National NGO,25,33,55,38
AWEPA,awepa,International NGO,50,7,83,47
Babawatoto Centre For Children and Youth,bawacecy-tz,National NGO,25,0,74,33
Backward Society Education (BASE),base_22,National NGO,0,0,54,18
Bangladesh Nari Progati Sangha,bnps,National NGO,50,33,83,55
BasicNeeds,basicneeds,International NGO,50,11,65,42
Baylor College of Medicine Children's Foundation Malawi,bcm-cf,National NGO,38,0,0,13
BBC Media Action,bbcmediaaction,International NGO,25,0,63,29
BDO LLP,bdo,Private Sector,38,0,67,35
Bees Abroad UK,bauk,International NGO,0,0,0,0
Bees for Development Trust,beesfordevelopment,International NGO,25,0,0,8
Belgian development agency (Enabel),enabel,Government,0,0,63,21
Belgian Development Cooperation,be-dgd,Government,38,0,62,33
Benelux Afro Center,bac,National NGO,63,100,90,84
Berytech Foundation,berytech,Foundation,13,0,53,22
Beweging voor Internationale Solidariteit - Mouvement pour la Solidarité Internationale,bismsi,National NGO,63,100,78,80
Bill & Melinda Gates Foundation,bmgf,Foundation,100,66,94,87
Bioclimate Research and Development,bioclimate,International NGO,0,0,66,22
Blue Ventures Conservation,blueventures,International NGO,0,0,0,0
Bond,bond,National NGO,50,33,83,55
BOS+ tropen,bos_plus_tropen,National NGO,50,0,90,47
Both ENDS,bothends,National NGO,88,0,78,55
BRAC,brac_admin2,International NGO,38,0,83,40
BRAC International,bracintl,International NGO,13,0,71,28
Brigham and Women's Hospital,bwh,"Academic, Training and Research",38,0,80,39
British & Irish Agencies Afghanistan Group,baag,International NGO,75,66,74,72
British Asian Trust,b_a_t,International NGO,75,0,70,48
British Council,britishcouncil,Other Public Sector,63,14,74,50
British Red Cross,gb-chc-220949,International NGO,38,0,75,38
Broederlijk Delen,bd,National NGO,75,94,84,84
Brulocalis,brulocalis,Other Public Sector,75,100,82,86
BSR,bsr_admin,International NGO,0,0,69,23
Bucks Community NGO,bucksfarm,National NGO,38,0,72,37
Build Africa,buildafrica,International NGO,50,50,68,56
Burns Violence Survivors - Nepal,bvs-nepal,National NGO,0,0,0,0
C40 Cities Climate Leadership Group,c40cities,"Academic, Training and Research",0,0,68,23
CABI,cabi,Multilateral,50,0,68,39
Camfed International,camfed,International NGO,38,52,66,52
Canada - Global Affairs Canada | Affaires mondiales Canada,gac-amc,Government,100,69,91,87
Canada - International Development Research Centre/Centre de recherches pour le développement international,idrccrdi,Other Public Sector,38,0,71,36
Canada Department of Finance / Ministère des Finances Canada,finance_canada,Government,88,0,87,58
Canon Collins Trust,canoncollinstrust,International NGO,0,0,77,26
Cardno Emerging Markets,cardnoem,Private Sector,75,0,72,49
CARE BENIN/TOGO,carebenintogo,International NGO,13,0,0,4
CARE Danmark Fonden for Frivillig Ulandsbistand,12921047,National NGO,38,0,74,37
CARE International Afghanistan,ciafg,International NGO,25,0,65,30
CARE International in Zimbabwe,ciz,International NGO,13,0,68,27
CARE International UK,ciuk,International NGO,50,0,38,29
CARE Nederland,carenederland,International NGO,75,0,79,51
CARE SOMALIA,csom1,National NGO,63,0,72,45
Carers Worldwide,cww,International NGO,0,0,0,0
Caribbean Development Bank (CDB),caribank,Multilateral,50,9,66,42
Caritas Denmark,caritas_denmark,National NGO,63,0,77,47
Caritas Finland,caritasfin,National NGO,0,0,52,17
Caritas International (Belgium),cibe,National NGO,75,100,95,90
Caritas Serbia,caritas_serbia,National NGO,0,0,46,15
Catholic Agency For Overseas Development (CAFOD),cafod,International NGO,100,7,77,61
Catholic Relief Services,crs,International NGO,63,50,77,63
CDA Collaborative Learning Projects,cda,International NGO,0,0,54,18
CDC Group plc,cdc,Other Public Sector,0,0,73,24
Cecily's Fund,cecily,International NGO,0,0,68,23
Center for Civilians in Conflict,civic_admin,International NGO,63,16,74,51
Center for Research on Environment Health and Population Activities (CREHPA),crehpa,National NGO,13,0,69,27
Centre For Citizens With Disabilities,ccdnigeria,National NGO,0,0,0,0
Centre for Economic Policy Research,cepr,National NGO,0,0,0,0
Centre for Indian Knowledge Systems,ciks,"Academic, Training and Research",0,0,73,24
Centre for the Study of Adolescence,csa-kenya,"Academic, Training and Research",13,0,0,4
Centre National de Coopération au Développement (CNCD-11.11.11),cncd,National NGO,38,100,86,75
Centre Tricontinental - CETRI,ct-admin,National NGO,75,100,82,86
Chama cha Uzazi na Malezi Bora Tanzania (UMATI),umati,National NGO,13,0,0,4
Charity Projects Ltd (Comic Relief),cprojects,Foundation,13,0,82,32
Chaîne de l'Espoir Belgique / Keten van Hoop België / Chain of Hope Belgium,cdeb-kvhb_admin,National NGO,50,100,81,77
CHEKA SANA TANZANIA,cst,National NGO,25,0,68,31
Chemonics International Inc.,chemonics,Private Sector,75,33,77,62
Child-to-Child,ctc,International NGO,0,0,0,0
ChildFund International,childfund,International NGO,0,0,0,0
ChildHope UK,childhopeuk,International NGO,88,44,78,70
Children in Crisis,cic,International NGO,0,0,80,27
CHOICE for Youth and Sexuality,cfyas,International NGO,88,33,80,67
Christian Aid,caid,International NGO,50,0,37,29
Christian Aid Ireland,caid_ireland,International NGO,0,0,0,0
Christian Blind Mission (UK) Ltd.,cbm,International NGO,13,0,62,25
Christian Engineers in Development,ced,International NGO,0,0,63,21
CIFAL Scotland,cifal,"Academic, Training and Research",0,0,0,0
CINI,cini_jhk,National NGO,13,0,0,4
CISU,cisu,National NGO,38,0,53,30
CIVICUS World Alliance for Citizen Participation,civicus,International NGO,38,66,92,65
CLASP,clasp,International NGO,13,0,69,27
Clean Clothes Campaign,ccc,International NGO,0,0,75,25
Climate Investment Funds,cif,Multilateral,75,0,53,43
Climate Policy Initiative,cpi,"Academic, Training and Research",0,0,46,15
Clinton Health Access Initiative,chai,International NGO,13,33,57,34
CNV Internationaal,nl-kvk-54436222-27541,National NGO,25,0,78,34
COC Nederland,cocnl_publisher,National NGO,75,0,78,51
CODA International,coda,International NGO,0,0,0,0
Coffey International Development,coffey,Private Sector,75,12,64,50
ColaLife,colalife,National NGO,13,0,75,29
Collectif Stratégies Alimentaires,csa,National NGO,50,100,85,78
Comité pour l'abolition des dettes illégitimes,cadtm,National NGO,75,100,86,87
COMMISSION JUSTICE ET PAIX ASBL (cjp),cjp,National NGO,63,100,84,82
Commune de Adja-Ouere - Bénin,adja-ouere,Other Public Sector,13,0,79,31
Commune de Adjarra - Bénin,adjarra,Other Public Sector,38,0,69,36
Commune de Adjohoun - Bénin,adjohoun,Other Public Sector,13,0,79,31
Commune de Akpro-Missérété - Bénin,akpro-misserete,Other Public Sector,38,0,79,39
Commune de Allada - Bénin,allada,Other Public Sector,38,0,79,39
Commune de Aplahoué - Bénin,aplahoue,Other Public Sector,13,0,79,31
Commune de Avrankou - Bénin,avrankou,Other Public Sector,13,0,79,31
Commune de Bopa - Bénin,bopa,Other Public Sector,13,0,79,31
Commune de Comè - Bénin,come,Other Public Sector,13,0,79,31
Commune de Dangbo - Benin,dangbo,Other Public Sector,13,0,79,31
Commune de Ifangni - Bénin,ifangni,Other Public Sector,13,0,79,31
Commune de Klouékanmè - Bénin,klouekanme,Other Public Sector,38,0,79,39
Commune de Kpomassè - Bénin,kpomasse,Other Public Sector,13,0,79,31
Commune de Kétou - Bénin,ketou,Other Public Sector,13,0,79,31
Commune de Lalo - Bénin,lalo,Other Public Sector,38,0,79,39
Commune de Parakou - Bénin,parakou,Other Public Sector,13,0,85,33
Commune de Pobè - Bénin,pobe,Other Public Sector,13,0,79,31
Commune de Toffo - Bénin,toffo,Other Public Sector,38,0,79,39
Commune de Toviklin - Bénin,toviklin,Other Public Sector,38,0,79,39
Commune de Zè - Bénin,ze,Other Public Sector,13,0,79,31
Concern Worldwide,concern_worldwide,International NGO,75,55,84,71
Concern Worldwide UK,concernuk,International NGO,63,55,83,67
Conciliation Resources,cr,International NGO,88,8,63,53
Concordis International,concordis,International NGO,38,100,71,70
Conflict Dynamics International,cdi,International NGO,0,0,80,27
Congodorpen vzw,congodorpen,National NGO,50,100,90,80
Construction Sector Transparency Initiative (CoST),cost_uk,International NGO,0,0,62,21
Coopération par l'Education et la Culture,cec,National NGO,50,100,93,81
Cord,cord,Regional NGO,0,0,0,0
Cordaid,cordaid,International NGO,38,0,84,41
Cowater International Inc,cowater,Private Sector,13,0,48,20
COWI,cowi,Other Public Sector,75,22,79,59
CRANE,crane,National NGO,25,0,68,31
CREA,creausa-org,International NGO,38,5,70,38
Croix-Rouge de Belgique Communauté francophone - Activités internationales ASBL,crb-ai_admin,National NGO,63,100,87,83
Crown Agents Limited,cal,Private Sector,63,55,77,65
CUAMM Trustees,cuammtrustees,National NGO,0,0,0,0
Cyan International,cyan,International NGO,50,66,59,58
DAI Europe,dai-e,Private Sector,88,52,75,72
DAI Global Health,healthpartners-international,Private Sector,25,0,63,29
Damiaanactie / Action Damien,damien-foundation,National NGO,63,100,92,85
dance4life,dance4life,International NGO,25,0,77,34
Danish Family Planning Association,dfpa,National NGO,38,0,56,31
Danish Red Cross,danishrc,International NGO,38,0,68,35
Danish Refugee Council,drc,International NGO,75,16,75,55
Danmission,danmission,International NGO,38,100,68,69
Dansk Missionråds Udviklingsafdeling,dmru,International NGO,38,33,60,44
Data4Development,d4d,Private Sector,50,0,80,43
David Gordon Memorial Hospital,dgmh,"Academic, Training and Research",50,66,77,64
Dawuro Development Association,dawuro_da,"Academic, Training and Research",38,0,65,34
DECP,decp,National NGO,13,0,70,28
Defence for Children International Netherlands - ECPAT Netherlands,dciecpatnl,National NGO,25,66,88,60
Delivery Associates Ltd,delivery_associates,Private Sector,0,0,59,20
Deloitte Touche Tohmatsu India LLP,dttillp,Private Sector,25,0,63,29
Democracy Reporting International gGmbH,dri,International NGO,13,0,0,4
Democratic Governance Facility,dgf,Other Public Sector,25,100,81,69
Denmark - Ministry of Foreign Affairs,danida,Government,100,7,78,62
Desmond Tutu HIV Foundation,dthfxx12,"Academic, Training and Research",0,0,69,23
Development Aid from People to People (DAPP) Malawi,dapp,National NGO,0,0,72,24
Development Initiatives Poverty Research,dipr,International NGO,100,0,61,54
Development Organisation of the Rural Poor,dorp-org,National NGO,13,33,83,43
Developments In Literacy Trust UK,diltuk,International NGO,0,0,0,0
Diakonia Sweden,diakonia802017-3517,International NGO,38,33,75,49
Digital Campus,dc,"Academic, Training and Research",0,0,0,0
Direcção Provincial de Saúde de Nampula,dps-nampula,Government,50,0,65,38
Disability and Development Partners,ddp,International NGO,75,33,65,58
Disability Rights Advocacy Fund,draf,International NGO,0,0,0,0
Disability Rights Fund,drf,International NGO,0,0,60,20
Disabled People's Organisations Denmark,dpod,National NGO,38,33,62,44
Disasters Emergency Committee,dec-uk,National NGO,63,33,81,59
"Discovery Learning Alliance, Inc.",dla,International NGO,75,33,68,59
Djapo VZW,djapo,National NGO,50,100,86,79
DKT - (Pakistan),dkt,Private Sector,13,0,46,20
DNH Mali (Direction Nationale de l’Hydraulique du Mali),pca-gire,Government,0,0,0,0
Doctors of the World UK,dotw_uk,International NGO,0,0,0,0
Dorcas Aid International,dai,International NGO,100,16,85,67
DUF - The Danish Youth Council,duf,National NGO,38,0,59,32
Dynamo International asbl,dynamo_international,National NGO,63,100,79,81
Défi Belgique Afrique,dba,National NGO,50,100,83,78
Dóchas - Irish Association of Non Governmental Development Organisations,dochas,National NGO,0,0,66,22
ECDPM,ecdpm,"Academic, Training and Research",63,0,0,21
Echos Communication,ec,National NGO,50,100,79,76
Eclosio,eclosio,National NGO,38,91,87,72
Economic and Social Research Foundation (ESRF),esrf,"Academic, Training and Research",0,0,71,24
Ecorys Nederland B.V.,ecorysnl,Private Sector,25,0,97,41
Ecorys UK,ecuk,Private Sector,50,0,66,39
Educate!,educate,International NGO,25,0,68,31
Education Development Trust,edt_kenya,International NGO,63,0,71,45
EDUCATION DEVELOPMENT TRUST - RWANDA,edt_rwanda,International NGO,38,66,74,59
Edukans Foundation,edukans_foundation,International NGO,63,53,63,60
Emmanuel International UK,eiuk,International NGO,0,0,0,0
EMMS International,emms,International NGO,38,0,0,13
Energy 4 Impact,e4i,International NGO,13,0,51,21
Energy Saving Trust,energy_saving_trust,Other Public Sector,25,100,65,63
Enfance Tiers Monde Kinderen Derde Wereld,etmkdw,National NGO,38,83,90,70
EngenderHealth Ethiopia,engenderhealth_eth,International NGO,0,0,59,20
Engineers Without Borders Canada,ewb_canada,International NGO,0,0,49,16
Enhanced Integrated Framework,eif,Multilateral,38,0,55,31
Entraide et Fraternité,ef_,National NGO,50,92,85,76
equileap,equileap,International NGO,13,0,83,32
Ethical Trading Initiative,eti,International NGO,0,0,54,18
Ethiopiaid UK,ethiopiaiduk,International NGO,25,0,55,27
Ethiopian Horticulture Producer Exporters Association (EHPEA),ehpea,National NGO,0,0,65,22
European Bank for Reconstruction and Development,ebrd,Multilateral,100,0,78,59
European Commission - Directorate-General for International Cooperation and Development,ec-devco,Other Public Sector,100,39,80,73
European Commission - Humanitarian Aid & Civil Protection,ec-echo,Other Public Sector,100,52,91,81
European Commission - Neighbourhood and Enlargement Negotiations,ec-near,Other Public Sector,100,56,81,79
European Commission - Service for Foreign Policy Instruments,ec-fpi,Other Public Sector,100,2,80,61
European Institute of Peace,eip,Other Public Sector,0,0,49,16
European Investment Bank,eib,Multilateral,100,33,69,67
European Journalism Centre,ejc,National NGO,75,40,83,66
EveryChild,evc,International NGO,0,0,0,0
Excellent Development,excellent,International NGO,0,0,0,0
Exeter Ethiopia Link,eel,International NGO,0,0,0,0
Fair Wear Foundation,fwf,International NGO,75,0,74,50
Fairfood International,fairfood,National NGO,0,0,57,19
Fairtrade Belgium,fairtrade_be,National NGO,50,100,77,76
Fairtrade Labelling Organizations International e.V.,fairtrade_international,International NGO,0,0,0,0
Family Aids Caring Trust,fact,National NGO,38,0,83,40
Family Life Education Program,flepuganda,National NGO,13,0,0,4
Farm Africa,fa,International NGO,88,83,72,81
Fauna & Flora International,ffi_publisher,International NGO,0,0,0,0
Federation of Women Lawyers Kenya,fida,National NGO,63,0,86,50
Feed the Minds,ftm-291333,International NGO,63,0,0,21
FHI360,fhi360,International NGO,13,0,0,4
Fiabel,fiabel,National NGO,50,100,84,78
FIAN Belgium,fian-belgium,National NGO,50,100,82,77
Find Your Feet,fyf,International NGO,0,0,80,27
Finland - Ministry of Foreign Affairs,finland_mfa,Government,75,48,72,65
FMO,fmo,Public Private Partnership,25,0,0,8
FONCABA ASBL KBA VZW,foncaba,National NGO,88,75,87,83
Fondo Centroamericano de Mujeres,fcam,Foundation,75,0,79,51
Fonds voor Ontwikkelingssamenwerking - Socialistische Solidariteit VZW,fos,National NGO,50,100,92,81
Food and Agriculture Organization of the United Nations (FAO),fao,Multilateral,75,3,76,51
Food for the Hungry UK,fh,International NGO,50,50,77,59
Forests Monitor,fm,International NGO,0,0,0,0
Forum Universitaire pour la Coopération Internationale au Développement -FUCID ASBL,fucid,National NGO,50,83,84,72
France - Ministry for Europe and Foreign Affairs,france,Government,88,0,80,56
FRANK Water,frankwater,International NGO,0,0,0,0
Free a Girl,freeagirl,Foundation,88,66,80,78
Free Press Unlimited,free_press_unlimited,International NGO,75,11,81,56
Freedom Forum,ff,National NGO,0,0,55,18
Friends of Kipkelion,kipkelion,Regional NGO,25,0,0,8
Friends of Publish What You Fund,friendsofpwyf,International NGO,25,0,59,28
Friends of the Earth International,foei,International NGO,63,44,74,60
Friends of the Earth-Ghana,foe-ghana,National NGO,0,0,72,24
Frontline AIDS,f-aids,International NGO,50,33,82,55
Fundacion Acceso,fundacion-acceso,Regional NGO,13,0,74,29
Fundación Fondo Mujeres del Sur,fms,Foundation,38,0,65,34
Fundación Oriéntame,orientame,National NGO,25,0,67,31
Fundo de Investimento e Patrimonio do Abastecimento de Água (FIPAG),fipag,Other Public Sector,13,0,69,27
GAVI Alliance,gavi,Public Private Partnership,75,87,97,86
GEMS Education Solutions,mgcubed,Private Sector,0,0,0,0
Gender Links,gl,Regional NGO,0,0,53,18
Geneva Centre for the Democratic Control of Armed Forces (DCAF),dcaf,Foundation,75,20,74,56
Geneva International Centre for Humanitarian Demining,gichd,Foundation,38,0,65,34
GEOMOUN ASBL,geomoun,National NGO,50,100,81,77
Germany - Federal Foreign Office,fo_germany,Government,63,86,71,73
Germany - Ministry for Economic Cooperation and Development,bmz,Government,100,48,87,78
Girls Not Brides: The Global Partnership to End Child Marriage,girlsnotbrides,International NGO,0,0,79,26
Girls’ Education Challenge – Fund Manager PwC,gecfundmanagerpwc,Private Sector,38,0,0,13
Giro555 (Stichting Samenwerkende Hulporganisaties),giro555,International NGO,50,33,74,52
GiveDirectly,givedirectly,International NGO,25,0,0,8
Global Action Nepal,gan,National NGO,0,0,0,0
Global Alliance for TB Drug Development,tb-a,"Academic, Training and Research",0,0,68,23
Global Canopy,globalcanopy,International NGO,50,66,80,65
Global Focus,globaltfokus,National NGO,13,0,45,19
Global Green Growth Institute (GGGI),gggi,Multilateral,13,0,73,29
Global Innovation Fund,gif,International NGO,75,0,55,43
Global Integrity,globalintegrity,International NGO,0,0,0,0
Global Network of People Living with HIV (GNP+),gnpplus,International NGO,13,0,65,26
Global Network of Sex Work Projects (NSWP),nswp,International NGO,63,33,76,57
Global Partnership for Education,gpe,Multilateral,0,0,0,0
Global Rights Compliance,grc2018,Foundation,75,4,63,47
GlobalGiving.org,globalgiving,International NGO,88,0,70,53
GOAL,goal,International NGO,75,0,77,51
GOGLA - Global Off-Grid Lighting Association,gogla,Private Sector,0,0,60,20
GPPAC Foundation,gppac,International NGO,75,0,78,51
Groupe Pivot Santé Population,gpsp-org,"Academic, Training and Research",38,0,85,41
Grow Movement,growmovement_admin,"Academic, Training and Research",0,0,59,20
Guttmacher Institute,guttmacher,International NGO,75,0,86,54
Habitat for Humanity Great Britain,hfhgb,International NGO,0,0,0,0
Hagar International UK,hagar_uk,International NGO,0,0,0,0
Haiti Hospital Appeal,hha,International NGO,0,0,83,28
Hand in Hand International,handinhand,International NGO,13,0,72,28
Handicap International,hifed,International NGO,0,0,72,24
Handicap International Belgique,hib,National NGO,50,97,82,76
Handicap International UK,hiuk,"Academic, Training and Research",75,33,67,58
HE Foundation,hefoundation,Foundation,75,33,74,61
Health Poverty Action,hpa,International NGO,75,0,57,44
HealthNet TPO,healthnet,International NGO,25,33,82,47
HealthProm,hp_12,International NGO,63,33,74,57
Heartland Alliance International,ha-i,International NGO,38,33,63,45
Heifer International South Africa,hsa,National NGO,0,0,74,25
Heifer Nederland,heifernederland,National NGO,0,0,70,23
HelpAge International,helpage_international,International NGO,63,61,70,65
HelpAge International UK,ageintl,National NGO,75,0,77,51
Helvetas Swiss Intercooperation,hsi,International NGO,0,66,80,49
HiiL innovating Justice,hiil_mfa,Foundation,38,0,71,36
Hilfswerk Austria Zimbabwe,hwa-zm,International NGO,0,0,0,0
Hivos,stichting_hivos,International NGO,50,0,51,34
Homeless International,hi,International NGO,0,0,49,16
Hope and Homes for Children,hhc,International NGO,63,66,86,72
Hope for Children,hfc,International NGO,50,66,65,60
Horizons for Green Development,horizons,National NGO,0,0,0,0
Hospice Africa Ltd,hauk,"Academic, Training and Research",0,0,62,21
HTSPE,htspe,Private Sector,0,0,74,25
Human Relief Foundation,hrf,International NGO,0,0,67,22
I Choose Life Africa,ke-ngc-3372,National NGO,0,0,0,0
ICA:UK,icauk,National NGO,0,0,64,21
ICCO Cooperation,icco-cooperation,International NGO,50,0,0,17
ICF Consulting Services Ltd,icf,Private Sector,75,50,76,67
ICS,ics,International NGO,0,0,0,0
IDEO.org,ideo_org,International NGO,0,0,56,19
"IDH, the Sustainable Trade Initiative",idh,International NGO,0,0,79,26
IDinsight,idinsight,International NGO,13,11,71,32
IFOAM - Organics International,ifoam,International NGO,0,0,56,19
IHE Delft Institute for Water Education,ihedelft,"Academic, Training and Research",50,66,80,65
Iles de Paix,idp,National NGO,50,100,84,78
IMC WORLDWIDE,imcw_admin,Private Sector,75,7,67,50
Index Initiative Foundation,iif,Foundation,38,0,0,13
Indigo Trust,indtrust,Foundation,0,0,79,26
Instiglio,instiglio,International NGO,50,0,74,41
Institut de Formation Syndical International - Internationaal Syndicaal Vormingsinstituut,ifsi_isvi,National NGO,75,100,85,87
"Institut National de l'Eau, Benin",ine_benin,"Academic, Training and Research",25,0,77,34
Institute for International Workers Education,iiwe,National NGO,50,100,82,77
Institute for Security Studies,issafrica,International NGO,38,66,83,62
Institute for War & Peace Reporting,iwpr,International NGO,13,0,53,22
Institute of Development Studies,ids,"Academic, Training and Research",75,33,66,58
Institute of Tropical Medicine,itm,Other Public Sector,50,100,85,78
Integrity Action,integrity_action,International NGO,50,33,48,44
Integrity Research and Consultancy Ltd,integrity,Private Sector,0,0,0,0
Inter-American Development Bank,iadb,Multilateral,100,52,89,80
Interact Worldwide,iww_publish,International NGO,0,0,0,0
InterAction,interaction,International NGO,0,0,62,21
interburns,interburns,International NGO,38,0,0,13
InterClimate Network,icn,International NGO,0,0,71,24
International Alert,international-alert,International NGO,13,0,31,15
International Bureau of Fiscal Documentation (IBFD),ibfd,"Academic, Training and Research",38,0,77,38
International Center for Not-for-Profit Law,icnl_org,International NGO,38,0,89,42
International Centre of Insect Physiology and Ecology (icipe),icipe,"Academic, Training and Research",13,24,77,38
International Child Development Initiatives,icdi,International NGO,50,0,81,44
International Climate Initiative / BMU - IKI Secretariat,bmu_iki,Government,38,0,71,36
International Committee of the Red Cross (ICRC),icrc,Multilateral,63,33,72,56
International Development Law Organization (IDLO),idlo,Multilateral,100,0,73,58
International Federation of Accountants,ifac,International NGO,0,0,54,18
International Federation of the Red Cross and Red Crescent (IFRC),ifrcrcs,International NGO,88,5,71,55
International Fertilizer Development Center,ifdc-us,International NGO,38,0,73,37
International Finance Corporation,ifcwbg,Multilateral,100,0,83,61
International Fund for Agricultural Development (IFAD),ifad,Multilateral,50,0,60,37
International IDEA,idea,Multilateral,50,0,54,35
International Indigenous Women Forum,fimi_iiwf_2019,Foundation,38,0,70,36
International Initiative for Impact Evaluation,3ie,International NGO,13,0,0,4
International Labour Organization (ILO),ilo,Multilateral,13,0,84,32
International Media Support,ims,International NGO,38,33,68,46
International Medical Corps UK,imc_uk,International NGO,75,33,69,59
International Monetary Fund,imf,Multilateral,50,55,66,57
International Network for Bamboo and Rattan (INBAR),inbar,Multilateral,0,0,52,17
International Network for the Availability of Scientific Publications,inasp,International NGO,50,100,63,71
International Network of People who Use Drugs (INPUD),inpud_admin,International NGO,0,0,57,19
International NGO Safety Orgnisation,inso,International NGO,0,16,56,24
International Organization for Migration (IOM),iom,Multilateral,88,5,78,57
International Planned Parenthood Federation,ippf,International NGO,88,55,75,73
International Procurement Agency,ipa,Private Sector,0,0,67,22
International Rescue Committee UK,irc_uk,International NGO,50,0,46,32
International Service,unais,International NGO,38,0,67,35
International Trade Centre (ITC),itc,International NGO,25,80,72,59
International Treatment Preparedness Coalition (ITPC),itpc,International NGO,38,16,80,45
International Union for Conservation of Nature and Natural Resources,iucn,Other Public Sector,38,0,93,44
International Women's Development Agency,iwda,International NGO,75,0,56,44
Internews Europe,ieu,International NGO,75,0,65,47
Interpeace,interpeace,International NGO,38,0,75,38
IntraHealth International,intrahealth,International NGO,13,0,77,30
IOD PARC,iodparc,Private Sector,0,0,74,25
iPartner India,ip-india,International NGO,0,0,0,0
Ipas,ipas,International NGO,63,66,64,64
IPE Global Limited,ipeglobal,Private Sector,0,66,60,42
Iraq Foundation,iraq_foundation,International NGO,38,0,83,40
IRC,irc,International NGO,75,0,85,53
Ireland - Department of Foreign Affairs and Trade,irishaid,Government,13,0,70,28
IREX (International Research and Exchange Board),suhanajjar,International NGO,0,0,66,22
"Iringa Development of Youth, Disabled and Children Care",idydc,National NGO,25,0,66,30
Irise International,irise_int,International NGO,63,66,81,70
Irrawaddy Policy Exchange,ipe,"Academic, Training and Research",38,100,65,68
Islamic Relief Worldwide,irw,International NGO,63,33,79,58
Itad,itad,Private Sector,63,17,65,48
ITECO - Centre de formation pour le développement,iteco,National NGO,50,100,91,80
IUCN Nederlands Comité,iucn_nl,International NGO,75,66,83,75
Japan International Cooperation Agency (JICA),jica,Government,0,0,52,17
Jeevika Trust,jeevika_trust,International NGO,0,0,0,0
Johns Hopkins University,gi-jhu,"Academic, Training and Research",25,0,83,36
Joshua Orphan and Community Care,jocc_uk,International NGO,75,66,78,73
Just Associates,jass,International NGO,13,0,66,26
Kadaster International,kad,Government,25,13,33,24
Karuna Mission Social Solidarity - KMSS,kmss,National NGO,38,66,65,56
Karuna Trust,karuna,International NGO,0,0,77,26
Kepa ry,kepa,National NGO,0,0,0,0
Kesho Kenya,kesho_kenya,National NGO,25,0,79,35
King Salman Humanitarian Aid and Relief Centre,ksrelief291,"Academic, Training and Research",13,33,57,34
Kisumu Medical and Education Trust,kmet,National NGO,13,0,0,4
KIYO,kiyo,International NGO,50,100,82,77
Koepel van de Vlaamse Noord-Zuidbeweging 11.11.11 VZW,111111_publisher,National NGO,75,100,85,87
Koninklijk Nederlands Meteorologisch Instituut,knmi,Government,13,0,57,23
KPMG East Africa,kpmgea,Private Sector,88,33,69,63
KPMG LLP,kpmgllp,Private Sector,63,0,64,42
KwaAfrica,kwaafrica,International NGO,0,0,68,23
LAMB Health Care Foundation,lhcf,National NGO,25,0,69,31
Landell Mills,landell-mills,Private Sector,0,33,62,32
Le Monde selon les femmes asbl,mondefemmes,National NGO,50,96,82,76
LEAD International,lead_international,International NGO,0,0,0,0
Learning for Life,learningforlife,International NGO,13,0,0,4
Leonard Cheshire Disability,lcd_admin,International NGO,75,0,68,48
Lepra,lepra,International NGO,50,33,73,52
Light For The World Belgium,lftw-be,National NGO,38,100,91,76
LIGHT FOR THE WORLD The Netherlands,lftwnl,International NGO,75,0,89,55
Link Community Development International,lcdi_admin,International NGO,75,100,65,80
Link Community Development Scotland,lcds,International NGO,0,0,74,25
"Lithuania, Ministry of Foreign Affairs",lithuania_mfa,Government,13,0,0,4
Lively Minds,livelyminds,International NGO,0,0,0,0
Liverpool School of Tropical Medicine,lstm,"Academic, Training and Research",13,11,62,29
Living Earth Foundation,livingearth12,International NGO,0,0,68,23
living peace institute,lpi,National NGO,25,0,0,8
LIWA programme trust,liwa-admin,"Academic, Training and Research",50,0,54,35
Local Development and Small Projects Support,ldsps,National NGO,0,0,71,24
Louvain Coopération,lc,National NGO,13,100,85,66
LTS International Limited,lts,Private Sector,75,33,69,59
MADE in Europe,mie-1134415,International NGO,0,0,70,23
MAG,mag,International NGO,75,33,68,59
Magariro,magariro,National NGO,0,0,0,0
Mainline,mainline,Foundation,88,50,83,74
Malaria Consortium,malariaconsortium,International NGO,75,0,69,48
Mama Cash,mamac,Foundation,75,0,67,47
MAMTA - Health Institute for Mother and Child,mamta_himc,National NGO,0,0,62,21
MannionDaniels,manniondaniels,Private Sector,75,0,65,47
Manx Times,manxtimes,"Academic, Training and Research",0,0,0,0
MapAction,mapaction,International NGO,0,0,67,22
Marie Stopes International,msi,International NGO,75,86,86,82
marysmeals,marysmeals,International NGO,0,0,0,0
Mastercard Foundation,mastercard-foundation,Foundation,13,0,56,23
Max Foundation,max-foundation,Foundation,75,66,91,77
Maxwell Stamp PLC,mstamp,Private Sector,0,0,59,20
McKinsey & Company,mck,Private Sector,0,0,59,20
MDF Global,mdf,Foundation,38,0,86,41
Medair,medair,International NGO,38,0,60,33
Medecins du Monde Belgique - Dokters van de Wereld Belgïe,medecins,National NGO,50,96,92,79
Medecins du Monde France,mdm-fr,International NGO,13,33,51,32
"Medical Research Centre (MRC), Sierra Leone",mrc-sierra-leone,National NGO,0,0,0,0
Memisa,memisa,"Academic, Training and Research",50,100,83,78
Meningitis Research Foundation,mrf,International NGO,0,0,0,0
Mensen met een Missie,mm1,National NGO,50,66,82,66
Mercy Corps Europe,mce,International NGO,75,66,84,75
Mercy Corps Global,mcg,International NGO,13,0,0,4
Mercy Corps Netherlands,mcn,International NGO,13,66,70,50
MICAIA,mic-uk,International NGO,0,0,50,17
Micro Insurance Academy,mia_india,"Academic, Training and Research",0,0,0,0
MicroLoan Foundation,mlf,International NGO,0,0,0,0
Miel Maya Honing asbl,mmha,National NGO,50,100,83,78
Mifumi UK,mifumi_uk,International NGO,0,0,0,0
Milieudefensie,foenl,National NGO,75,25,82,61
Millennium Challenge Corporation,millenniumchallenge,Government,63,0,76,46
Ministry of Foreign Affairs of  Japan,mofa-jpn,Government,13,0,60,24
Ministry of Foreign and European Affairs of the Slovak Republic,slovakaid,Government,13,0,68,27
Ministère de l'Economie et des Finances du Bénin,mefbenin,Government,63,0,91,51
Mission Øst,missioneast,International NGO,38,0,48,29
Mondiaal FNV,mondiaalfnv,National NGO,63,7,71,47
mothers2mothers,m2m_sa,International NGO,0,0,67,22
Motivation,motivation,International NGO,88,33,62,61
Mott MacDonald Limited,mml,Private Sector,63,0,67,43
Mukisa Foundation,mukisa_foundation,National NGO,25,0,72,32
Mulanje Mission Hospital,mmh,National NGO,50,100,68,73
Multilateral Investment Fund,fomin,Multilateral,100,0,82,61
Musalaha Ministry of Reconciliation,mmr_admin2,"Academic, Training and Research",38,0,65,34
Muslim Aid,muslimaid,International NGO,0,0,0,0
MVO Nederland,mvo_nederland,Other Public Sector,75,0,72,49
Mzumbe University,m_u,"Academic, Training and Research",13,0,60,24
Médecins Sans Vacances,msv,National NGO,63,100,86,83
"Namati, Inc",namati_inc,International NGO,38,66,83,62
Nathan Associates London Ltd.,nathan,Private Sector,50,22,65,46
National Coalition of Human Rights Defenders - Kenya,nchrdk,National NGO,25,33,80,46
Natural Resource Governance Institute (NRGI),nrgi,International NGO,38,0,0,13
"Natural Resources Institute, University of Greenwich.",nri,"Academic, Training and Research",13,50,63,42
Near East Foundation (NEF USA),nef_usa,International NGO,0,0,0,0
Nepal Disabled Human Rights Center,dhrc_nepal,National NGO,50,66,58,58
Netherlands - Ministry of Foreign Affairs,minbuza_nl,Government,100,60,88,83
Netherlands Commission for Environmental Assessment,ncea,Foundation,63,5,72,47
Netherlands Enterprise Agency,rvo,Government,38,0,58,32
Netherlands Institute for Multiparty Democracy (NIMD),nimd-hq,International NGO,75,0,65,47
Netherlands Leprosy Relief,nlr,International NGO,25,0,82,36
Netherlands Red Cross,nlrc,International NGO,75,4,81,53
Network for Africa,network4africa,International NGO,0,0,0,0
Network For Enterprise Enhancement and Development Support,needs,National NGO,13,0,0,4
Network of International Development Organisations in Scotland,nidos,Regional NGO,0,0,0,0
New Zealand - Ministry of Foreign Affairs and Trade - New Zealand Aid Programme,mfat,Government,0,0,0,0
NGO Federation of Nepal,nfn,National NGO,0,0,0,0
Ngo-federatie (Vlaamse federatie van ngo's voor ontwikkelingssamenwerking),ngo-federatie,National NGO,63,100,83,82
Niger Delta Stakeholders Initiative for Community Development and Empowerment,ndsicde,National NGO,38,66,71,58
NKHOMA MISSION HOSPITAL,nmhiati,National NGO,50,66,68,61
Norad - Norwegian Agency for Development Cooperation,norad,Government,38,17,80,45
Northern Network for Education Development,nned,National NGO,50,0,62,37
Northern Rangelands Trust,nrt-kenya,National NGO,13,0,0,4
Norwegian People's Aid,npa,International NGO,63,0,74,46
Norwegian Refugee Council,nrc,International NGO,88,56,68,71
"NpM, Platform for Inclusive Finance",npm,National NGO,50,0,77,42
Nuffic,nuffic20171017,"Academic, Training and Research",0,0,0,0
OCHA Country Based Pooled Funds,unocha-cbpf,Multilateral,100,31,83,71
ODI Sales Limited,odi_sales_ltd,"Academic, Training and Research",75,66,83,75
Omidyar Network Fund Inc.,omidyarnetwork,Foundation,0,0,68,23
One Acre Fund,oneacrefund,International NGO,25,100,72,66
One to One Children's Fund,onetoonecf,International NGO,0,0,0,0
ONG ALCRER,alcrer-1,National NGO,50,0,81,44
openmindedly,openmindedly,Private Sector,0,0,0,0
OpenNorth,opennorth,International NGO,13,66,65,48
Opportunity International UK,opportunity-international-uk,International NGO,63,22,72,52
Options Consultancy Services,options,Private Sector,50,16,74,47
Orbis Africa,orbis_africa,International NGO,75,0,81,52
Orbis Charitable Trust,orbis_uk,International NGO,75,100,95,90
Orbis Ethiopia,orbis_ethiopia,National NGO,63,100,92,85
Orbis International,orbis_international,International NGO,63,100,80,81
Overseas Development Institute,odi,"Academic, Training and Research",75,85,82,81
Oxfam America,oxfamus,International NGO,75,0,61,45
Oxfam GB,oxfamgb,International NGO,25,0,73,33
Oxfam IBIS,ibis_denmark,International NGO,50,57,71,59
Oxfam India,oxfamindia,National NGO,0,0,0,0
Oxfam Intermón,oxfamintermon,International NGO,0,0,56,19
Oxfam Novib,onl,International NGO,100,15,83,66
Oxfam Solidarité-Solidariteit,oxsol,National NGO,88,100,83,90
Oxfam Wereldwinkels,oww,National NGO,50,100,84,78
Oxfam-Magasins du monde (omdm),omdm,National NGO,50,100,82,77
Oxford Policy Management,opml,Private Sector,25,65,67,52
Pact,pact,International NGO,0,0,54,18
Palladium International Ltd (UK),palladium,Private Sector,63,4,77,48
Palliative Care Association of Malawi,pacam,National NGO,50,66,77,64
Palliative Care Support Trust,pcst,National NGO,50,33,77,53
Panos Institute West Africa (PIWA),ipao,International NGO,13,0,51,21
partos,partos_nl,National NGO,38,52,69,53
Pastoralist Girls Initiative,pgi_kenya,National NGO,13,0,68,27
PATH,_path_,International NGO,13,66,57,45
PAX,pax,International NGO,75,0,72,49
PEAS (Promoting Equality in African Schools),peas,International NGO,50,33,49,44
Penal Reform International,pri,International NGO,0,0,0,0
People In Aid,peopleinaid,International NGO,0,0,71,24
People in Need,pin,International NGO,75,12,69,52
PHASE Nepal,phase-nepal,National NGO,0,0,0,0
PHASE Worldwide,phase_worldwide,International NGO,63,66,74,68
Plan International Belgium,pib,National NGO,63,100,93,85
Plan International Finland,planinternationalfinland,International NGO,0,0,0,0
Plan International Netherlands,plannlno,International NGO,88,3,82,58
Plan International UK,plan_uk,International NGO,38,0,74,37
Plan International USA,plan_usa,International NGO,0,0,74,25
Plan Ireland Charitable Assistance Limited,plan_ireland,International NGO,0,0,0,0
PlanBørnefonden,plb,International NGO,38,33,74,48
PONT,pont,International NGO,0,0,0,0
Pontis Foundation,pontis,Foundation,0,0,0,0
Population Service International,psi,International NGO,88,1,52,47
Population Services and Training Centre (PSTC),pstc_1102,National NGO,13,0,66,26
PositiveNegatives,posneg,Other Public Sector,38,0,65,34
Power International,power,International NGO,0,0,71,24
PRACTICA Foundation,practica,Foundation,88,33,78,66
Practical Action,pa,International NGO,0,0,0,0
Pragya India,pragya,National NGO,0,0,0,0
PricewaterhouseCoopers Private Limited India,pwcplindia,Private Sector,75,33,77,62
Private Infrastructure Development Group,pidg,Multilateral,13,4,83,33
Progressio,progressio,International NGO,0,0,45,15
Project Harar,phe,International NGO,0,0,0,0
Promundo-US,pmo-us,International NGO,25,0,80,35
Protecting Families Against HIV/AIDS,prefa_1,National NGO,25,0,83,36
Protos,protos,National NGO,88,85,89,87
Publish What You Fund,pwyf,International NGO,50,0,63,38
PUM Netherlands,pumnl,International NGO,0,66,74,47
Pump Aid,pumpaid,International NGO,63,66,80,70
PwC,pwc,Private Sector,75,0,74,50
Queen Rania Foundation for Education and Development,qrfed,National NGO,75,0,58,44
Quinoa,quinoa,National NGO,50,100,83,78
Rahnuma-Family Planning Assocation of Pakistan,rfpap,National NGO,0,0,0,0
Railway Children,rc,International NGO,75,22,66,54
Railway Children Africa,rc2africa,National NGO,38,0,60,33
RAIN Foundation (former),rainfoundation,International NGO,13,0,70,28
Rainforest Alliance,rainforest-alliance,International NGO,38,33,65,45
Rainforest Foundation UK,rfuk,International NGO,13,0,77,30
Raleigh International,raleigh_int,International NGO,63,66,78,69
RCN Justice & Démocratie,rcn,National NGO,63,100,93,85
Red Cross Red Crescent Climate Centre,climate_centre,International NGO,75,54,76,68
Regional Advisory Information and Network Systems,rains,National NGO,50,66,74,63
"Rehabilitation, Education and Community Health (REACH)",reach-iraq,National NGO,25,0,57,27
Relief International - Somalia,ri_kenya,International NGO,38,66,74,59
Relief International UK,ri-uk,International NGO,0,0,83,28
Republic of Korea,odakorea,Government,63,27,65,52
Resource Extraction Monitoring,rem,International NGO,0,0,0,0
Responsible Mining Foundation,rmf,Foundation,13,0,0,4
Restless Development,restless,International NGO,50,0,76,42
Retrak,retrak,International NGO,0,0,0,0
Right to Play Netherlands Foundation,rtp,International NGO,25,0,86,37
Rikolto,rikolto,Foundation,75,100,84,86
Rikolto in Belgium,rikolto_belgium,National NGO,63,100,76,80
Rode Kruis-Vlaanderen Internationaal vzw,rkiv,National NGO,63,93,90,82
Rojiroti UK,rojiroti,International NGO,0,0,0,0
Romania Ministry of Foreign Affairs,uasd,Government,0,0,0,0
Rotary Clubs For Development,rc4d,National NGO,50,100,86,79
Royal College of General Practitioners (RCGP),rcgp-international,National NGO,13,0,0,4
Royal College of Obstetricians & Gynaecologists,rcog_resilience_in_obstetric_skills,"Academic, Training and Research",13,0,60,24
Royal Netherlands Football Association,knvb,Other Public Sector,50,0,86,45
Royal Society for the Protection of Birds,rspb_,International NGO,0,0,0,0
Royal Tropical Institute,kit,International NGO,88,26,76,63
RUAF Foundation,ruaf,Foundation,50,0,78,43
Rutgers,rutgers,International NGO,75,0,79,51
Saferworld,saferworld,International NGO,100,74,83,86
Samaritan's Purse UK,spuk,International NGO,25,0,86,37
Savana Signatures,savsign-org,National NGO,13,0,0,4
Save the Children DK,redbarnet,International NGO,50,33,83,55
Save the Children International,sci,International NGO,75,4,76,52
Save the Children Netherlands,scnl,International NGO,75,97,85,86
Save the Children UK,scuk,International NGO,75,3,72,50
SCI Projets Internationaux ASBL_Service Civil International branche belge,scibelgium,National NGO,63,100,83,82
Scottish Catholic International Aid Fund (SCIAF),sciaf,International NGO,88,50,77,72
Search for Common Ground (SFCG),sfcg,International NGO,75,16,76,56
SECOURS CATHOLIQUE - CARITAS FRANCE,sccf,International NGO,0,16,67,28
Seefar,seefar,Private Sector,13,0,53,22
Sehat Kahani (Community Innovation Hub),sehatkahanicih,Private Sector,38,0,57,32
Self Help Africa,self-help-africa,International NGO,0,0,58,19
Send a Cow,sendacow,International NGO,75,19,73,56
Send a Cow Ethiopia,sacethiopia,National NGO,63,0,55,39
Send a Cow Kenya,sac_kenya,National NGO,75,0,68,48
Send a Cow Uganda,sacu,National NGO,0,0,0,0
Sense International,sense_international,International NGO,75,33,74,61
Sensorial Handicap Cooperation,shc,"Academic, Training and Research",38,100,84,74
ShelterBox,shelterbox,International NGO,0,0,0,0
Shtrii Shakti,shtrii_shakti,National NGO,0,0,23,8
Sightsavers,ss-org,International NGO,38,0,68,35
Signal,signal,International NGO,0,0,77,26
Silsab Foundation,silsab1-_,National NGO,13,0,54,22
Simavi,simavi,Foundation,75,65,70,70
Simprints,simprints,International NGO,0,0,0,0
Siren Associates,siren,Private Sector,13,0,0,4
SNV Netherlands Development Organisation,snv,International NGO,63,0,83,49
Social Development Direct Limited,sddirect,Private Sector,25,0,69,31
"Social Fund for Development, Yemen",sfd-yemen,Other Public Sector,13,0,0,4
Social Impact Lab CIC,simlab,International NGO,0,0,59,20
Social Watch Benin,swb_1,National NGO,0,0,85,28
Société Nationale des eaux du Bénin (SONEB),soneb-benin,Other Public Sector,25,0,80,35
SolarNow Services (U) Ltd,solarnowsofa,Private Sector,13,0,62,25
Solidagro,solidagro_admin,"Academic, Training and Research",50,91,80,74
Solidaridad,solidaridad,International NGO,75,11,76,54
Solidaridad Europe,solidaridad-europe,International NGO,88,5,74,56
Solidaridad South & South-East Asia,solidaridad-ssea,International NGO,75,14,76,55
Solidaridad West Africa,solidaridad-waf,International NGO,88,52,78,73
Solsoc,solsoc,National NGO,75,89,86,83
Sonke Gender Justice,sjg,International NGO,88,0,81,56
SOS Children's Villages Kenya,soscvkenya,International NGO,0,0,0,0
SOS Children's Villages The Netherlands,sosnl,Foundation,88,5,72,55
SOS FAIM - SOS HUNGER,sosfaim,National NGO,50,91,81,74
SOS Kinderdorpen België / SOS Villages d'Enfants Belgique,svdbskb_admin,International NGO,75,100,84,86
SOS Sahel International UK,sossaheluk,International NGO,0,0,0,0
Sound Seekers Limited,soundseekers,International NGO,75,0,0,25
Southern African Catholic Bishops' Conference Aids Office,sacbc,Regional NGO,0,0,58,19
Spain - Ministry of Foreign Affairs and Cooperation,maec,Government,0,0,77,26
SPARK,spark,International NGO,38,0,0,13
Special Hope Network,shn,International NGO,25,0,0,8
Stakeholder Democracy Network,sdn,International NGO,38,0,80,39
Stars Foundation,starsfoundation,Foundation,0,0,60,20
Stichting ActionAId,aanl,International NGO,50,66,70,62
Stichting Aflatoun International,aflatoun,International NGO,0,0,0,0
Stichting Agriterra,agriterra,Foundation,13,0,0,4
Stichting Aidenvironment,aidenvironment,Foundation,25,0,85,37
Stichting Deltares,deltares,Foundation,100,11,71,61
Stichting fondsbeheer DGGF lokaal MKB,dggf_financing_local_smes,Foundation,50,49,81,60
Stichting Health Action International,hai,Foundation,50,33,88,57
Stichting Humana,humana_houben,International NGO,0,0,60,20
Stichting Kinderpostzegels Nederland,skn,International NGO,13,0,79,31
Stichting Mayday Rescue Foundation,maydayrescue,Foundation,0,0,59,20
Stichting Nederlands Instituut voor Internationale Betrekkingen 'Clingendael',clingendael,"Academic, Training and Research",38,66,73,59
Stichting Onderzoek Multinationale Ondernemingen (SOMO),somo,"Academic, Training and Research",63,66,77,69
Stichting Red een Kind,redeenkind,International NGO,75,83,87,82
Stichting Vluchteling,st_vluchteling,International NGO,88,26,86,67
Stichting VU Amsterdam - Amsterdam Centre for World Food Studies,acwfs_vu,"Academic, Training and Research",13,0,0,4
Stichting Woord en Daad,w-d,International NGO,88,94,67,83
Street Child,street_child,International NGO,75,83,80,79
StreetInvest,si,International NGO,0,0,0,0
Stromme Foundation,stromme_ug,National NGO,0,0,0,0
Studio Globo,sg,"Academic, Training and Research",75,67,82,75
Support Trust for Africa Development (STAD),stad,International NGO,63,0,80,48
Survivors Fund (SURF),surf,International NGO,0,0,53,18
"Sweden, through Swedish International Development Cooperation Agency (Sida)",sida,Government,100,68,85,84
Switzerland - Swiss Agency for Development and Cooperation (SDC),sdc_ch,Government,63,0,66,43
Sympany+,simone_sympany,International NGO,0,0,0,0
Syria Relief,sr,National NGO,13,0,46,20
Target TB,targettb,International NGO,0,0,0,0
TB Alert,tbalert,International NGO,38,0,80,39
Teach A Man To Fish,tamtf,International NGO,0,0,0,0
TEAR fund Nederland,tear,National NGO,88,33,83,68
Tearfund,tearfund,International NGO,63,0,74,46
Tearfund VZW (TFBE),tfb_admin1,National NGO,50,100,91,80
TechnoServe,tns,International NGO,38,0,77,38
Terre des Hommes Netherlands,tdh_nl,International NGO,100,24,67,64
The Access to Nutrition Foundation,atnf,International NGO,63,0,64,42
The Asia Foundation,taf,International NGO,0,0,0,0
The Carter Center,carter-center,International NGO,13,0,55,23
the center for victimized women and children,cavwoc,National NGO,13,0,0,4
The Coca-Cola Export Corporation,tccec,Private Sector,0,0,0,0
The Commonwealth Secretariat,commonwealthsecretariat,Multilateral,88,28,64,60
The Convention on Business Integrity,cbi-nigeria,International NGO,0,0,0,0
The Foundation Center,foundation_center,International NGO,0,0,49,16
The Fred Hollows Foundation (UK),fhfuk,International NGO,50,100,86,79
The Freedom Fund,thefreedomfund,International NGO,0,0,0,0
The Global Alliance for Improved Nutrition,gain,International NGO,0,0,56,19
"The Global Development Incubator, Inc",gdi,International NGO,50,100,80,77
The Global Forum on MSM & HIV (MSMGF),msmgf,International NGO,25,0,66,30
"The Global Fund to Fight AIDS, Tuberculosis and Malaria",theglobalfund,Multilateral,88,0,80,56
The HALO Trust,halo,International NGO,38,66,78,61
The Hunger Project Netherlands,thp_org,International NGO,13,0,79,31
The International Children's Trust,theict,International NGO,0,0,63,21
The International Rescue Committee,irc_inc,International NGO,100,53,83,79
The Leprosy Mission England and Wales,tlmew,International NGO,63,0,0,21
The LO/FTF Council (Ulandssekretariatet),loftf,International NGO,38,33,74,48
The Louis Berger Group Inc.,lbg,Private Sector,63,100,79,81
The MENTOR Initiative,the_mentor_initiative,International NGO,88,100,67,85
The National Association of Municipalities of Benin (ANCB),ancb_benin,National NGO,0,0,0,0
The OPEC Fund for International Development (OFID),ofid,Multilateral,88,0,47,45
The Open University,open_university,"Academic, Training and Research",88,77,77,81
"The Population Council, Inc.",populationcouncil,"Academic, Training and Research",25,66,74,55
The Power of Nutrition,the_power_of_nutrition,Foundation,63,82,68,71
The Princess Alia Foundation,paf_2018,Foundation,13,0,51,21
The Queen Elizabeth Diamond Jubilee Trust,qedjt,Foundation,0,0,68,23
The Sabre Charitable Trust,sct,International NGO,0,0,0,0
The Salvation Army International Development UK,said-uk,International NGO,0,0,72,24
"The University of Dodoma (UDOM), Tanzania",udom,"Academic, Training and Research",50,0,63,38
The University of Manchester,uom,"Academic, Training and Research",38,100,72,70
The University of Oxford,oxford,"Academic, Training and Research",13,0,48,20
The William and Flora Hewlett Foundation,hewlett-foundation,Foundation,100,0,73,58
The World Bank,worldbank,Multilateral,100,87,85,91
Theatre for a Change Malawi,tfacmalawi,National NGO,0,0,0,0
Theatre for a Change UK,tfac,International NGO,0,0,0,0
Timidria,timidria,National NGO,38,66,55,53
TradeMark East Africa,tmea,Regional NGO,63,0,65,43
Traidcraft Exchange,traidcraft,International NGO,75,100,74,83
Transnational Institute,tni,Foundation,75,0,76,50
Transparency International Bangladesh,tib,National NGO,75,0,70,48
Transparency International Kenya,ti_kenya,National NGO,25,0,76,34
Transparency International Secretariat,transparency-international,International NGO,38,22,72,44
Transparency International UK,ti-uk,International NGO,25,66,68,53
TREE AID,treea,International NGO,0,0,0,0
Trianglen,trianglen,National NGO,50,80,82,71
Trias,trias,National NGO,75,100,81,85
Triple Line,tripleline_crownagents,Private Sector,0,0,54,18
Trocaire,trocaire,International NGO,38,0,79,39
Trocaire (Northern Ireland),troc,International NGO,75,0,83,53
Tropenbos International,tbi,International NGO,13,15,69,32
Tropical Health and Education Trust,tropicalhealth,International NGO,25,0,68,31
Trust for Africa's Orphans,tao-03473165,International NGO,0,0,0,0
Twaweza,twaweza,Regional NGO,0,0,49,16
Twin,twin-iati,International NGO,13,0,62,25
Uganda Martyrs University,umu,"Academic, Training and Research",50,0,60,37
UHAI EASHRI,uhai-eashri,Foundation,25,0,66,30
"UK - Department for Business, Energy and Industrial Strategy",beis,Government,50,23,78,50
"UK - Department for Environment, Food and Rural Affairs",defra_transparency,Government,0,0,65,22
UK - Department for International Development (DFID),dfid,Government,100,48,86,78
UK - Department for Work and Pensions,dwp,Government,0,0,67,22
UK - Department of Health and Social Care (DHSC),dhsc,Government,88,60,84,77
UK - Foreign & Commonwealth Office,fco,Government,38,0,0,13
UK - Medical Research Council,mrc,Government,0,0,72,24
UK - Ministry of Defence,ukmod,Government,0,0,78,26
UK - Scottish Government,scottish_government,Government,0,0,0,0
UK - Welsh Government's Wales for Africa Programme,wfa,Government,0,0,0,0
ULB-Coopération,ulbcoop,National NGO,63,100,82,82
UN Pooled Funds,unpf,Multilateral,13,0,57,23
UN Women,unw,Multilateral,50,0,0,17
UN-Habitat,unhabitat,Multilateral,38,0,55,31
Unicef Belgium National Committee,ub,National NGO,63,100,85,83
UNICEF Netherlands National Committee,unicefnl,National NGO,75,0,81,52
Union des Villes et Communes de Wallonie (UVCW),uvcw,Other Public Sector,75,100,85,87
Union of Agricultural Work Committees,uawc,National NGO,38,0,0,13
UNITAID,utd,Multilateral,100,83,73,85
United Disabled Persons of Kenya,udpk,National NGO,63,0,92,52
United Mission to Nepal,umn,International NGO,38,0,0,13
United Nations Capital Development Fund,uncdf,Multilateral,13,0,10,8
United Nations Central Emergency Response Fund (CERF),cerf,Multilateral,100,33,85,73
United Nations Children's Fund (UNICEF),unicef,Multilateral,100,65,98,88
United Nations Development Programme (UNDP),undp,Multilateral,100,64,86,83
"United Nations Educational, Scientific and Cultural Organization (UNESCO)",unesco,Multilateral,25,90,68,61
United Nations Environment Programme (UNEP),un-environment,Multilateral,0,0,59,20
United Nations Foundation,unf,National NGO,75,0,67,47
United Nations High Commissioner for Refugees (UNHCR),unhcr,Multilateral,100,33,85,73
United Nations Industrial Development Organization (UNIDO),unido,Multilateral,75,31,70,59
United Nations Joint Programme on HIV and AIDS Secretariat (UNAIDS),unaids,Multilateral,75,0,0,25
United Nations Office for Project Services (UNOPS),unops,Multilateral,100,0,58,53
United Nations Office for the Coordination of Humanitarian Affairs (OCHA),unocha,Multilateral,50,0,0,17
United Nations Office for the Coordination of Humanitarian Affairs (Specially-Designated Contributions),unocha-sdc,Multilateral,13,0,78,30
United Nations Population Fund,unfpa,Multilateral,75,33,87,65
United Nations World Food Programme (WFP),wfp,Multilateral,100,100,95,98
United Purpose,cu,International NGO,63,0,0,21
United States,unitedstates,Government,63,0,74,46
United States Agency for International Development (USAID),usaid,Government,63,0,79,47
United Work,united_work,National NGO,0,0,0,0
Universitair Centrum voor Ontwikkelingssamenwerking,ucos,National NGO,50,67,82,66
Universiteit Leiden,universiteit_leiden,"Academic, Training and Research",38,50,74,54
University College London,ucl,"Academic, Training and Research",13,0,0,4
University of Amsterdam,uva_org,"Academic, Training and Research",0,0,67,22
University of Birmingham (Governance and Social Development Resource Centre),universityofbirmingham_gsdrc,"Academic, Training and Research",13,0,62,25
University of Leeds,leedsuni,"Academic, Training and Research",0,33,54,29
University of Nottingham,uni_of_nottingham,"Academic, Training and Research",50,0,57,36
University Of Zimbabwe,1-uz,"Academic, Training and Research",38,0,0,13
University Twente,utwente,"Academic, Training and Research",13,0,57,23
Upper Quartile,uq,Private Sector,75,0,79,51
Urgent Action Fund for Women's Human Rights,uaf,International NGO,50,0,62,37
Urgent Action Fund Latin America and the Caribbean,uafla,Regional NGO,50,0,61,37
Urgent Action Fund-Africa,uaf-africa,Regional NGO,50,0,58,36
UTZ,utz,International NGO,75,2,83,53
UWEZO Youth Empowerment,uwezo_youth_empowerment,National NGO,75,66,65,69
Varkey Foundation,varkeyfoundation,International NGO,63,0,60,41
VEI (Vitens-Evides International),vei_nl,Private Sector,75,98,80,84
VETERINAIRES SANS FRONTIERES / DIERENARTSEN ZONDER GRENZEN - BELGIUM,vsfbelgium,National NGO,50,100,86,79
VIA Don Bosco,via-db,National NGO,50,100,82,77
Village Enterprise,villageenterprise,International NGO,38,66,77,60
Vision Aid Overseas,vao,International NGO,0,0,74,25
Vision for a Nation Foundation,vfan,International NGO,0,0,71,24
VisionFund International,vfi,International NGO,38,100,59,66
Viva,viva,International NGO,38,100,68,69
Viva Salud,g3w-m3m_admin,National NGO,50,100,77,76
Vlaamse Interuniversitaire Raad voor Universitaire Ontwikkelingssamenwerking (VLIR-UOS),vlir-uos,"Academic, Training and Research",38,97,91,75
VNG International,vngi,Other Public Sector,50,64,93,69
Voluntary Health Association of India,vhai-org,"Academic, Training and Research",13,0,0,4
Voluntary Service Overseas (VSO),vso,International NGO,75,12,70,52
VVOB Education for Development,vvob,Other Public Sector,63,100,88,84
VVSG - Vereniging van Vlaamse Steden en Gemeenten,vvsg,Other Public Sector,75,97,86,86
Wageningen University & Research - Stichting Wageningen Research,wageningen_ur,"Academic, Training and Research",38,23,75,45
War Child Canada,wcc,International NGO,0,0,0,0
War Child Holland,warchildholland,International NGO,100,19,79,66
War Child UK,wcuk,International NGO,75,7,63,48
War on Want,waronwant,International NGO,0,0,52,17
War on Want NI,wowni,International NGO,0,0,0,0
WASH Alliance International,wai,International NGO,0,0,0,0
WASTE advisers on urban environment and development,waste,Foundation,0,0,0,0
Water & Sanitation for the Urban Poor (WSUP),wsup,Public Private Partnership,13,0,77,30
Water Finance Facility,wff,Private Sector,50,100,88,79
Water for People,w4p,International NGO,0,0,0,0
Water Integrity Network Association,win,International NGO,13,0,59,24
Water Witness International,water-witness-international,International NGO,38,0,60,33
Water Works,waterworks,International NGO,0,0,0,0
WaterAid,wateraid,International NGO,50,0,74,41
We Effect,weeffect,International NGO,38,0,77,38
We World - GVC Onlus,ww-gvc,International NGO,38,100,80,73
Welbodi Partnership,welbodipartnership,"Academic, Training and Research",25,0,0,8
Wellfound,wellfound,International NGO,63,0,73,45
Welthungerhilfe,whh,International NGO,13,0,62,25
Wemos Foundation,wemos,International NGO,50,50,78,59
Wereldsolidariteit-Solidarité Mondiale (WSM),wsm,National NGO,50,100,87,79
Wetlands International,wi,International NGO,63,0,92,52
Win Win Strategies,wws,International NGO,63,0,0,21
Windle Trust Kenya,wtk,National NGO,0,0,63,21
WNF Wereld Natuur Fonds,wnf,International NGO,50,66,79,65
"WO=MEN, Dutch Gender Platform",wo-men,National NGO,50,17,75,47
Wolayita Development Association,woda_0486,"Academic, Training and Research",25,0,68,31
Womankind Worldwide,womankindworld,International NGO,13,0,60,24
Women and Children First (UK),wcf,International NGO,0,0,0,0
Women Environmental Programme,wep,National NGO,38,0,64,34
Women for Women International (UK),wfwiuk,International NGO,75,66,79,73
Women Peacemakers Program,wpp,International NGO,0,0,86,29
Women's Action Group,wag-1983,National NGO,0,0,71,24
Women's Environment & Development Organization,wedo,International NGO,63,0,77,47
Women's Fund Asia,wf-asia,Regional NGO,38,0,67,35
Women's Global Network on Reproductive Rights,wgnrr_iati,International NGO,13,0,89,34
Women's Refugee Commission,w_r_c,International NGO,25,0,69,31
World Agroforestry Centre,icraf_,"Academic, Training and Research",13,0,95,36
World Association for Christian Communication (UK),wacc-uk,International NGO,0,0,0,0
World Child Cancer UK,wccuk,International NGO,63,33,75,57
World Economic Forum,worldeconomicforum,International NGO,25,0,0,8
World Economic Forum Geneva,weforum_geneva,International NGO,0,0,74,25
World Federalist Movement - Institute for Global Policy,wfm-igp,International NGO,63,66,71,67
World Health Organization,who,Multilateral,88,0,80,56
World Resources Institute,wri,International NGO,88,83,72,81
World University Service of Canada,wusc,International NGO,75,0,0,25
World Vegetable Center,worldveg,International NGO,50,75,67,64
World Vision International,wvi,International NGO,13,0,78,30
World Vision Netherlands,wvnld,Foundation,88,33,85,69
World Vision Syria,wvsyria,International NGO,0,0,0,0
World Vision UK,wvuk,International NGO,75,5,57,46
World Vision Zimbabwe,wvz-gec,International NGO,63,0,68,44
World Waternet,worldwaternet,Foundation,50,0,0,17
World Wide Fund for Nature - Pakistan,wwfpakistan,International NGO,0,0,76,25
World Wide Fund for Nature Belgium (WWF-BE),wwf-be,National NGO,75,83,83,80
World Wide Fund for Nature Denmark,wwfdk,Foundation,38,100,64,67
Worldwide Hospice Palliative Care Alliance,whpca,International NGO,75,66,83,75
WWF Sweden,wwf-se,International NGO,38,0,73,37
WWF-UK,wwf-uk,International NGO,0,0,48,16
WYG International B.V.,wygi,Private Sector,75,25,74,58
Y Care International,ycare,International NGO,88,33,74,65
YMCA of Liberia,libymca,National NGO,0,0,71,24
Young Innovations Pvt. Ltd,yipl,"Academic, Training and Research",0,0,62,21
Youth Business International,ybi,International NGO,0,0,78,26
Youth Net and Counselling - YONECO,yoneco1997,National NGO,0,0,62,21
YWCA of Bangladesh,ywcabd,National NGO,50,0,0,17
Zambia Orphans Aid UK,zoa_uk,International NGO,25,0,65,30
Zimbabwe Educational Trust,zet,International NGO,0,0,0,0
Zimmerman & Zimmerman,zimmzimm,Private Sector,0,0,0,0
Zing,zing,Foundation,0,0,66,22
ZOA,zoa,International NGO,100,96,84,93
