Publisher Name,Publisher Registry Id,2018-06,2018-07,2018-08,2018-09,2018-10,2018-11,2018-12,2019-01,2019-02,2019-03,2019-04,2019-05,Time lag
ACTIONAID INTERNATIONAL KENYA,aaik,0,0,0,0,5,0,0,6,0,5,0,4,One month
ADD International (Action on Disability and Development),addinternational,2,2,5,5,5,4,6,1,0,2,0,1,One month
AICS - Agenzia Italiana per la Cooperazione allo Sviluppo / Italian Agency for Cooperation and Development,aics,190,90,48,119,100,102,171,30,25,67,58,4,One month
APT Action on Poverty,apt,6,2,1,5,1,1,5,2,1,5,1,0,One month
AbleChildAfrica,ablechildafrica,2,1,1,2,1,2,2,0,1,2,1,0,One month
Access to Medicine Foundation,atmf,0,1,0,1,0,0,1,4,0,1,1,0,One month
Action Against Hunger UK,acf,2,1,6,5,2,2,9,2,0,2,1,1,One month
ActionAid UK,aauk,14,1,4,12,5,3,12,3,7,13,1,0,One month
African Development Bank,afdb,500,857,838,784,1396,943,616,694,631,691,1004,0,One month
AgDevCo,agdevco,0,1,0,0,0,1,4,0,0,1,5,0,One month
Agence Française de Développement,afd,0,1,0,0,0,0,881,0,0,1,0,883,One month
Aids Fonds - STOP AIDS NOW! - Soa Aids Nederland,nl-kvk-41207989,23,25,30,13,18,46,20,46,8,21,2,0,One month
Asian Development Bank,asdb,767,414,419,633,623,29,25,9,5,4,2,0,One month
Bill & Melinda Gates Foundation,bmgf,216,195,245,212,319,348,104,115,114,187,188,1,One month
Both ENDS,bothends,10,0,0,10,0,0,25,0,0,10,12,0,One month
British Council,britishcouncil,4,6,6,3,12,16,24,5,7,6,2,0,One month
CARE SOMALIA,csom1,0,3,4,2,4,6,1,6,7,2,1,1,One month
CHOICE for Youth and Sexuality,cfyas,10,10,13,1,2,2,9,19,9,7,1,0,One month
Canada - Global Affairs Canada | Affaires mondiales Canada,gac-amc,144,148,101,95,119,146,140,137,147,362,66,82,One month
Canada Department of Finance / Ministère des Finances Canada,finance_canada,0,0,0,0,1,0,0,6,0,6,2,0,One month
Catholic Agency For Overseas Development (CAFOD),cafod,137,90,116,92,114,103,118,81,156,173,66,0,One month
Catholic Relief Services,crs,13,10,11,23,0,0,4,0,2,1,3,0,One month
ChildHope UK,childhopeuk,2,0,3,3,1,3,2,3,4,3,1,0,One month
Conciliation Resources,cr,0,2,0,2,0,0,1,1,0,1,1,0,One month
DAI Europe,dai-e,181,0,0,282,3,0,683,0,0,182,7,0,One month
Denmark - Ministry of Foreign Affairs,danida,1351,1198,1198,1375,1059,1751,2342,993,973,1177,784,841,One month
Development Initiatives Poverty Research,dipr,110,117,100,91,96,91,105,95,104,101,110,0,One month
Dorcas Aid International,dai,7,0,1,11,6,0,11,0,2,11,5,0,One month
Edukans Foundation,edukans_foundation,4,4,3,5,0,2,10,8,3,7,11,5,One month
European Bank for Reconstruction and Development,ebrd,27,29,24,28,33,44,54,23,15,16,25,0,One month
European Commission - Directorate-General for International Cooperation and Development,ec-devco,907,1029,966,768,1006,1005,2006,752,674,655,678,63,One month
European Commission - Humanitarian Aid & Civil Protection,ec-echo,445,281,238,215,187,190,280,70,76,198,393,364,One month
European Commission - Neighbourhood and Enlargement Negotiations,ec-near,265,319,276,231,315,384,722,241,234,221,677,37,One month
European Commission - Service for Foreign Policy Instruments,ec-fpi,58,57,68,33,52,43,74,25,20,32,35,5,One month
European Investment Bank,eib,9,37,4,11,9,20,48,4,1,11,6,39,One month
FONCABA ASBL KBA VZW,foncaba,0,2,0,0,0,0,1,4,8,1,7,0,One month
Farm Africa,fa,7,3,7,7,8,11,9,1,4,7,0,3,One month
Free a Girl,freeagirl,0,7,0,0,5,2,1,4,0,3,3,0,One month
Germany - Federal Foreign Office,fo_germany,112,87,90,70,103,245,97,50,71,57,89,0,One month
Germany - Ministry for Economic Cooperation and Development,bmz,108,166,134,123,151,241,3050,1379,159,254,506,215,One month
GlobalGiving.org,globalgiving,214,113,144,237,155,222,604,365,217,682,655,1745,One month
Inter-American Development Bank,iadb,492,268,355,313,453,434,565,245,336,285,431,0,One month
InterAction's NGO Aid Map,ia_nam,4,1,3,1,2,8,11,9,5,6,8,8,One month
International Committee of the Red Cross (ICRC),icrc,0,0,0,0,0,0,0,511,496,562,97,0,One month
International Development Law Organization (IDLO),idlo,75,0,3,76,4,7,83,1,9,7,4,0,One month
International Federation of the Red Cross and Red Crescent (IFRC),ifrcrcs,208,219,234,0,0,0,4582,900,612,438,218,0,One month
International Finance Corporation,ifcwbg,39,10,11,13,7,14,14,9,11,19,13,16,One month
International Organization for Migration (IOM),iom,26,27,31,47,40,19,31,49,9,10,5,0,One month
International Planned Parenthood Federation,ippf,7,8,1,12,7,24,23,19,8,11,4,0,One month
KPMG East Africa,kpmgea,0,0,4,2,1,2,0,1,0,5,2,0,One month
KPMG LLP,kpmgllp,1,0,16,19,1,0,23,1,1,1,22,0,One month
Link Community Development International,lcdi_admin,1,0,0,1,0,0,1,0,0,3,1,0,One month
Mainline,mainline,0,0,8,0,4,10,0,17,2,0,10,4,One month
Milieudefensie,foenl,13,0,0,0,8,1,15,2,2,1,4,0,One month
Motivation,motivation,6,0,0,8,4,0,6,0,0,5,0,4,One month
Multilateral Investment Fund,fomin,98,67,91,126,91,86,109,54,88,128,83,0,One month
Netherlands - Ministry of Foreign Affairs,minbuza_nl,375,404,405,314,406,903,1221,149,219,267,298,337,One month
Norwegian Refugee Council,nrc,19,0,1,15,0,0,16,1,0,4,4,0,One month
OCHA Country Based Pooled Funds,unocha-cbpf,468,475,466,492,535,461,596,447,396,493,347,443,One month
Oxfam Novib,onl,1464,562,816,1506,598,1414,1732,484,1506,1992,594,1228,One month
Oxfam Solidarité-Solidariteit,oxsol,3,3,4,5,3,16,15,14,3,2,2,9,One month
PRACTICA Foundation,practica,0,0,0,0,5,0,0,0,0,2,0,1,One month
Palladium International Ltd (UK),palladium,57,1,3,26,1,3,5,3,3,4,3,1,One month
Plan International Netherlands,plannlno,80,1,8,71,51,43,83,44,41,88,1,0,One month
Population Service International,psi,13,1,4,3,2,9,15,2,2,4,4,148,One month
Protos,protos,1,1,1,2,1,0,32,26,8,2,1,0,One month
Republic of Korea,odakorea,13,5,4,15,5,9,54,2140,65,910,63,18,One month
Royal Tropical Institute,kit,0,0,0,0,0,0,8,5,0,6,1,0,One month
SOS Children's Villages The Netherlands,sosnl,1,2,2,0,0,0,0,3,3,11,3,2,One month
Saferworld,saferworld,12,1,9,10,2,5,12,0,7,4,1,0,One month
Scottish Catholic International Aid Fund (SCIAF),sciaf,6,1,0,3,1,3,5,2,0,2,1,0,One month
Solidaridad Europe,solidaridad-europe,27,9,5,14,35,18,14,1,3,6,4,0,One month
Solidaridad West Africa,solidaridad-waf,5,3,0,9,3,2,5,0,2,2,4,1,One month
Sonke Gender Justice,sjg,2,1,2,1,1,0,2,0,0,3,2,0,One month
Stichting Deltares,deltares,0,1,1,10,0,1,19,0,0,10,1,0,One month
Stichting Vluchteling,st_vluchteling,2,3,0,2,1,3,9,9,5,2,5,0,One month
Stichting Woord en Daad,w-d,9,8,18,5,12,2,3,8,4,25,18,1,One month
"Sweden, through Swedish International Development Cooperation Agency (Sida)",sida,83,71,63,48,82,68,4478,196,52,45,57,601,One month
TEAR fund Nederland,tear,3,0,6,3,3,5,15,9,3,9,3,0,One month
Terre des Hommes Netherlands,tdh_nl,4,30,9,4,24,14,30,53,1,12,5,10,One month
The Commonwealth Secretariat,commonwealthsecretariat,1093,1626,1065,764,968,830,846,3385,896,1087,55,0,One month
"The Global Fund to Fight AIDS, Tuberculosis and Malaria",theglobalfund,1051,1339,1072,1040,1178,1054,1125,1316,1051,1127,1375,1784,One month
The International Rescue Committee,irc_inc,52,1,2,59,3,2,54,5,4,58,1,1,One month
The Louis Berger Group Inc.,lbg,0,0,0,0,0,2,5,4,1,1,2,0,One month
The MENTOR Initiative,the_mentor_initiative,7,1,0,2,0,2,2,0,2,1,3,0,One month
The OPEC Fund for International Development (OFID),ofid,0,1,7,1,4,0,1435,1,0,1,1436,0,One month
The William and Flora Hewlett Foundation,hewlett-foundation,51,51,60,55,91,106,48,7,21,32,16,7,One month
The World Bank,worldbank,4520,5,0,3705,0,2,4530,2,0,3866,1551,0,One month
"UK - Department for Business, Energy and Industrial Strategy",beis,17,4,4,4,1,4,3,3,2,30,5,6,One month
UK - Department for International Development (DFID),dfid,864,992,910,684,1178,1047,1337,851,812,1078,833,36,One month
UK - Department of Health and Social Care (DHSC),dhsc,50,17,11,38,39,33,79,29,22,83,3,0,One month
UNITAID,utd,14,10,2,2,5,6,17,2,5,2,2,11,One month
United Nations Central Emergency Response Fund (CERF),cerf,32,26,23,40,89,12,13,16,42,42,154,74,One month
United Nations Children's Fund (UNICEF),unicef,7927,8101,7699,7878,8301,8248,49127,6801,7412,7916,67075,0,One month
United Nations Development Programme (UNDP),undp,5021,4320,4650,5108,4648,4835,18781,3555,4180,4606,22736,0,One month
United Nations High Commissioner for Refugees (UNHCR),unhcr,91,93,65,118,46,146,183,39,393,90,39,33,One month
United Nations Office for Project Services (UNOPS),unops,2,2,2,2,0,0,657,953,752,784,810,741,One month
United Nations World Food Programme (WFP),wfp,1808,1917,1864,1745,1833,1897,2268,2381,2296,2431,2481,0,One month
War Child Holland,warchildholland,41,5,8,7,2,13,60,5,4,41,2,6,One month
World Health Organization,who,0,0,0,0,0,0,0,0,0,13542,9544,0,One month
World Resources Institute,wri,5,3,4,23,5,8,2,4,3,4,2,0,One month
World Vision Netherlands,wvnld,1,0,3,3,4,3,15,2,5,27,5,0,One month
Y Care International,ycare,10,2,3,6,1,0,12,1,1,4,1,1,One month
ZOA,zoa,12,23,6,17,17,19,56,2,3,2,1,0,One month
AECOM,aecom,1,2,0,1,3,1,1,3,1,0,3,0,A quarter
AFELT,afelt,0,0,0,2,0,0,4,0,0,2,0,0,A quarter
AFEW International,afewinternational,14,0,0,10,0,0,12,0,0,12,0,0,A quarter
AWEPA,awepa,0,0,0,0,0,0,0,0,0,1,0,0,A quarter
ActionAid Rwanda,aar,0,7,0,1,0,3,3,0,5,2,0,0,A quarter
Adam Smith International,asi,7,6,34,4,4,48,5,6,35,7,0,0,A quarter
Afghanaid,afghanaid,7,200,165,230,187,294,646,251,222,355,0,0,A quarter
African Center for Economic Transformation (ACET),acet,76,0,0,0,0,0,14,1,0,1,0,0,A quarter
African Initiatives,ai_1064413,9,0,5,7,2,2,7,0,4,7,0,0,A quarter
Akvo Foundation,akvo,21,3,2,17,7,0,13,1,0,10,0,0,A quarter
Alliance of Religions and Conservation,alliance_of_religions_and_conservation,20,8,21,7,4,7,5,5,16,4,0,0,A quarter
Amref Health Africa Headquarters,amrefhq,0,0,0,1,0,0,1,0,1,1,0,0,A quarter
Anti-Slavery International,asil,3,1,4,2,0,2,2,0,1,1,0,0,A quarter
Association pour la Promotion de l'Education et de la Formation à l'Etranger,apefe,0,16,0,0,0,0,18,16,0,14,0,0,A quarter
Avanti Communications Plc,ava_admin,0,0,1,3,0,1,3,0,0,4,0,0,A quarter
Bond,bond,1,0,0,2,0,0,2,0,1,1,0,0,A quarter
British & Irish Agencies Afghanistan Group,baag,3,0,2,1,0,0,2,1,2,1,0,0,A quarter
British Asian Trust,b_a_t,2,0,7,3,0,5,7,2,5,5,0,0,A quarter
Broederlijk Delen,bd,0,0,0,0,0,0,133,109,0,0,0,2,A quarter
Brulocalis,brulocalis,0,0,0,0,0,0,0,8,0,2,0,0,A quarter
Build Africa,buildafrica,0,0,0,2,0,1,3,0,0,0,0,4,A quarter
CARE Nederland,carenederland,7,4,2,10,18,12,51,7,19,12,0,0,A quarter
COC Nederland,cocnl_publisher,0,0,0,23,0,0,20,0,0,20,0,0,A quarter
COWI,cowi,0,2,0,0,0,2,26,0,0,1,0,0,A quarter
Cardno Emerging Markets,cardnoem,20,0,0,52,0,0,60,0,16,42,0,0,A quarter
Caritas International (Belgium),cibe,1,0,0,0,0,1,21,15,8,1,0,0,A quarter
Centre Tricontinental - CETRI,ct-admin,0,1,0,0,0,0,4,3,0,1,0,0,A quarter
Chemonics International Inc.,chemonics,3,1,1,7,1,1,2,0,0,4,0,0,A quarter
Climate Investment Funds,cif,6,1,2,1,0,0,1,0,5,3,0,0,A quarter
Coffey International Development,coffey,16,16,0,30,2,0,40,0,0,16,0,0,A quarter
Comité pour l'abolition des dettes illégitimes,cadtm,0,0,0,0,0,0,4,0,0,0,4,0,A quarter
Concern Worldwide,concern_worldwide,37,8,8,42,9,3,38,0,0,2,0,0,A quarter
DanChurchAid,dca,5,2,0,5,1,2,10,4,0,5,0,0,A quarter
Danish Refugee Council,drc,5,2,2,3,5,0,9,2,5,1,0,0,A quarter
Data4Development,d4d,0,0,0,0,0,0,1,0,0,1,0,0,A quarter
David Gordon Memorial Hospital,dgmh,0,0,0,2,0,0,1,0,0,1,0,0,A quarter
Direcção Provincial de Saúde de Nampula,dps-nampula,0,0,0,0,8,4,0,0,16,5,0,0,A quarter
Disability and Development Partners,ddp,2,2,16,2,2,8,2,0,8,2,0,0,A quarter
"Discovery Learning Alliance, Inc.",dla,10,0,1,9,0,0,11,0,1,10,0,0,A quarter
Ecorys UK,ecuk,0,0,1,2,2,2,3,1,1,2,0,0,A quarter
European Journalism Centre,ejc,1,0,0,1,0,0,14,38,1,1,0,0,A quarter
Fair Wear Foundation,fwf,0,0,0,0,0,0,12,0,0,4,0,0,A quarter
Feed the Minds,ftm-291333,0,0,0,0,0,0,0,0,0,1,0,0,A quarter
Fondo Centroamericano de Mujeres,fcam,6,0,0,4,0,0,8,0,0,6,0,0,A quarter
Food and Agriculture Organization of the United Nations (FAO),fao,2946,0,0,3032,0,0,3761,0,0,3684,0,0,A quarter
Food for the Hungry UK,fh,0,0,0,1,1,1,1,1,2,0,1,0,A quarter
France - Ministry for Europe and Foreign Affairs,france,32,33,52,40,18,16,2,2,2,0,1,0,A quarter
Free Press Unlimited,free_press_unlimited,0,0,0,4,0,0,46,13,0,36,0,0,A quarter
Friends of the Earth International,foei,0,0,0,0,0,0,8,1,0,1,0,0,A quarter
Frontline AIDS,f-aids,78,29,0,47,2,3,32,0,0,59,0,0,A quarter
GAVI Alliance,gavi,158,128,134,162,458,213,312,68,222,160,0,0,A quarter
GOAL,goal,1,0,0,1,1,1,0,0,0,1,0,0,A quarter
GPPAC Foundation,gppac,6,0,0,3,0,0,3,0,0,4,0,0,A quarter
Geneva Centre for the Democratic Control of Armed Forces (DCAF),dcaf,7,3,2,2,1,3,4,0,1,2,0,0,A quarter
Global Canopy,globalcanopy,0,0,1,1,1,1,1,3,0,3,0,0,A quarter
Global Innovation Fund,gif,7,2,5,0,2,4,5,0,0,2,0,0,A quarter
Global Rights Compliance,grc2018,0,0,1,12,28,6,4,7,6,1,0,0,A quarter
Guttmacher Institute,guttmacher,3,0,1,3,1,6,1,0,3,2,0,0,A quarter
HE Foundation,hefoundation,0,0,0,0,0,0,1,1,0,1,0,0,A quarter
Handicap International UK,hiuk,1,0,3,1,2,0,6,3,3,0,1,0,A quarter
Health Poverty Action,hpa,6,0,2,4,0,2,3,0,1,1,0,0,A quarter
HelpAge International UK,ageintl,2,2,1,1,1,3,4,3,4,2,0,0,A quarter
Hope for Children,hfc,5,2,2,3,1,3,4,2,2,6,0,0,A quarter
ICF Consulting Services Ltd,icf,13,5,2,8,2,5,7,4,1,2,0,0,A quarter
IMC WORLDWIDE,imcw_admin,3,3,1,1,3,0,4,1,2,1,0,0,A quarter
IRC,irc,20,1,0,14,0,0,27,0,0,14,0,0,A quarter
IUCN Nederlands Comité,iucn_nl,25,15,15,12,22,24,38,13,6,15,0,0,A quarter
Instiglio,instiglio,1,0,0,1,0,0,1,0,0,0,1,0,A quarter
Institut de Formation Syndical International - Internationaal Syndicaal Vormingsinstituut,ifsi_isvi,0,0,0,0,0,0,0,2,0,68,0,0,A quarter
Institute of Development Studies,ids,11,0,0,11,0,0,10,0,0,13,0,0,A quarter
International Medical Corps UK,imc_uk,4,1,0,4,0,1,2,2,1,1,0,0,A quarter
International Network for the Availability of Scientific Publications,inasp,1,2,3,2,0,1,13,1,0,7,0,0,A quarter
International Women's Development Agency,iwda,12,1,10,6,4,11,11,3,4,11,0,0,A quarter
Internews Europe,ieu,0,0,0,2,11,0,0,58,0,0,5,0,A quarter
Ipas,ipas,0,1,0,1,0,0,0,1,0,2,0,0,A quarter
Joshua Orphan and Community Care,jocc_uk,1,3,1,1,1,0,1,1,1,2,0,0,A quarter
Koepel van de Vlaamse Noord-Zuidbeweging 11.11.11 VZW,111111_publisher,1,0,0,0,0,0,76,55,0,8,0,0,A quarter
LIGHT FOR THE WORLD The Netherlands,lftwnl,1,0,0,2,0,0,3,0,0,1,0,0,A quarter
LIWA programme trust,liwa-admin,0,0,0,1,0,0,2,0,0,1,0,0,A quarter
LTS International Limited,lts,32,77,1189,12,33,32,26,31,43,31,0,0,A quarter
Leonard Cheshire Disability,lcd_admin,0,1,2,0,1,1,0,2,0,0,0,1,A quarter
MAG,mag,32,2,1,34,0,0,25,0,0,16,0,0,A quarter
MVO Nederland,mvo_nederland,0,0,15,0,0,0,19,0,0,16,0,0,A quarter
Malaria Consortium,malariaconsortium,58,31,38,62,59,45,89,25,29,62,0,0,A quarter
Mama Cash,mamac,9,0,0,0,8,0,17,0,0,5,0,0,A quarter
MannionDaniels,manniondaniels,83,31,87,101,34,45,67,4,17,4,0,0,A quarter
Marie Stopes International,msi,5,6,9,6,8,4,22,0,1,4,0,0,A quarter
Max Foundation,max-foundation,0,1,0,0,0,0,2,0,0,0,0,2,A quarter
Mercy Corps Europe,mce,43,0,0,36,0,0,37,0,0,28,0,0,A quarter
Mott MacDonald Limited,mml,0,0,0,0,0,0,2,0,0,28,0,0,A quarter
Mulanje Mission Hospital,mmh,0,1,0,1,0,1,1,0,0,1,0,0,A quarter
NKHOMA MISSION HOSPITAL,nmhiati,0,0,0,2,0,0,2,0,0,1,0,0,A quarter
Nathan Associates London Ltd.,nathan,0,0,0,0,0,0,4,0,0,5,0,0,A quarter
Nepal Disabled Human Rights Center,dhrc_nepal,0,1,0,7,2,2,5,0,0,6,0,0,A quarter
Netherlands Institute for Multiparty Democracy (NIMD),nimd-hq,4,8,9,10,11,10,6,26,4,19,0,0,A quarter
Netherlands Red Cross,nlrc,145,56,34,120,50,79,325,43,68,117,0,0,A quarter
Northern Network for Education Development,nned,1,1,0,1,1,0,1,1,0,1,0,0,A quarter
ODI Sales Limited,odi_sales_ltd,0,0,0,0,0,0,0,0,0,5,0,0,A quarter
Options Consultancy Services,options,0,0,0,0,0,0,19,2,0,4,0,0,A quarter
Orbis Africa,orbis_africa,2,3,1,3,2,1,3,0,0,3,0,0,A quarter
Orbis Charitable Trust,orbis_uk,2,1,0,4,0,0,6,0,0,6,0,0,A quarter
Orbis Ethiopia,orbis_ethiopia,1,0,0,2,0,0,2,0,0,2,0,0,A quarter
Orbis International,orbis_international,3,0,0,3,0,0,6,0,0,5,0,0,A quarter
Overseas Development Institute,odi,5,0,0,0,0,0,0,0,0,15,0,0,A quarter
Oxfam America,oxfamus,1,0,0,142,0,0,1,0,0,163,0,0,A quarter
Oxfam IBIS,ibis_denmark,0,0,0,0,0,0,0,0,0,0,2,0,A quarter
PAX,pax,0,0,0,0,0,0,0,0,0,0,489,0,A quarter
Palliative Care Association of Malawi,pacam,0,1,0,1,0,0,2,0,1,1,0,0,A quarter
Palliative Care Support Trust,pcst,0,1,0,1,1,0,1,0,0,1,0,0,A quarter
People in Need,pin,378,0,0,432,0,0,477,0,0,627,0,0,A quarter
Plan International Belgium,pib,0,0,0,0,0,0,24,0,8,0,1,0,A quarter
Plataforma Moçambicana da Água (PLAMA),plama,0,0,0,0,1,1,0,0,0,0,1,0,A quarter
PricewaterhouseCoopers Private Limited India,pwcplindia,8,5,2,7,5,4,14,1,1,10,0,0,A quarter
PwC,pwc,0,0,0,0,25,0,11,27,0,19,0,0,A quarter
Queen Rania Foundation for Education and Development,qrfed,6,0,0,0,6,0,6,0,8,6,0,0,A quarter
Railway Children,rc,1,3,0,3,3,1,2,1,1,2,0,0,A quarter
Red Cross Red Crescent Climate Centre,climate_centre,15,0,0,15,0,0,15,0,0,15,0,0,A quarter
Regional Advisory Information and Network Systems,rains,2,0,1,2,0,1,2,1,0,2,0,0,A quarter
Rikolto,rikolto,3,8,1,7,2,7,31,33,24,17,0,0,A quarter
Rode Kruis-Vlaanderen Internationaal vzw,rkiv,0,0,0,0,0,0,29,0,0,0,5,0,A quarter
Rutgers,rutgers,7,7,18,4,2,5,27,0,7,14,0,0,A quarter
SOS Kinderdorpen België / SOS Villages d'Enfants Belgique,svdbskb_admin,0,1,0,0,0,0,10,2,0,0,1,0,A quarter
Save the Children DK,redbarnet,0,2,0,0,0,0,2,2,2,2,0,0,A quarter
Save the Children International,sci,197,1,6,176,5,2,235,6,4,165,0,0,A quarter
Save the Children Netherlands,scnl,68,2,0,29,0,0,47,24,2,56,0,0,A quarter
Save the Children UK,scuk,276,2,8,273,6,2,281,6,4,249,0,0,A quarter
Search for Common Ground (SFCG),sfcg,0,0,0,2,0,1,3,0,0,3,0,0,A quarter
Send a Cow,sendacow,12,6,1,7,11,3,4,5,0,5,0,0,A quarter
Send a Cow Kenya,sac_kenya,6,0,0,5,0,0,6,0,0,6,0,0,A quarter
Sense International,sense_international,1,1,3,7,3,4,8,0,6,2,0,0,A quarter
Simavi,simavi,45,32,63,45,56,48,43,38,41,49,0,0,A quarter
Solidaridad,solidaridad,36,3,9,20,27,6,43,1,2,7,0,0,A quarter
Solidaridad South & South-East Asia,solidaridad-ssea,1,4,0,0,8,10,1,0,2,2,0,0,A quarter
Solsoc,solsoc,0,0,0,0,0,0,36,0,0,8,0,0,A quarter
Sound Seekers Limited,soundseekers,2,0,0,2,0,0,2,0,0,0,1,0,A quarter
Stichting Red een Kind,redeenkind,4,2,2,3,6,3,7,3,5,6,0,0,A quarter
Street Child,street_child,4,0,1,9,0,1,9,0,0,1,0,0,A quarter
Studio Globo,sg,0,0,0,0,0,0,2,0,0,0,0,2,A quarter
The Fred Hollows Foundation (UK),fhfuk,0,0,0,1,0,1,1,0,0,2,0,0,A quarter
"The Global Development Incubator, Inc",gdi,2,1,0,1,2,2,0,1,0,0,2,0,A quarter
The Open University,open_university,6,3,3,7,3,4,7,5,0,4,0,0,A quarter
The Power of Nutrition,the_power_of_nutrition,0,1,0,1,0,0,0,0,1,2,0,0,A quarter
"The University of Dodoma (UDOM), Tanzania",udom,0,1,0,0,0,0,2,0,0,1,0,0,A quarter
Traidcraft Exchange,traidcraft,3,0,0,4,1,1,2,0,1,2,0,0,A quarter
Transnational Institute,tni,3,0,0,3,0,0,3,0,0,1,0,0,A quarter
Transparency International Bangladesh,tib,12,3,9,6,0,6,6,0,1,3,0,0,A quarter
Trias,trias,0,0,0,0,0,0,93,5,0,0,3,0,A quarter
Trocaire (Northern Ireland),troc,7,0,0,2,0,0,1,0,0,1,0,0,A quarter
UNICEF Netherlands National Committee,unicefnl,7,2,2,2,8,0,5,2,1,1,0,0,A quarter
UTZ,utz,30,17,11,24,26,30,67,5,6,18,0,0,A quarter
UWEZO Youth Empowerment,uwezo_youth_empowerment,1,1,0,1,0,2,1,1,0,0,1,0,A quarter
Uganda Martyrs University,umu,1,0,0,0,0,0,2,0,0,1,0,0,A quarter
Unicef Belgium National Committee,ub,0,0,0,0,0,0,4,0,7,1,0,0,A quarter
Union des Villes et Communes de Wallonie (UVCW),uvcw,1,1,0,6,5,5,5,11,0,3,0,0,A quarter
United Nations Foundation,unf,2,0,0,1,2,0,0,0,0,7,0,0,A quarter
United Nations Joint Programme on HIV and AIDS Secretariat (UNAIDS),unaids,398,0,0,0,0,0,1,0,0,0,330,0,A quarter
United Nations Population Fund,unfpa,0,0,0,0,0,0,0,0,0,0,0,2812,A quarter
University of Nottingham,uni_of_nottingham,0,0,0,0,0,0,0,0,0,1,0,0,A quarter
Upper Quartile,uq,2,0,0,0,0,0,0,0,0,5,0,0,A quarter
VEI (Vitens-Evides International),vei_nl,23,0,0,24,1,1,25,0,1,25,0,0,A quarter
VVSG - Vereniging van Vlaamse Steden en Gemeenten,vvsg,16,0,0,1,0,0,3,0,4,1,0,0,A quarter
Voluntary Service Overseas (VSO),vso,52,2,5,10,0,2,17,1,0,157,0,0,A quarter
WYG International B.V.,wygi,1,0,0,1,0,0,4,0,0,34,0,0,A quarter
War Child UK,wcuk,2,0,0,1,0,0,2,2,0,28,0,0,A quarter
Water Finance Facility,wff,4,0,0,4,0,0,3,0,0,2,0,0,A quarter
Wellfound,wellfound,0,1,0,1,0,0,1,2,0,2,0,0,A quarter
Women for Women International (UK),wfwiuk,9,0,0,7,0,0,9,1,0,5,0,0,A quarter
World Child Cancer UK,wccuk,2,5,1,2,4,1,1,0,1,1,0,0,A quarter
World University Service of Canada,wusc,6,0,1,6,0,0,7,0,1,6,0,0,A quarter
World Vegetable Center,worldveg,0,0,0,0,0,0,13,0,0,0,5,0,A quarter
World Vision UK,wvuk,5,1,2,0,0,1,7,2,1,1,0,0,A quarter
World Vision Zimbabwe,wvz-gec,2,0,4,0,0,0,5,2,2,5,0,0,A quarter
World Wide Fund for Nature Belgium (WWF-BE),wwf-be,2,1,1,0,0,0,5,1,12,4,0,0,A quarter
Worldwide Hospice Palliative Care Alliance,whpca,0,3,0,3,0,2,1,0,1,1,0,0,A quarter
YWCA of Bangladesh,ywcabd,1,1,0,1,0,1,0,0,0,0,2,0,A quarter
partos,partos_nl,0,1,0,0,0,0,19,0,0,19,0,0,A quarter
ACODEV,acodev,0,0,0,0,0,0,4,1,0,0,0,0,Six months
ADRA Denmark,adra-dk,0,0,0,0,0,0,0,4,0,0,0,0,Six months
Académie de recherche et d'enseignement supérieur,ares,0,0,0,0,0,0,0,1,0,0,0,0,Six months
Accountability Lab,alab,0,0,0,15,0,0,14,0,23,0,0,0,Six months
ActionAid Denmark (Mellemfolkeligt Samvirke),aadk,0,0,0,0,0,0,0,1,1,0,0,0,Six months
Administração de Infra-Estruturas de Águas e Saneamento,aias,1,0,0,4,0,0,4,0,0,0,0,0,Six months
AfriKids,afrikids,1,2,3,3,0,3,2,0,0,0,0,0,Six months
Africalia,africalia,0,1,0,0,0,0,33,0,0,0,0,0,Six months
African Women's Development Fund,awdf,0,0,0,0,0,1,7,0,0,0,0,0,Six months
Afrikagrupperna Sweden,afrikagrupperna,0,0,0,0,0,0,106,0,0,0,0,0,Six months
Aga Khan Foundation (United Kingdom),akfuk73,4,0,0,5,0,1,4,0,0,0,0,0,Six months
Agência de Desenvolvimento do Vale do Zambeze,agencia_do_zambeze,1,0,0,2,0,0,1,0,0,0,0,0,Six months
Amref Flying Doctors,amrefnl,0,2,14,4,0,7,5,1,1,0,0,0,Six months
Amref Health Africa - UK,amrefha,4,2,1,1,2,4,2,0,2,0,0,0,Six months
Amref Health Africa Malawi,amrefmw,0,0,0,1,0,1,3,0,0,0,0,0,Six months
Amref Health Africa in Tanzania,amreftz,0,0,1,0,0,2,0,1,1,0,0,0,Six months
Association for Cultural Technical and Educational Cooperation (ACTEC),actec,0,0,0,0,0,0,37,3,0,0,0,0,Six months
Association for Women's Rights in Development (AWID),awid,0,0,0,0,0,0,9,0,0,0,0,0,Six months
Australia - Department of  Foreign Affairs and Trade,ausgov,2432,85,5,6,14,4,1,0,1024,0,0,0,Six months
Auto-Développement Afrique (ADA),ada,0,1,0,0,1,0,3,0,0,0,0,0,Six months
Autre Terre asbl,a-t,0,0,0,0,0,0,22,2,0,0,0,0,Six months
Avocats Sans Frontières,asf,0,0,1,0,0,0,36,13,0,0,0,0,Six months
BDO LLP,bdo,0,0,0,2,1,0,3,0,0,0,0,0,Six months
BOS+ tropen,bos_plus_tropen,0,0,0,0,0,0,46,3,0,0,0,0,Six months
Bangladesh Nari Progati Sangha,bnps,0,0,1,1,0,1,1,0,0,0,0,0,Six months
BasicNeeds,basicneeds,3,1,0,2,8,0,1,0,0,0,0,0,Six months
Benelux Afro Center,bac,0,0,0,0,0,0,0,2,4,0,0,0,Six months
Beweging voor Internationale Solidariteit - Mouvement pour la Solidarité Internationale,bismsi,0,0,0,0,0,0,7,9,4,0,0,0,Six months
Brigham and Women's Hospital,bwh,0,0,0,0,0,0,0,2,0,0,0,0,Six months
CABI,cabi,11,0,0,10,0,0,11,0,0,0,0,0,Six months
CARE Danmark Fonden for Frivillig Ulandsbistand,12921047,0,1,0,0,0,0,0,2,0,0,0,0,Six months
CISU,cisu,0,0,0,0,0,0,0,0,1,0,0,0,Six months
CIVICUS World Alliance for Citizen Participation,civicus,15,0,0,0,0,0,0,1,0,0,0,0,Six months
COMMISSION JUSTICE ET PAIX ASBL (cjp),cjp,1,0,0,0,0,0,2,0,8,0,0,0,Six months
CREA,creausa-org,0,0,0,0,1,0,9,0,0,0,0,0,Six months
Camfed International,camfed,13,1,0,13,0,0,16,0,1,0,0,0,Six months
Canada - International Development Research Centre/Centre de recherches pour le développement international,idrccrdi,234,309,321,313,368,339,293,0,0,0,0,0,Six months
Caribbean Development Bank (CDB),caribank,0,0,1,0,1,0,1,0,0,0,0,0,Six months
Caritas Denmark,caritas_denmark,5,2,0,4,0,1,0,5,0,0,0,0,Six months
Center for Civilians in Conflict,civic_admin,0,0,14,0,0,0,0,0,6,0,0,0,Six months
Centre National de Coopération au Développement (CNCD-11.11.11),cncd,0,1,0,0,0,0,14,1,8,0,0,0,Six months
Chaîne de l'Espoir Belgique / Keten van Hoop België / Chain of Hope Belgium,cdeb-kvhb_admin,0,1,0,0,0,0,4,2,0,0,0,0,Six months
Collectif Stratégies Alimentaires,csa,0,0,0,0,0,0,10,5,0,0,0,0,Six months
Commune de Adjarra - Bénin,adjarra,0,0,0,0,0,0,0,2,0,0,0,0,Six months
Commune de Akpro-Missérété - Bénin,akpro-misserete,0,0,0,0,0,1,0,1,0,0,0,0,Six months
Commune de Allada - Bénin,allada,0,0,0,0,0,0,4,0,0,0,0,0,Six months
Commune de Klouékanmè - Bénin,klouekanme,0,0,0,0,0,0,1,0,0,0,0,0,Six months
Commune de Lalo - Bénin,lalo,0,0,0,0,0,0,2,0,0,0,0,0,Six months
Commune de Toffo - Bénin,toffo,0,0,0,0,0,0,0,1,0,0,0,0,Six months
Commune de Toviklin - Bénin,toviklin,0,0,0,0,0,0,0,1,0,0,0,0,Six months
Concern Worldwide UK,concernuk,24,5,7,28,4,6,22,0,0,0,0,0,Six months
Concordis International,concordis,0,0,1,5,0,0,0,5,0,0,0,0,Six months
Congodorpen vzw,congodorpen,0,0,0,0,0,0,0,15,0,0,0,0,Six months
Coopération par l'Education et la Culture,cec,0,0,2,0,0,0,4,0,0,0,0,0,Six months
Croix-Rouge de Belgique Communauté francophone - Activités internationales ASBL,crb-ai_admin,1,0,0,0,0,0,0,0,8,0,0,0,Six months
Crown Agents Limited,cal,16,1,0,28,0,0,41,0,0,0,0,0,Six months
Cyan International,cyan,1,2,1,0,0,0,2,0,0,0,0,0,Six months
DUF - The Danish Youth Council,duf,0,0,0,0,0,0,0,0,1,0,0,0,Six months
Damiaanactie / Action Damien,damien-foundation,0,0,0,0,0,0,6,0,4,0,0,0,Six months
Danish Family Planning Association,dfpa,0,0,0,0,0,0,0,1,0,0,0,0,Six months
Danish Red Cross,danishrc,0,0,0,0,0,0,0,0,6,0,0,0,Six months
Danmission,danmission,0,0,0,1,0,0,0,1,0,0,0,0,Six months
Dansk Missionråds Udviklingsafdeling,dmru,0,0,0,0,0,0,0,0,2,0,0,0,Six months
Dawuro Development Association,dawuro_da,0,5,0,0,5,0,0,6,0,0,0,0,Six months
Diakonia Sweden,diakonia802017-3517,0,0,0,0,0,0,0,350,0,0,0,0,Six months
Disabled People's Organisations Denmark,dpod,0,0,0,0,0,0,0,0,1,0,0,0,Six months
Disasters Emergency Committee,dec-uk,11,0,0,12,15,0,0,13,0,0,0,0,Six months
Djapo VZW,djapo,0,0,0,0,0,0,4,0,8,0,0,0,Six months
Dynamo International asbl,dynamo_international,0,0,0,0,0,0,2,2,8,0,0,0,Six months
Défi Belgique Afrique,dba,0,0,0,0,0,0,1,3,0,0,0,0,Six months
ECDPM,ecdpm,0,0,0,0,0,0,71,0,0,0,0,0,Six months
EDUCATION DEVELOPMENT TRUST - RWANDA,edt_rwanda,17,1,0,17,1,0,15,0,0,0,0,0,Six months
Echos Communication,ec,0,0,0,0,0,0,8,2,0,0,0,0,Six months
Eclosio,eclosio,0,0,0,0,0,0,25,16,0,0,0,0,Six months
Education Development Trust,edt_kenya,0,52,2,69,0,0,79,0,0,0,0,0,Six months
Enfance Tiers Monde Kinderen Derde Wereld,etmkdw,0,0,0,0,0,0,9,4,0,0,0,0,Six months
Entraide et Fraternité,ef_,0,0,0,0,0,0,39,2,0,0,0,0,Six months
FIAN Belgium,fian-belgium,0,0,0,0,0,0,4,1,0,0,0,0,Six months
Fairtrade Belgium,fairtrade_be,1,1,0,0,0,0,3,0,0,0,0,0,Six months
Farm Concern International,fci,0,0,0,2,1,1,2,0,0,0,0,0,Six months
Federation of Women Lawyers Kenya,fida,0,0,1,1,0,1,0,1,1,0,0,0,Six months
Fiabel,fiabel,0,0,0,0,0,0,5,0,0,0,0,0,Six months
Finland - Ministry of Foreign Affairs,finland_mfa,65,64,49,53,72,146,267,0,0,0,0,0,Six months
Fonds voor Ontwikkelingssamenwerking - Socialistische Solidariteit VZW,fos,0,0,0,0,0,0,63,2,0,0,0,0,Six months
Forum Universitaire pour la Coopération Internationale au Développement -FUCID ASBL,fucid,0,0,0,0,0,0,6,2,0,0,0,0,Six months
Fundación Fondo Mujeres del Sur,fms,0,0,0,0,0,0,5,0,0,0,0,0,Six months
GEOMOUN ASBL,geomoun,0,0,0,0,0,0,5,2,0,0,0,0,Six months
Geneva International Centre for Humanitarian Demining,gichd,0,0,0,2,0,0,5,0,0,0,0,0,Six months
Giro555 (Stichting Samenwerkende Hulporganisaties),giro555,0,0,0,0,9,0,10,0,18,0,0,0,Six months
Global Network of Sex Work Projects (NSWP),nswp,2,1,0,1,0,1,0,1,0,0,0,0,Six months
Groupe Pivot Santé Population,gpsp-org,0,4,6,0,4,12,2,0,0,0,0,0,Six months
Handicap International Belgique,hib,0,0,0,0,0,0,18,1,0,0,0,0,Six months
HealthProm,hp_12,1,3,1,0,3,0,1,0,3,0,0,0,Six months
Heartland Alliance International,ha-i,0,0,0,0,0,0,0,1,0,0,0,0,Six months
HelpAge International,helpage_international,125,109,108,125,112,122,129,0,0,0,0,0,Six months
HiiL innovating Justice,hiil_mfa,0,0,0,1,0,0,1,0,0,0,0,0,Six months
Hope and Homes for Children,hhc,4,0,0,4,0,1,3,2,1,0,0,0,Six months
IHE Delft Institute for Water Education,ihedelft,0,1,1,0,3,0,0,1,0,0,0,0,Six months
ITECO - Centre de formation pour le développement,iteco,0,0,0,0,0,0,2,4,0,0,0,0,Six months
Iles de Paix,idp,0,0,0,0,0,0,18,0,0,0,0,0,Six months
Index Initiative Foundation,iif,1,0,1,0,2,1,2,0,0,0,0,0,Six months
Institute for International Workers Education,iiwe,0,1,0,0,1,0,17,12,0,0,0,0,Six months
Institute for Security Studies,issafrica,0,0,0,2,0,0,1,0,0,0,0,0,Six months
Institute of Tropical Medicine,itm,0,0,0,0,0,0,40,2,0,0,0,0,Six months
Integrity Action,integrity_action,1,0,1,1,0,1,1,0,0,0,0,0,Six months
International Center for Not-for-Profit Law,icnl_org,0,0,15,0,0,0,0,3,0,0,0,0,Six months
International Child Development Initiatives,icdi,0,0,0,0,0,0,1,0,0,0,0,0,Six months
International Climate Initiative / BMU - IKI Secretariat,bmu_iki,5,6,5,8,4,0,205,0,0,0,0,0,Six months
International Fertilizer Development Center,ifdc-us,1,1,0,0,0,2,1,0,0,0,0,0,Six months
International IDEA,idea,0,0,0,0,157,0,1,0,0,0,0,0,Six months
International Indigenous Women Forum,fimi_iiwf_2019,0,0,0,0,0,0,1,0,0,0,0,0,Six months
International Media Support,ims,0,0,0,0,0,1,0,1,0,0,0,0,Six months
International Monetary Fund,imf,0,0,0,0,0,32,1,0,0,0,0,0,Six months
International Treatment Preparedness Coalition (ITPC),itpc,1,0,0,0,1,0,1,0,0,0,0,0,Six months
International Union for Conservation of Nature and Natural Resources,iucn,0,0,0,0,0,0,7,0,0,0,0,0,Six months
Interpeace,interpeace,0,0,0,1,0,0,1,0,0,0,0,0,Six months
Iraq Foundation,iraq_foundation,6,0,3,0,0,2,0,0,1,0,0,0,Six months
Irise International,irise_int,2,0,1,2,0,0,3,0,0,0,0,0,Six months
Irrawaddy Policy Exchange,ipe,1,0,1,4,1,1,3,1,0,0,0,0,Six months
Islamic Relief Worldwide,irw,3,3,3,1,4,1,5,0,0,0,0,0,Six months
Itad,itad,8,1,0,6,1,1,4,0,1,0,0,0,Six months
KIYO,kiyo,0,0,0,0,0,0,31,2,0,0,0,0,Six months
Karuna Mission Social Solidarity - KMSS,kmss,1,1,1,0,1,1,1,2,1,0,0,0,Six months
Le Monde selon les femmes asbl,mondefemmes,0,0,0,0,0,0,5,1,8,0,0,0,Six months
Lepra,lepra,1,5,0,1,6,0,0,1,0,0,0,0,Six months
Light For The World Belgium,lftw-be,1,0,0,0,0,0,12,11,8,0,0,0,Six months
MDF Global,mdf,3,0,0,3,2,0,3,0,0,0,0,0,Six months
Medecins du Monde Belgique - Dokters van de Wereld Belgïe,medecins,0,0,0,0,0,0,2,0,0,0,0,0,Six months
Memisa,memisa,0,0,0,0,0,0,13,2,0,0,0,0,Six months
Mensen met een Missie,mm1,1,0,0,5,0,0,0,1,0,0,0,0,Six months
Miel Maya Honing asbl,mmha,0,2,0,0,0,0,13,9,0,0,0,0,Six months
Millennium Challenge Corporation,millenniumchallenge,0,533,0,0,406,0,0,387,0,0,0,0,Six months
Ministère de l'Economie et des Finances du Bénin,mefbenin,41,10,8,5,10,1,7,4,0,0,0,0,Six months
Mission Øst,missioneast,0,0,1,0,0,0,1,1,0,0,0,0,Six months
Mondiaal FNV,mondiaalfnv,6,0,0,4,0,0,9,0,0,0,0,0,Six months
Musalaha Ministry of Reconciliation,mmr_admin2,0,2,0,0,1,0,0,1,0,0,0,0,Six months
Médecins Sans Vacances,msv,1,0,0,0,0,0,8,4,4,0,0,0,Six months
"Namati, Inc",namati_inc,0,0,2,2,1,0,2,0,1,0,0,0,Six months
Netherlands Commission for Environmental Assessment,ncea,0,0,0,0,0,0,27,57,0,0,0,0,Six months
Ngo-federatie (Vlaamse federatie van ngo's voor ontwikkelingssamenwerking),ngo-federatie,0,0,0,0,0,0,4,0,2,0,0,0,Six months
Niger Delta Stakeholders Initiative for Community Development and Empowerment,ndsicde,2,0,0,2,0,0,2,0,0,0,0,0,Six months
Norad - Norwegian Agency for Development Cooperation,norad,526,398,756,646,879,1205,194,0,0,0,0,0,Six months
Norwegian People's Aid,npa,10,0,0,6,0,0,10,0,0,0,0,0,Six months
"NpM, Platform for Inclusive Finance",npm,0,0,0,0,0,0,6,0,0,0,0,0,Six months
ONG ALCRER,alcrer-1,0,1,1,2,2,0,1,0,0,0,0,0,Six months
Opportunity International UK,opportunity-international-uk,6,2,4,5,1,3,7,0,1,0,0,0,Six months
Oxfam Wereldwinkels,oww,0,1,0,0,0,0,3,2,0,0,0,0,Six months
Oxfam-Magasins du monde (omdm),omdm,0,1,0,0,0,0,4,2,0,0,0,0,Six months
PHASE Worldwide,phase_worldwide,6,0,0,5,0,0,8,1,2,0,0,0,Six months
PlanBørnefonden,plb,0,0,0,0,0,0,0,2,1,0,0,0,Six months
PositiveNegatives,posneg,1,0,0,0,0,0,1,0,0,0,0,0,Six months
Publish What You Fund,pwyf,77,62,46,42,59,55,34,0,0,0,0,0,Six months
Pump Aid,pumpaid,1,2,1,1,0,1,0,0,1,0,0,0,Six months
Quinoa,quinoa,0,6,1,0,0,2,5,2,0,0,0,0,Six months
RCN Justice & Démocratie,rcn,0,0,0,0,0,2,9,1,4,0,0,0,Six months
RUAF Foundation,ruaf,4,0,0,0,0,1,6,0,0,0,0,0,Six months
Railway Children Africa,rc2africa,1,10,0,2,12,0,3,8,0,0,0,0,Six months
Rainforest Alliance,rainforest-alliance,0,0,0,0,1,0,0,1,1,0,0,0,Six months
Raleigh International,raleigh_int,1,0,2,3,0,2,1,0,2,0,0,0,Six months
Relief International - Somalia,ri_kenya,14,11,12,12,12,13,13,2,0,0,0,0,Six months
Restless Development,restless,96,0,0,0,0,0,1,0,0,0,0,0,Six months
Rikolto in Belgium,rikolto_belgium,1,0,0,0,0,0,2,2,4,0,0,0,Six months
Rotary Clubs For Development,rc4d,0,0,0,0,0,0,0,3,0,0,0,0,Six months
Royal Netherlands Football Association,knvb,1,0,0,2,0,0,1,0,0,0,0,0,Six months
SCI Projets Internationaux ASBL_Service Civil International branche belge,scibelgium,1,0,0,0,0,0,3,2,0,0,0,0,Six months
SNV Netherlands Development Organisation,snv,40,4,4,4,2,4,20,0,10,0,0,0,Six months
SOS FAIM - SOS HUNGER,sosfaim,0,0,0,0,0,0,63,0,0,0,0,0,Six months
SPARK,spark,0,0,0,0,0,2,2,0,0,0,0,0,Six months
Sehat Kahani (Community Innovation Hub),sehatkahanicih,0,1,0,0,1,0,0,2,0,0,0,0,Six months
Send a Cow Ethiopia,sacethiopia,15,8,0,6,14,8,0,7,0,0,0,0,Six months
Sensorial Handicap Cooperation,shc,0,1,0,0,0,0,7,3,0,0,0,0,Six months
Solidagro,solidagro_admin,0,1,0,0,0,0,27,2,0,0,0,0,Six months
Stakeholder Democracy Network,sdn,1,0,0,1,0,0,1,0,0,0,0,0,Six months
Stichting ActionAId,aanl,0,0,0,0,0,0,5,0,0,0,0,0,Six months
Stichting Nederlands Instituut voor Internationale Betrekkingen 'Clingendael',clingendael,4,2,4,7,0,6,4,0,0,0,0,0,Six months
Stichting Onderzoek Multinationale Ondernemingen (SOMO),somo,13,1,0,13,0,0,13,0,0,0,0,0,Six months
Stichting fondsbeheer DGGF lokaal MKB,dggf_financing_local_smes,8,12,6,7,10,12,5,1,0,0,0,0,Six months
Support Trust for Africa Development (STAD),stad,1,0,1,1,1,0,2,0,0,0,0,0,Six months
Switzerland - Swiss Agency for Development and Cooperation (SDC),sdc_ch,0,0,0,0,0,0,4015,0,0,0,0,0,Six months
Tearfund,tearfund,3,8,3,3,0,1,3,3,0,0,0,0,Six months
Tearfund VZW (TFBE),tfb_admin1,0,0,0,0,0,0,6,1,0,0,0,0,Six months
The Access to Nutrition Foundation,atnf,5,0,0,5,0,0,5,0,0,0,0,0,Six months
The HALO Trust,halo,3,0,1,3,0,0,11,0,0,0,0,0,Six months
The LO/FTF Council (Ulandssekretariatet),loftf,0,1,0,0,0,0,0,2,0,0,0,0,Six months
The Leprosy Mission England and Wales,tlmew,2,1,2,4,1,0,1,1,0,0,0,0,Six months
The University of Manchester,uom,1,0,1,1,1,0,1,0,0,0,0,0,Six months
Timidria,timidria,3,1,0,2,1,0,1,0,1,0,0,0,Six months
TradeMark East Africa,tmea,26,0,0,32,0,0,31,1,0,0,0,0,Six months
Transparency International Secretariat,transparency-international,1,2,1,0,4,4,24,1,0,0,0,0,Six months
Trianglen,trianglen,0,35,3,0,0,0,2,0,0,0,0,0,Six months
Trocaire,trocaire,6,12,8,12,12,11,6,10,0,0,0,0,Six months
ULB-Coopération,ulbcoop,0,2,0,1,0,0,39,0,0,0,0,0,Six months
United Disabled Persons of Kenya,udpk,0,0,2,0,1,2,0,0,2,0,0,0,Six months
United Nations Industrial Development Organization (UNIDO),unido,0,0,0,0,0,0,6214,0,0,0,0,0,Six months
United Purpose,cu,7,6,11,2,6,6,7,0,0,0,0,0,Six months
United States,unitedstates,14865,12578,12237,19670,5031,370,2753,0,0,0,0,0,Six months
United States Agency for International Development (USAID),usaid,19022,0,0,23224,0,0,14934,0,0,0,0,0,Six months
Universitair Centrum voor Ontwikkelingssamenwerking,ucos,1,0,0,0,0,0,3,2,0,0,0,0,Six months
Universiteit Leiden,universiteit_leiden,0,0,0,0,0,0,0,2,0,0,0,0,Six months
University Of Zimbabwe,1-uz,0,0,0,0,0,0,2,0,0,0,0,0,Six months
Urgent Action Fund Latin America and the Caribbean,uafla,0,0,0,0,0,0,4,0,0,0,0,0,Six months
Urgent Action Fund for Women's Human Rights,uaf,0,0,0,0,0,0,4,0,0,0,0,0,Six months
Urgent Action Fund-Africa,uaf-africa,0,0,0,0,0,0,4,0,0,0,0,0,Six months
VETERINAIRES SANS FRONTIERES / DIERENARTSEN ZONDER GRENZEN - BELGIUM,vsfbelgium,0,0,0,0,0,0,26,15,0,0,0,0,Six months
VIA Don Bosco,via-db,0,0,0,0,0,0,41,0,0,0,0,0,Six months
VNG International,vngi,1,0,0,0,0,1,1,1,0,0,0,0,Six months
VVOB Education for Development,vvob,0,0,0,0,0,0,12,0,4,0,0,0,Six months
Varkey Foundation,varkeyfoundation,10,0,0,10,0,0,9,0,0,0,0,0,Six months
Village Enterprise,villageenterprise,0,0,0,0,0,0,0,5,0,0,0,0,Six months
VisionFund International,vfi,0,0,0,0,7,6,6,0,0,0,0,0,Six months
Viva Salud,g3w-m3m_admin,1,0,0,0,0,0,20,2,0,0,0,0,Six months
Vlaamse Interuniversitaire Raad voor Universitaire Ontwikkelingssamenwerking (VLIR-UOS),vlir-uos,0,0,0,0,0,0,0,113,0,0,0,0,Six months
WNF Wereld Natuur Fonds,wnf,0,0,1,0,0,0,0,10,0,0,0,0,Six months
"WO=MEN, Dutch Gender Platform",wo-men,0,0,0,0,0,0,4,0,0,0,0,0,Six months
WWF Sweden,wwf-se,0,0,0,0,0,0,46,0,0,0,0,0,Six months
Wageningen University & Research - Stichting Wageningen Research,wageningen_ur,1,2,3,1,2,3,4,0,0,0,0,0,Six months
Water Witness International,water-witness-international,4,0,2,4,1,0,4,0,0,0,0,0,Six months
We Effect,weeffect,0,0,0,0,0,0,392,0,0,0,0,0,Six months
We World - GVC Onlus,ww-gvc,0,0,1,0,0,0,1,0,0,0,0,0,Six months
Wemos Foundation,wemos,1,0,0,0,0,0,2,0,0,0,0,0,Six months
Wereldsolidariteit-Solidarité Mondiale (WSM),wsm,0,0,0,0,0,0,12,10,0,0,0,0,Six months
Wetlands International,wi,96,2,0,38,0,0,40,0,0,0,0,0,Six months
Win Win Strategies,wws,0,1,0,2,1,0,4,0,0,0,0,0,Six months
Women Environmental Programme,wep,0,0,0,1,0,0,5,1,0,0,0,0,Six months
Women's Environment & Development Organization,wedo,4,0,0,4,0,0,4,0,0,0,0,0,Six months
Women's Fund Asia,wf-asia,12,3,2,6,6,1,3,1,0,0,0,0,Six months
World Federalist Movement - Institute for Global Policy,wfm-igp,2,0,0,0,1,0,1,0,0,0,0,0,Six months
World Waternet,worldwaternet,1,0,0,0,0,0,12,1,0,0,0,0,Six months
World Wide Fund for Nature Denmark,wwfdk,0,0,0,0,0,0,0,1,0,0,0,0,Six months
ADRA-UK,adrauk,1,0,0,0,0,0,0,0,0,0,0,0,One year
AIDSPAN,aidspan,14,1,0,0,0,0,0,0,0,0,0,0,One year
AVT-L Association of Victims of Terrorism Lebanon,avt-l,0,0,0,0,0,1,0,0,0,0,0,0,One year
Aapasi Sahayog Kendra Syangja Nepal (ASK Nepal),ask,0,0,0,0,0,1,0,0,0,0,0,0,One year
African Centre for Global Health and Social Transformation,achest,2,1,0,0,0,0,0,0,0,0,0,0,One year
Agence Nationale d'Approvisionnement en Eau Potable en Milieu Rural du Benin,anaepmr_benin,0,0,4,0,0,0,0,0,0,0,0,0,One year
AgriProFocus,agriprofocus,21,0,0,0,0,0,0,0,0,0,0,0,One year
Amnesty International The Netherlands,amnesty,0,0,105,0,0,0,0,0,0,0,0,0,One year
Amref Health Africa in Ethiopia,amrefeth,0,1,0,0,0,0,0,0,0,0,0,0,One year
Amref Health Africa in Kenya,amrefkenya,0,0,2,0,0,0,0,0,0,0,0,0,One year
Amref Health Africa in Uganda,amrefug,0,0,2,0,0,0,0,0,0,0,0,0,One year
Arab foundation for freedoms and equality,afemena,0,0,0,0,1,0,0,0,0,0,0,0,One year
Atradius Dutch State Business,adsb,2,0,2,0,0,0,0,0,0,0,0,0,One year
BRAC,brac_admin2,0,0,0,0,0,1,0,0,0,0,0,0,One year
Babawatoto Centre For Children and Youth,bawacecy-tz,0,2,0,0,0,0,0,0,0,0,0,0,One year
Baylor College of Medicine Children's Foundation Malawi,bcm-cf,0,0,0,0,0,1,0,0,0,0,0,0,One year
Bees for Development Trust,beesfordevelopment,0,0,0,0,1,0,0,0,0,0,0,0,One year
Bucks Community NGO,bucksfarm,2,0,0,2,0,0,0,0,0,0,0,0,One year
CARE International Afghanistan,ciafg,1,3,2,2,3,0,0,0,0,0,0,0,One year
CHEKA SANA TANZANIA,cst,2,0,0,1,2,0,0,0,0,0,0,0,One year
CNV Internationaal,nl-kvk-54436222-27541,21,0,1,33,0,0,0,0,0,0,0,0,One year
CRANE,crane,4,0,0,4,0,0,0,0,0,0,0,0,One year
DAI Global Health,healthpartners-international,11,0,0,0,0,0,0,0,0,0,0,0,One year
Defence for Children International Netherlands - ECPAT Netherlands,dciecpatnl,0,0,21,2,0,0,0,0,0,0,0,0,One year
Deloitte Touche Tohmatsu India LLP,dttillp,0,0,0,1,0,0,0,0,0,0,0,0,One year
Democratic Governance Facility,dgf,37,35,72,31,30,51,0,0,0,0,0,0,One year
Ecorys Nederland B.V.,ecorysnl,1,0,0,0,0,0,0,0,0,0,0,0,One year
Educate!,educate,0,1,1,0,0,0,0,0,0,0,0,0,One year
Energy Saving Trust,energy_saving_trust,1,1,0,0,0,0,0,0,0,0,0,0,One year
Enhanced Integrated Framework,eif,9,4,0,0,1,1,0,0,0,0,0,0,One year
Ethiopiaid UK,ethiopiaiduk,12,2,0,0,21,3,0,0,0,0,0,0,One year
Family Aids Caring Trust,fact,0,1,1,0,1,0,0,0,0,0,0,0,One year
Friends of Kipkelion,kipkelion,0,1,1,0,0,0,0,0,0,0,0,0,One year
Friends of Publish What You Fund,friendsofpwyf,3,1,6,1,0,0,0,0,0,0,0,0,One year
Fundación Oriéntame,orientame,2,0,0,0,0,0,0,0,0,0,0,0,One year
GiveDirectly,givedirectly,2,0,0,0,0,0,0,0,0,0,0,0,One year
HealthNet TPO,healthnet,1,0,1,0,0,0,0,0,0,0,0,0,One year
"Institut National de l'Eau, Benin",ine_benin,0,1,0,0,0,0,0,0,0,0,0,0,One year
International Bureau of Fiscal Documentation (IBFD),ibfd,2,0,0,2,2,0,0,0,0,0,0,0,One year
International Service,unais,11,1,0,0,0,0,0,0,0,0,0,0,One year
International Trade Centre (ITC),itc,41,2,7,41,1,0,0,0,0,0,0,0,One year
"Iringa Development of Youth, Disabled and Children Care",idydc,1,1,0,1,1,0,0,0,0,0,0,0,One year
Johns Hopkins University,gi-jhu,1,0,0,0,0,0,0,0,0,0,0,0,One year
Kadaster International,kad,1,0,0,0,0,0,0,0,0,0,0,0,One year
Kesho Kenya,kesho_kenya,13,0,0,0,0,0,0,0,0,0,0,0,One year
LAMB Health Care Foundation,lhcf,0,0,1,0,0,1,0,0,0,0,0,0,One year
Medair,medair,1,0,1,1,0,0,0,0,0,0,0,0,One year
Mukisa Foundation,mukisa_foundation,2,0,0,2,0,0,0,0,0,0,0,0,One year
National Coalition of Human Rights Defenders - Kenya,nchrdk,0,1,0,1,0,0,0,0,0,0,0,0,One year
Natural Resource Governance Institute (NRGI),nrgi,6,3,0,3,0,0,0,0,0,0,0,0,One year
Netherlands Leprosy Relief,nlr,0,0,1,0,0,0,0,0,0,0,0,0,One year
One Acre Fund,oneacrefund,0,0,0,0,0,2,0,0,0,0,0,0,One year
Oxfam GB,oxfamgb,1322,0,0,1520,0,0,0,0,0,0,0,0,One year
Oxford Policy Management,opml,0,0,2,0,0,0,0,0,0,0,0,0,One year
PEAS (Promoting Equality in African Schools),peas,1,1,0,1,0,0,0,0,0,0,0,0,One year
Private Infrastructure Development Group,pidg,2,0,0,0,0,0,0,0,0,0,0,0,One year
Promundo-US,pmo-us,2,3,0,0,0,0,0,0,0,0,0,0,One year
Protecting Families Against HIV/AIDS,prefa_1,1,0,0,0,0,0,0,0,0,0,0,0,One year
"Rehabilitation, Education and Community Health (REACH)",reach-iraq,1,0,0,0,1,3,0,0,0,0,0,0,One year
Right to Play Netherlands Foundation,rtp,1,0,0,0,0,1,0,0,0,0,0,0,One year
Samaritan's Purse UK,spuk,2,0,0,0,0,0,0,0,0,0,0,0,One year
Social Development Direct Limited,sddirect,9,10,0,0,0,0,0,0,0,0,0,0,One year
Société Nationale des eaux du Bénin (SONEB),soneb-benin,0,0,0,1,0,0,0,0,0,0,0,0,One year
Special Hope Network,shn,0,0,0,0,1,0,0,0,0,0,0,0,One year
Stichting Aidenvironment,aidenvironment,3,0,0,0,0,0,0,0,0,0,0,0,One year
Stichting Health Action International,hai,1,1,1,1,0,1,0,0,0,0,0,0,One year
TB Alert,tbalert,2,1,2,1,0,0,0,0,0,0,0,0,One year
TechnoServe,tns,2,0,0,0,0,0,0,0,0,0,0,0,One year
The Global Forum on MSM & HIV (MSMGF),msmgf,11,0,0,11,0,0,0,0,0,0,0,0,One year
"The Population Council, Inc.",populationcouncil,1,0,1,0,0,1,0,0,0,0,0,0,One year
Transparency International Kenya,ti_kenya,3,0,0,0,0,0,0,0,0,0,0,0,One year
Transparency International UK,ti-uk,6,4,2,5,2,0,0,0,0,0,0,0,One year
Tropical Health and Education Trust,tropicalhealth,0,21,0,0,0,0,0,0,0,0,0,0,One year
United Mission to Nepal,umn,2,0,0,0,0,0,0,0,0,0,0,0,One year
"United Nations Educational, Scientific and Cultural Organization (UNESCO)",unesco,878,0,0,0,0,0,0,0,0,0,0,0,One year
Viva,viva,4,0,0,3,0,0,0,0,0,0,0,0,One year
WaterAid,wateraid,0,472,0,0,455,0,0,0,0,0,0,0,One year
Welbodi Partnership,welbodipartnership,1,0,3,0,0,0,0,0,0,0,0,0,One year
Wolayita Development Association,woda_0486,0,5,0,0,5,0,0,0,0,0,0,0,One year
Women's Refugee Commission,w_r_c,0,0,2,2,0,0,0,0,0,0,0,0,One year
World Economic Forum,worldeconomicforum,2,0,0,0,0,0,0,0,0,0,0,0,One year
Zambia Orphans Aid UK,zoa_uk,0,0,4,0,0,0,0,0,0,0,0,0,One year
dance4life,dance4life,3,1,0,0,0,0,0,0,0,0,0,0,One year
interburns,interburns,2,0,1,0,0,0,0,0,0,0,0,0,One year
living peace institute,lpi,0,0,1,0,0,0,0,0,0,0,0,0,One year
,gb-cc-220949,0,0,0,0,0,0,0,0,0,0,0,0,More than one year
,dfatd-maecd,0,0,0,0,0,0,0,0,0,0,0,0,More than one year
,crs_vyf,0,0,0,0,0,0,0,0,0,0,0,0,More than one year
,hooda,0,0,0,0,0,0,0,0,0,0,0,0,More than one year
,doh,0,0,0,0,0,0,0,0,0,0,0,0,More than one year
,unoy_peacebuilders,0,0,0,0,0,0,0,0,0,0,0,0,More than one year
,grm,0,0,0,0,0,0,0,0,0,0,0,0,More than one year
,ec-elarg,0,0,0,0,0,0,0,0,0,0,0,0,More than one year
,deccadmin,0,0,0,0,0,0,0,0,0,0,0,0,More than one year
,mrdf,0,0,0,0,0,0,0,0,0,0,0,0,More than one year
,aa,0,0,0,0,0,0,0,0,0,0,0,0,More than one year
,fge,0,0,0,0,0,0,0,0,0,0,0,0,More than one year
,eu,0,0,0,0,0,0,0,0,0,0,0,0,More than one year
,pdorg,0,0,0,0,0,0,0,0,0,0,0,0,More than one year
,heifer,0,0,0,0,0,0,0,0,0,0,0,0,More than one year
,mcs,0,0,0,0,0,0,0,0,0,0,0,0,More than one year
ABAAD - Resource Center for Gender Equality,arcfge,0,0,0,0,0,0,0,0,0,0,0,0,More than one year
ACTED,acted,0,0,0,0,0,0,0,0,0,0,0,0,More than one year
ACTION AGAINST HUNGER SPAIN,acfspain,0,0,0,0,0,0,0,0,0,0,0,0,More than one year
ADS-Nyanza,ads-nyanza,0,0,0,0,0,0,0,0,0,0,0,0,More than one year
ANDA,anda,0,0,0,0,0,0,0,0,0,0,0,0,More than one year
APPRO-Europe,appro-eu,0,0,0,0,0,0,0,0,0,0,0,0,More than one year
ARK (Absolute Return for Kids),ark,0,0,0,0,0,0,0,0,0,0,0,0,More than one year
AVSI FOUNDATION IN UGANDA,avsi_uganda,0,0,0,0,0,0,0,0,0,0,0,0,More than one year
Aasaman Nepal,aasaman,0,0,0,0,0,0,0,0,0,0,0,0,More than one year
Abaseen Foundation UK,abaseen,0,0,0,0,0,0,0,0,0,0,0,0,More than one year
Abt Associates Inc,abt,0,0,0,0,0,0,0,0,0,0,0,0,More than one year
Academy for Health Development (AHEAD),ahead,0,0,0,0,0,0,0,0,0,0,0,0,More than one year
Access to Seeds Foundation,atsf,0,0,0,0,0,0,0,0,0,0,0,0,More than one year
Acid Survivors Foundation,_admin,0,0,0,0,0,0,0,0,0,0,0,0,More than one year
Across,across,0,0,0,0,0,0,0,0,0,0,0,0,More than one year
ActionAid International,aai,0,0,0,0,0,0,0,0,0,0,0,0,More than one year
Acumen,acumen,0,0,0,0,0,0,0,0,0,0,0,0,More than one year
Adaptation Fund,af,0,0,0,0,0,0,0,0,0,0,0,0,More than one year
Adventist Development and Relief Agency (ADRA Somalia),adrasom,0,0,0,0,0,0,0,0,0,0,0,0,More than one year
Aeras,aeras,0,0,0,0,0,0,0,0,0,0,0,0,More than one year
Afghanistan Public Policy Research Organization (APPRO),appro-af,0,0,0,0,0,0,0,0,0,0,0,0,More than one year
Afghanistan and Central Asian Association,acaa,0,0,0,0,0,0,0,0,0,0,0,0,More than one year
Africa Educational Trust,aet,0,0,0,0,0,0,0,0,0,0,0,0,More than one year
African Population and Health Research Center,aphrc,0,0,0,0,0,0,0,0,0,0,0,0,More than one year
African Revival,africanrevival,0,0,0,0,0,0,0,0,0,0,0,0,More than one year
AgResults Initiative,agresults,0,0,0,0,0,0,0,0,0,0,0,0,More than one year
Aga Khan Foundation Afghanistan,akf_afghanistan,0,0,0,0,0,0,0,0,0,0,0,0,More than one year
Agency for Cooperation and Research in Development (ACORD),acord,0,0,0,0,0,0,0,0,0,0,0,0,More than one year
Agulhas Applied Knowledge,aak,0,0,0,0,0,0,0,0,0,0,0,0,More than one year
AidData,aiddata,0,0,0,0,0,0,0,0,0,0,0,0,More than one year
Ajuda de Desenvolvimento de Povo para Povo (ADPP),adpp,0,0,0,0,0,0,0,0,0,0,0,0,More than one year
Aktis Strategy Ltd,aktis,0,0,0,0,0,0,0,0,0,0,0,0,More than one year
Alcis Holdings Limited,alcis,0,0,0,0,0,0,0,0,0,0,0,0,More than one year
Alfalit,alfalit,0,0,0,0,0,0,0,0,0,0,0,0,More than one year
All We Can (formerly Methodist Relief and Development Fund),allwecan,0,0,0,0,0,0,0,0,0,0,0,0,More than one year
American Friends Service Committee,afsc,0,0,0,0,0,0,0,0,0,0,0,0,More than one year
Amnesty International UK Section Charitable Trust,aiuk,0,0,0,0,0,0,0,0,0,0,0,0,More than one year
Ananda Marga Universal Relief Team (AMURT) Africa,amurt_kenya,0,0,0,0,0,0,0,0,0,0,0,0,More than one year
Aqua for All,aqua4all,0,0,0,0,0,0,0,0,0,0,0,0,More than one year
Article19,art19,0,0,0,0,0,0,0,0,0,0,0,0,More than one year
Association Centrafricaine de Traduction de la Bible et Alphabetisation,acatba,0,0,0,0,0,0,0,0,0,0,0,0,More than one year
Association for Progressive Communication,apc,0,0,0,0,0,0,0,0,0,0,0,0,More than one year
Association for Reproductive and Family Health,arfh,0,0,0,0,0,0,0,0,0,0,0,0,More than one year
Association of Commonwealth Universities,acu,0,0,0,0,0,0,0,0,0,0,0,0,More than one year
Atos IT Services Ltd,atosuk,0,0,0,0,0,0,0,0,0,0,0,0,More than one year
BBC Media Action,bbcmediaaction,0,0,0,0,0,0,0,0,0,0,0,0,More than one year
BRAC International,bracintl,0,0,0,0,0,0,0,0,0,0,0,0,More than one year
BSR,bsr_admin,0,0,0,0,0,0,0,0,0,0,0,0,More than one year
Backward Society Education (BASE),base_22,0,0,0,0,0,0,0,0,0,0,0,0,More than one year
Bees Abroad UK,bauk,0,0,0,0,0,0,0,0,0,0,0,0,More than one year
Belgian Development Cooperation,be-dgd,0,0,0,0,0,0,0,0,0,0,0,0,More than one year
Belgian development agency (Enabel),enabel,0,0,0,0,0,0,0,0,0,0,0,0,More than one year
Berytech Foundation,berytech,0,0,0,0,0,0,0,0,0,0,0,0,More than one year
Bioclimate Research and Development,bioclimate,0,0,0,0,0,0,0,0,0,0,0,0,More than one year
Blue Ventures Conservation,blueventures,0,0,0,0,0,0,0,0,0,0,0,0,More than one year
British Red Cross,gb-chc-220949,0,0,0,0,0,0,0,0,0,0,0,0,More than one year
Burns Violence Survivors - Nepal,bvs-nepal,0,0,0,0,0,0,0,0,0,0,0,0,More than one year
C40 Cities Climate Leadership Group,c40cities,0,0,0,0,0,0,0,0,0,0,0,0,More than one year
CARE BENIN/TOGO,carebenintogo,0,0,0,0,0,0,0,0,0,0,0,0,More than one year
CARE International UK,ciuk,0,0,0,0,0,0,0,0,0,0,0,0,More than one year
CARE International in Zimbabwe,ciz,0,0,0,0,0,0,0,0,0,0,0,0,More than one year
CDA Collaborative Learning Projects,cda,0,0,0,0,0,0,0,0,0,0,0,0,More than one year
CDC Group plc,cdc,0,0,0,0,0,0,0,0,0,0,0,0,More than one year
CIFAL Scotland,cifal,0,0,0,0,0,0,0,0,0,0,0,0,More than one year
CINI,cini_jhk,0,0,0,0,0,0,0,0,0,0,0,0,More than one year
CLASP,clasp,0,0,0,0,0,0,0,0,0,0,0,0,More than one year
CODA International,coda,0,0,0,0,0,0,0,0,0,0,0,0,More than one year
CUAMM Trustees,cuammtrustees,0,0,0,0,0,0,0,0,0,0,0,0,More than one year
Canon Collins Trust,canoncollinstrust,0,0,0,0,0,0,0,0,0,0,0,0,More than one year
Carers Worldwide,cww,0,0,0,0,0,0,0,0,0,0,0,0,More than one year
Caritas Finland,caritasfin,0,0,0,0,0,0,0,0,0,0,0,0,More than one year
Caritas Serbia,caritas_serbia,0,0,0,0,0,0,0,0,0,0,0,0,More than one year
Cecily's Fund,cecily,0,0,0,0,0,0,0,0,0,0,0,0,More than one year
Center for International Studies and Cooperation,ceci,0,0,0,0,0,0,0,0,0,0,0,0,More than one year
Center for Research on Environment Health and Population Activities (CREHPA),crehpa,0,0,0,0,0,0,0,0,0,0,0,0,More than one year
Centre For Citizens With Disabilities,ccdnigeria,0,0,0,0,0,0,0,0,0,0,0,0,More than one year
Centre for Economic Policy Research,cepr,0,0,0,0,0,0,0,0,0,0,0,0,More than one year
Centre for Indian Knowledge Systems,ciks,0,0,0,0,0,0,0,0,0,0,0,0,More than one year
Centre for the Study of Adolescence,csa-kenya,0,0,0,0,0,0,0,0,0,0,0,0,More than one year
Chama cha Uzazi na Malezi Bora Tanzania (UMATI),umati,0,0,0,0,0,0,0,0,0,0,0,0,More than one year
Charity Projects Ltd (Comic Relief),cprojects,0,0,0,0,0,0,0,0,0,0,0,0,More than one year
Child-to-Child,ctc,0,0,0,0,0,0,0,0,0,0,0,0,More than one year
ChildFund International,childfund,0,0,0,0,0,0,0,0,0,0,0,0,More than one year
Children in Crisis,cic,0,0,0,0,0,0,0,0,0,0,0,0,More than one year
Christian Aid,caid,0,0,0,0,0,0,0,0,0,0,0,0,More than one year
Christian Aid Ireland,caid_ireland,0,0,0,0,0,0,0,0,0,0,0,0,More than one year
Christian Blind Mission (UK) Ltd.,cbm,0,0,0,0,0,0,0,0,0,0,0,0,More than one year
Christian Engineers in Development,ced,0,0,0,0,0,0,0,0,0,0,0,0,More than one year
Clean Clothes Campaign,ccc,0,0,0,0,0,0,0,0,0,0,0,0,More than one year
Climate Policy Initiative,cpi,0,0,0,0,0,0,0,0,0,0,0,0,More than one year
Clinton Health Access Initiative,chai,0,0,0,0,0,0,0,0,0,0,0,0,More than one year
ColaLife,colalife,0,0,0,0,0,0,0,0,0,0,0,0,More than one year
Commune de Adja-Ouere - Bénin,adja-ouere,0,0,0,0,0,0,0,0,0,0,0,0,More than one year
Commune de Adjohoun - Bénin,adjohoun,0,0,0,0,0,0,0,0,0,0,0,0,More than one year
Commune de Aplahoué - Bénin,aplahoue,0,0,0,0,0,0,0,0,0,0,0,0,More than one year
Commune de Avrankou - Bénin,avrankou,0,0,0,0,0,0,0,0,0,0,0,0,More than one year
Commune de Bopa - Bénin,bopa,0,0,0,0,0,0,0,0,0,0,0,0,More than one year
Commune de Comè - Bénin,come,0,0,0,0,0,0,0,0,0,0,0,0,More than one year
Commune de Dangbo - Benin,dangbo,0,0,0,0,0,0,0,0,0,0,0,0,More than one year
Commune de Ifangni - Bénin,ifangni,0,0,0,0,0,0,0,0,0,0,0,0,More than one year
Commune de Kpomassè - Bénin,kpomasse,0,0,0,0,0,0,0,0,0,0,0,0,More than one year
Commune de Kétou - Bénin,ketou,0,0,0,0,0,0,0,0,0,0,0,0,More than one year
Commune de Parakou - Bénin,parakou,0,0,0,0,0,0,0,0,0,0,0,0,More than one year
Commune de Pobè - Bénin,pobe,0,0,0,0,0,0,0,0,0,0,0,0,More than one year
Commune de Zè - Bénin,ze,0,0,0,0,0,0,0,0,0,0,0,0,More than one year
Conflict Dynamics International,cdi,0,0,0,0,0,0,0,0,0,0,0,0,More than one year
Construction Sector Transparency Initiative (CoST),cost_uk,0,0,0,0,0,0,0,0,0,0,0,0,More than one year
Cord,cord,0,0,0,0,0,0,0,0,0,0,0,0,More than one year
Cordaid,cordaid,0,0,0,0,0,0,0,0,0,0,0,0,More than one year
Cowater International Inc,cowater,0,0,0,0,0,0,0,0,0,0,0,0,More than one year
DECP,decp,0,0,0,0,0,0,0,0,0,0,0,0,More than one year
DKT - (Pakistan),dkt,0,0,0,0,0,0,0,0,0,0,0,0,More than one year
DNH Mali (Direction Nationale de l’Hydraulique du Mali),pca-gire,0,0,0,0,0,0,0,0,0,0,0,0,More than one year
Delivery Associates Ltd,delivery_associates,0,0,0,0,0,0,0,0,0,0,0,0,More than one year
Democracy Reporting International gGmbH,dri,0,0,0,0,0,0,0,0,0,0,0,0,More than one year
Desmond Tutu HIV Foundation,dthfxx12,0,0,0,0,0,0,0,0,0,0,0,0,More than one year
Development Aid from People to People (DAPP) Malawi,dapp,0,0,0,0,0,0,0,0,0,0,0,0,More than one year
Development Organisation of the Rural Poor,dorp-org,0,0,0,0,0,0,0,0,0,0,0,0,More than one year
Developments In Literacy Trust UK,diltuk,0,0,0,0,0,0,0,0,0,0,0,0,More than one year
Digital Campus,dc,0,0,0,0,0,0,0,0,0,0,0,0,More than one year
Disability Rights Advocacy Fund,draf,0,0,0,0,0,0,0,0,0,0,0,0,More than one year
Disability Rights Fund,drf,0,0,0,0,0,0,0,0,0,0,0,0,More than one year
Doctors of the World UK,dotw_uk,0,0,0,0,0,0,0,0,0,0,0,0,More than one year
Dóchas - Irish Association of Non Governmental Development Organisations,dochas,0,0,0,0,0,0,0,0,0,0,0,0,More than one year
EMMS International,emms,0,0,0,0,0,0,0,0,0,0,0,0,More than one year
Economic and Social Research Foundation (ESRF),esrf,0,0,0,0,0,0,0,0,0,0,0,0,More than one year
Emmanuel International UK,eiuk,0,0,0,0,0,0,0,0,0,0,0,0,More than one year
Energy 4 Impact,e4i,0,0,0,0,0,0,0,0,0,0,0,0,More than one year
EngenderHealth Ethiopia,engenderhealth_eth,0,0,0,0,0,0,0,0,0,0,0,0,More than one year
Engineers Without Borders Canada,ewb_canada,0,0,0,0,0,0,0,0,0,0,0,0,More than one year
Ethical Trading Initiative,eti,0,0,0,0,0,0,0,0,0,0,0,0,More than one year
Ethiopian Horticulture Producer Exporters Association (EHPEA),ehpea,0,0,0,0,0,0,0,0,0,0,0,0,More than one year
European Institute of Peace,eip,0,0,0,0,0,0,0,0,0,0,0,0,More than one year
EveryChild,evc,0,0,0,0,0,0,0,0,0,0,0,0,More than one year
Excellent Development,excellent,0,0,0,0,0,0,0,0,0,0,0,0,More than one year
Exeter Ethiopia Link,eel,0,0,0,0,0,0,0,0,0,0,0,0,More than one year
FHI360,fhi360,0,0,0,0,0,0,0,0,0,0,0,0,More than one year
FMO,fmo,0,0,0,0,0,0,0,0,0,0,0,0,More than one year
FRANK Water,frankwater,0,0,0,0,0,0,0,0,0,0,0,0,More than one year
Fairfood International,fairfood,0,0,0,0,0,0,0,0,0,0,0,0,More than one year
Fairtrade Labelling Organizations International e.V.,fairtrade_international,0,0,0,0,0,0,0,0,0,0,0,0,More than one year
Family Life Education Program,flepuganda,0,0,0,0,0,0,0,0,0,0,0,0,More than one year
Fauna & Flora International,ffi_publisher,0,0,0,0,0,0,0,0,0,0,0,0,More than one year
Find Your Feet,fyf,0,0,0,0,0,0,0,0,0,0,0,0,More than one year
Forests Monitor,fm,0,0,0,0,0,0,0,0,0,0,0,0,More than one year
Freedom Forum,ff,0,0,0,0,0,0,0,0,0,0,0,0,More than one year
"Friends of the Earth England, Wales and Northern Ireland",foe_ewni,0,0,0,0,0,0,0,0,0,0,0,0,More than one year
Friends of the Earth-Ghana,foe-ghana,0,0,0,0,0,0,0,0,0,0,0,0,More than one year
Fundacion Acceso,fundacion-acceso,0,0,0,0,0,0,0,0,0,0,0,0,More than one year
Fundo de Investimento e Patrimonio do Abastecimento de Água (FIPAG),fipag,0,0,0,0,0,0,0,0,0,0,0,0,More than one year
GEMS Education Solutions,mgcubed,0,0,0,0,0,0,0,0,0,0,0,0,More than one year
GOGLA - Global Off-Grid Lighting Association,gogla,0,0,0,0,0,0,0,0,0,0,0,0,More than one year
Gender Links,gl,0,0,0,0,0,0,0,0,0,0,0,0,More than one year
Girls Not Brides: The Global Partnership to End Child Marriage,girlsnotbrides,0,0,0,0,0,0,0,0,0,0,0,0,More than one year
Girls’ Education Challenge – Fund Manager PwC,gecfundmanagerpwc,0,0,0,0,0,0,0,0,0,0,0,0,More than one year
Global Action Nepal,gan,0,0,0,0,0,0,0,0,0,0,0,0,More than one year
Global Alliance for TB Drug Development,tb-a,0,0,0,0,0,0,0,0,0,0,0,0,More than one year
Global Focus,globaltfokus,0,0,0,0,0,0,0,0,0,0,0,0,More than one year
Global Green Growth Institute (GGGI),gggi,0,0,0,0,0,0,0,0,0,0,0,0,More than one year
Global Integrity,globalintegrity,0,0,0,0,0,0,0,0,0,0,0,0,More than one year
Global Network of People Living with HIV (GNP+),gnpplus,0,0,0,0,0,0,0,0,0,0,0,0,More than one year
Global Partnership for Education,gpe,0,0,0,0,0,0,0,0,0,0,0,0,More than one year
Grow Movement,growmovement_admin,0,0,0,0,0,0,0,0,0,0,0,0,More than one year
HTSPE,htspe,0,0,0,0,0,0,0,0,0,0,0,0,More than one year
Habitat for Humanity Great Britain,hfhgb,0,0,0,0,0,0,0,0,0,0,0,0,More than one year
Hagar International UK,hagar_uk,0,0,0,0,0,0,0,0,0,0,0,0,More than one year
Haiti Hospital Appeal,hha,0,0,0,0,0,0,0,0,0,0,0,0,More than one year
Hand in Hand International,handinhand,0,0,0,0,0,0,0,0,0,0,0,0,More than one year
Handicap International,hifed,0,0,0,0,0,0,0,0,0,0,0,0,More than one year
Heifer International South Africa,hsa,0,0,0,0,0,0,0,0,0,0,0,0,More than one year
Heifer Nederland,heifernederland,0,0,0,0,0,0,0,0,0,0,0,0,More than one year
Helvetas Swiss Intercooperation,hsi,0,0,0,0,0,0,0,0,0,0,0,0,More than one year
Hilfswerk Austria Zimbabwe,hwa-zm,0,0,0,0,0,0,0,0,0,0,0,0,More than one year
Hivos,stichting_hivos,0,0,0,0,0,0,0,0,0,0,0,0,More than one year
Homeless International,hi,0,0,0,0,0,0,0,0,0,0,0,0,More than one year
Horizons for Green Development,horizons,0,0,0,0,0,0,0,0,0,0,0,0,More than one year
Hospice Africa Ltd,hauk,0,0,0,0,0,0,0,0,0,0,0,0,More than one year
Human Relief Foundation,hrf,0,0,0,0,0,0,0,0,0,0,0,0,More than one year
I Choose Life Africa,ke-ngc-3372,0,0,0,0,0,0,0,0,0,0,0,0,More than one year
ICA:UK,icauk,0,0,0,0,0,0,0,0,0,0,0,0,More than one year
ICCO Cooperation,icco-cooperation,0,0,0,0,0,0,0,0,0,0,0,0,More than one year
ICS,ics,0,0,0,0,0,0,0,0,0,0,0,0,More than one year
IDEO.org,ideo_org,0,0,0,0,0,0,0,0,0,0,0,0,More than one year
"IDH, the Sustainable Trade Initiative",idh,0,0,0,0,0,0,0,0,0,0,0,0,More than one year
IDinsight,idinsight,0,0,0,0,0,0,0,0,0,0,0,0,More than one year
IFOAM - Organics International,ifoam,0,0,0,0,0,0,0,0,0,0,0,0,More than one year
IOD PARC,iodparc,0,0,0,0,0,0,0,0,0,0,0,0,More than one year
IPE Global Limited,ipeglobal,0,0,0,0,0,0,0,0,0,0,0,0,More than one year
IREX (International Research and Exchange Board),suhanajjar,0,0,0,0,0,0,0,0,0,0,0,0,More than one year
Indigo Trust,indtrust,0,0,0,0,0,0,0,0,0,0,0,0,More than one year
Institute for War & Peace Reporting,iwpr,0,0,0,0,0,0,0,0,0,0,0,0,More than one year
Integrity Research and Consultancy Ltd,integrity,0,0,0,0,0,0,0,0,0,0,0,0,More than one year
InterAction,interaction,0,0,0,0,0,0,0,0,0,0,0,0,More than one year
InterClimate Network,icn,0,0,0,0,0,0,0,0,0,0,0,0,More than one year
Interact Worldwide,iww_publish,0,0,0,0,0,0,0,0,0,0,0,0,More than one year
International Alert,international-alert,0,0,0,0,0,0,0,0,0,0,0,0,More than one year
International Centre of Insect Physiology and Ecology (icipe),icipe,0,0,0,0,0,0,0,0,0,0,0,0,More than one year
International Federation of Accountants,ifac,0,0,0,0,0,0,0,0,0,0,0,0,More than one year
International Fund for Agricultural Development (IFAD),ifad,0,0,0,0,0,0,0,0,0,0,0,0,More than one year
International Initiative for Impact Evaluation,3ie,0,0,0,0,0,0,0,0,0,0,0,0,More than one year
International Labour Organization (ILO),ilo,0,0,0,0,0,0,0,0,0,0,0,0,More than one year
International NGO Safety Orgnisation,inso,0,0,0,0,0,0,0,0,0,0,0,0,More than one year
International Network for Bamboo and Rattan (INBAR),inbar,0,0,0,0,0,0,0,0,0,0,0,0,More than one year
International Network of People who Use Drugs (INPUD),inpud_admin,0,0,0,0,0,0,0,0,0,0,0,0,More than one year
International Procurement Agency,ipa,0,0,0,0,0,0,0,0,0,0,0,0,More than one year
International Rescue Committee UK,irc_uk,0,0,0,0,0,0,0,0,0,0,0,0,More than one year
IntraHealth International,intrahealth,0,0,0,0,0,0,0,0,0,0,0,0,More than one year
Ireland - Department of Foreign Affairs and Trade,irishaid,0,0,0,0,0,0,0,0,0,0,0,0,More than one year
Japan International Cooperation Agency (JICA),jica,0,0,0,0,0,0,0,0,0,0,0,0,More than one year
Jeevika Trust,jeevika_trust,0,0,0,0,0,0,0,0,0,0,0,0,More than one year
Just Associates,jass,0,0,0,0,0,0,0,0,0,0,0,0,More than one year
Karuna Trust,karuna,0,0,0,0,0,0,0,0,0,0,0,0,More than one year
Kepa ry,kepa,0,0,0,0,0,0,0,0,0,0,0,0,More than one year
King Salman Humanitarian Aid and Relief Centre,ksrelief291,0,0,0,0,0,0,0,0,0,0,0,0,More than one year
Kisumu Medical and Education Trust,kmet,0,0,0,0,0,0,0,0,0,0,0,0,More than one year
Koninklijk Nederlands Meteorologisch Instituut,knmi,0,0,0,0,0,0,0,0,0,0,0,0,More than one year
KwaAfrica,kwaafrica,0,0,0,0,0,0,0,0,0,0,0,0,More than one year
LEAD International,lead_international,0,0,0,0,0,0,0,0,0,0,0,0,More than one year
Landell Mills,landell-mills,0,0,0,0,0,0,0,0,0,0,0,0,More than one year
Learning for Life,learningforlife,0,0,0,0,0,0,0,0,0,0,0,0,More than one year
Link Community Development Scotland,lcds,0,0,0,0,0,0,0,0,0,0,0,0,More than one year
"Lithuania, Ministry of Foreign Affairs",lithuania_mfa,0,0,0,0,0,0,0,0,0,0,0,0,More than one year
Lively Minds,livelyminds,0,0,0,0,0,0,0,0,0,0,0,0,More than one year
Liverpool School of Tropical Medicine,lstm,0,0,0,0,0,0,0,0,0,0,0,0,More than one year
Living Earth Foundation,livingearth12,0,0,0,0,0,0,0,0,0,0,0,0,More than one year
Local Development and Small Projects Support,ldsps,0,0,0,0,0,0,0,0,0,0,0,0,More than one year
Louvain Coopération,lc,0,0,0,0,0,0,0,0,0,0,0,0,More than one year
MADE in Europe,mie-1134415,0,0,0,0,0,0,0,0,0,0,0,0,More than one year
MAMTA - Health Institute for Mother and Child,mamta_himc,0,0,0,0,0,0,0,0,0,0,0,0,More than one year
MICAIA,mic-uk,0,0,0,0,0,0,0,0,0,0,0,0,More than one year
Magariro,magariro,0,0,0,0,0,0,0,0,0,0,0,0,More than one year
Manx Times,manxtimes,0,0,0,0,0,0,0,0,0,0,0,0,More than one year
MapAction,mapaction,0,0,0,0,0,0,0,0,0,0,0,0,More than one year
Mastercard Foundation,mastercard-foundation,0,0,0,0,0,0,0,0,0,0,0,0,More than one year
Maxwell Stamp PLC,mstamp,0,0,0,0,0,0,0,0,0,0,0,0,More than one year
McKinsey & Company,mck,0,0,0,0,0,0,0,0,0,0,0,0,More than one year
Medecins du Monde France,mdm-fr,0,0,0,0,0,0,0,0,0,0,0,0,More than one year
"Medical Research Centre (MRC), Sierra Leone",mrc-sierra-leone,0,0,0,0,0,0,0,0,0,0,0,0,More than one year
Meningitis Research Foundation,mrf,0,0,0,0,0,0,0,0,0,0,0,0,More than one year
Mercy Corps Global,mcg,0,0,0,0,0,0,0,0,0,0,0,0,More than one year
Mercy Corps Netherlands,mcn,0,0,0,0,0,0,0,0,0,0,0,0,More than one year
Micro Insurance Academy,mia_india,0,0,0,0,0,0,0,0,0,0,0,0,More than one year
MicroLoan Foundation,mlf,0,0,0,0,0,0,0,0,0,0,0,0,More than one year
Mifumi UK,mifumi_uk,0,0,0,0,0,0,0,0,0,0,0,0,More than one year
Ministry of Foreign Affairs of  Japan,mofa-jpn,0,0,0,0,0,0,0,0,0,0,0,0,More than one year
Ministry of Foreign and European Affairs of the Slovak Republic,slovakaid,0,0,0,0,0,0,0,0,0,0,0,0,More than one year
Muslim Aid,muslimaid,0,0,0,0,0,0,0,0,0,0,0,0,More than one year
Mzumbe University,m_u,0,0,0,0,0,0,0,0,0,0,0,0,More than one year
NGO Federation of Nepal,nfn,0,0,0,0,0,0,0,0,0,0,0,0,More than one year
"Natural Resources Institute, University of Greenwich.",nri,0,0,0,0,0,0,0,0,0,0,0,0,More than one year
Near East Foundation (NEF USA),nef_usa,0,0,0,0,0,0,0,0,0,0,0,0,More than one year
Netherlands Enterprise Agency,rvo,0,0,0,0,0,0,0,0,0,0,0,0,More than one year
Network For Enterprise Enhancement and Development Support,needs,0,0,0,0,0,0,0,0,0,0,0,0,More than one year
Network for Africa,network4africa,0,0,0,0,0,0,0,0,0,0,0,0,More than one year
Network of International Development Organisations in Scotland,nidos,0,0,0,0,0,0,0,0,0,0,0,0,More than one year
New Zealand - Ministry of Foreign Affairs and Trade - New Zealand Aid Programme,mfat,0,0,0,0,0,0,0,0,0,0,0,0,More than one year
Northern Rangelands Trust,nrt-kenya,0,0,0,0,0,0,0,0,0,0,0,0,More than one year
Nuffic,nuffic20171017,0,0,0,0,0,0,0,0,0,0,0,0,More than one year
Omidyar Network Fund Inc.,omidyarnetwork,0,0,0,0,0,0,0,0,0,0,0,0,More than one year
One to One Children's Fund,onetoonecf,0,0,0,0,0,0,0,0,0,0,0,0,More than one year
OpenNorth,opennorth,0,0,0,0,0,0,0,0,0,0,0,0,More than one year
Oxfam India,oxfamindia,0,0,0,0,0,0,0,0,0,0,0,0,More than one year
Oxfam Intermón,oxfamintermon,0,0,0,0,0,0,0,0,0,0,0,0,More than one year
PATH,_path_,0,0,0,0,0,0,0,0,0,0,0,0,More than one year
PHASE Nepal,phase-nepal,0,0,0,0,0,0,0,0,0,0,0,0,More than one year
PONT,pont,0,0,0,0,0,0,0,0,0,0,0,0,More than one year
PUM Netherlands,pumnl,0,0,0,0,0,0,0,0,0,0,0,0,More than one year
Pact,pact,0,0,0,0,0,0,0,0,0,0,0,0,More than one year
Panos Institute West Africa (PIWA),ipao,0,0,0,0,0,0,0,0,0,0,0,0,More than one year
Pastoralist Girls Initiative,pgi_kenya,0,0,0,0,0,0,0,0,0,0,0,0,More than one year
Penal Reform International,pri,0,0,0,0,0,0,0,0,0,0,0,0,More than one year
People In Aid,peopleinaid,0,0,0,0,0,0,0,0,0,0,0,0,More than one year
Plan International Finland,planinternationalfinland,0,0,0,0,0,0,0,0,0,0,0,0,More than one year
Plan International UK,plan_uk,0,0,0,0,0,0,0,0,0,0,0,0,More than one year
Plan International USA,plan_usa,0,0,0,0,0,0,0,0,0,0,0,0,More than one year
Plan Ireland Charitable Assistance Limited,plan_ireland,0,0,0,0,0,0,0,0,0,0,0,0,More than one year
Pontis Foundation,pontis,0,0,0,0,0,0,0,0,0,0,0,0,More than one year
Population Services and Training Centre (PSTC),pstc_1102,0,0,0,0,0,0,0,0,0,0,0,0,More than one year
Power International,power,0,0,0,0,0,0,0,0,0,0,0,0,More than one year
Practical Action,pa,0,0,0,0,0,0,0,0,0,0,0,0,More than one year
Pragya India,pragya,0,0,0,0,0,0,0,0,0,0,0,0,More than one year
Progressio,progressio,0,0,0,0,0,0,0,0,0,0,0,0,More than one year
Project Harar,phe,0,0,0,0,0,0,0,0,0,0,0,0,More than one year
RAIN Foundation (former),rainfoundation,0,0,0,0,0,0,0,0,0,0,0,0,More than one year
Rahnuma-Family Planning Assocation of Pakistan,rfpap,0,0,0,0,0,0,0,0,0,0,0,0,More than one year
Rainforest Foundation UK,rfuk,0,0,0,0,0,0,0,0,0,0,0,0,More than one year
Relief International UK,ri-uk,0,0,0,0,0,0,0,0,0,0,0,0,More than one year
Resource Extraction Monitoring,rem,0,0,0,0,0,0,0,0,0,0,0,0,More than one year
Responsible Mining Foundation,rmf,0,0,0,0,0,0,0,0,0,0,0,0,More than one year
Retrak,retrak,0,0,0,0,0,0,0,0,0,0,0,0,More than one year
Rojiroti UK,rojiroti,0,0,0,0,0,0,0,0,0,0,0,0,More than one year
Romania Ministry of Foreign Affairs,uasd,0,0,0,0,0,0,0,0,0,0,0,0,More than one year
Royal College of General Practitioners (RCGP),rcgp-international,0,0,0,0,0,0,0,0,0,0,0,0,More than one year
Royal College of Obstetricians & Gynaecologists,rcog_resilience_in_obstetric_skills,0,0,0,0,0,0,0,0,0,0,0,0,More than one year
Royal Society for the Protection of Birds,rspb_,0,0,0,0,0,0,0,0,0,0,0,0,More than one year
SECOURS CATHOLIQUE - CARITAS FRANCE,sccf,0,0,0,0,0,0,0,0,0,0,0,0,More than one year
SOS Children's Villages Kenya,soscvkenya,0,0,0,0,0,0,0,0,0,0,0,0,More than one year
SOS Sahel International UK,sossaheluk,0,0,0,0,0,0,0,0,0,0,0,0,More than one year
Savana Signatures,savsign-org,0,0,0,0,0,0,0,0,0,0,0,0,More than one year
Seefar,seefar,0,0,0,0,0,0,0,0,0,0,0,0,More than one year
Self Help Africa,self-help-africa,0,0,0,0,0,0,0,0,0,0,0,0,More than one year
Send a Cow Uganda,sacu,0,0,0,0,0,0,0,0,0,0,0,0,More than one year
ShelterBox,shelterbox,0,0,0,0,0,0,0,0,0,0,0,0,More than one year
Shtrii Shakti,shtrii_shakti,0,0,0,0,0,0,0,0,0,0,0,0,More than one year
Sightsavers,ss-org,0,0,0,0,0,0,0,0,0,0,0,0,More than one year
Signal,signal,0,0,0,0,0,0,0,0,0,0,0,0,More than one year
Silsab Foundation,silsab1-_,0,0,0,0,0,0,0,0,0,0,0,0,More than one year
Simprints,simprints,0,0,0,0,0,0,0,0,0,0,0,0,More than one year
Siren Associates,siren,0,0,0,0,0,0,0,0,0,0,0,0,More than one year
"Social Fund for Development, Yemen",sfd-yemen,0,0,0,0,0,0,0,0,0,0,0,0,More than one year
Social Impact Lab CIC,simlab,0,0,0,0,0,0,0,0,0,0,0,0,More than one year
Social Watch Benin,swb_1,0,0,0,0,0,0,0,0,0,0,0,0,More than one year
SolarNow Services (U) Ltd,solarnowsofa,0,0,0,0,0,0,0,0,0,0,0,0,More than one year
Southern African Catholic Bishops' Conference Aids Office,sacbc,0,0,0,0,0,0,0,0,0,0,0,0,More than one year
Spain - Ministry of Foreign Affairs and Cooperation,maec,0,0,0,0,0,0,0,0,0,0,0,0,More than one year
Stars Foundation,starsfoundation,0,0,0,0,0,0,0,0,0,0,0,0,More than one year
Stichting Aflatoun International,aflatoun,0,0,0,0,0,0,0,0,0,0,0,0,More than one year
Stichting Agriterra,agriterra,0,0,0,0,0,0,0,0,0,0,0,0,More than one year
Stichting Humana,humana_houben,0,0,0,0,0,0,0,0,0,0,0,0,More than one year
Stichting Kinderpostzegels Nederland,skn,0,0,0,0,0,0,0,0,0,0,0,0,More than one year
Stichting Mayday Rescue Foundation,maydayrescue,0,0,0,0,0,0,0,0,0,0,0,0,More than one year
Stichting VU Amsterdam - Amsterdam Centre for World Food Studies,acwfs_vu,0,0,0,0,0,0,0,0,0,0,0,0,More than one year
StreetInvest,si,0,0,0,0,0,0,0,0,0,0,0,0,More than one year
Stromme Foundation,stromme_ug,0,0,0,0,0,0,0,0,0,0,0,0,More than one year
Survivors Fund (SURF),surf,0,0,0,0,0,0,0,0,0,0,0,0,More than one year
Sympany+,simone_sympany,0,0,0,0,0,0,0,0,0,0,0,0,More than one year
Syria Relief,sr,0,0,0,0,0,0,0,0,0,0,0,0,More than one year
TREE AID,treea,0,0,0,0,0,0,0,0,0,0,0,0,More than one year
Target TB,targettb,0,0,0,0,0,0,0,0,0,0,0,0,More than one year
Teach A Man To Fish,tamtf,0,0,0,0,0,0,0,0,0,0,0,0,More than one year
The Asia Foundation,taf,0,0,0,0,0,0,0,0,0,0,0,0,More than one year
The Carter Center,carter-center,0,0,0,0,0,0,0,0,0,0,0,0,More than one year
The Coca-Cola Export Corporation,tccec,0,0,0,0,0,0,0,0,0,0,0,0,More than one year
The Convention on Business Integrity,cbi-nigeria,0,0,0,0,0,0,0,0,0,0,0,0,More than one year
The Foundation Center,foundation_center,0,0,0,0,0,0,0,0,0,0,0,0,More than one year
The Freedom Fund,thefreedomfund,0,0,0,0,0,0,0,0,0,0,0,0,More than one year
The Global Alliance for Improved Nutrition,gain,0,0,0,0,0,0,0,0,0,0,0,0,More than one year
The Hunger Project Netherlands,thp_org,0,0,0,0,0,0,0,0,0,0,0,0,More than one year
The International Children's Trust,theict,0,0,0,0,0,0,0,0,0,0,0,0,More than one year
The National Association of Municipalities of Benin (ANCB),ancb_benin,0,0,0,0,0,0,0,0,0,0,0,0,More than one year
The Princess Alia Foundation,paf_2018,0,0,0,0,0,0,0,0,0,0,0,0,More than one year
The Queen Elizabeth Diamond Jubilee Trust,qedjt,0,0,0,0,0,0,0,0,0,0,0,0,More than one year
The Sabre Charitable Trust,sct,0,0,0,0,0,0,0,0,0,0,0,0,More than one year
The Salvation Army International Development UK,said-uk,0,0,0,0,0,0,0,0,0,0,0,0,More than one year
The University of Oxford,oxford,0,0,0,0,0,0,0,0,0,0,0,0,More than one year
Theatre for a Change Malawi,tfacmalawi,0,0,0,0,0,0,0,0,0,0,0,0,More than one year
Theatre for a Change UK,tfac,0,0,0,0,0,0,0,0,0,0,0,0,More than one year
Triple Line,tripleline_crownagents,0,0,0,0,0,0,0,0,0,0,0,0,More than one year
Tropenbos International,tbi,0,0,0,0,0,0,0,0,0,0,0,0,More than one year
Trust for Africa's Orphans,tao-03473165,0,0,0,0,0,0,0,0,0,0,0,0,More than one year
Twaweza,twaweza,0,0,0,0,0,0,0,0,0,0,0,0,More than one year
Twin,twin-iati,0,0,0,0,0,0,0,0,0,0,0,0,More than one year
UHAI EASHRI,uhai-eashri,0,0,0,0,0,0,0,0,0,0,0,0,More than one year
"UK - Department for Environment, Food and Rural Affairs",defra_transparency,0,0,0,0,0,0,0,0,0,0,0,0,More than one year
UK - Department for Work and Pensions,dwp,0,0,0,0,0,0,0,0,0,0,0,0,More than one year
UK - Foreign & Commonwealth Office,fco,0,0,0,0,0,0,0,0,0,0,0,0,More than one year
UK - Medical Research Council,mrc,0,0,0,0,0,0,0,0,0,0,0,0,More than one year
UK - Ministry of Defence,ukmod,0,0,0,0,0,0,0,0,0,0,0,0,More than one year
UK - Scottish Government,scottish_government,0,0,0,0,0,0,0,0,0,0,0,0,More than one year
UK - Welsh Government's Wales for Africa Programme,wfa,0,0,0,0,0,0,0,0,0,0,0,0,More than one year
UN Pooled Funds,unpf,0,0,0,0,0,0,0,0,0,0,0,0,More than one year
UN Women,unw,0,0,0,0,0,0,0,0,0,0,0,0,More than one year
UN-Habitat,unhabitat,0,0,0,0,0,0,0,0,0,0,0,0,More than one year
Union of Agricultural Work Committees,uawc,0,0,0,0,0,0,0,0,0,0,0,0,More than one year
United Nations Capital Development Fund,uncdf,0,0,0,0,0,0,0,0,0,0,0,0,More than one year
United Nations Environment Programme (UNEP),un-environment,0,0,0,0,0,0,0,0,0,0,0,0,More than one year
United Nations OCHA Financial Tracking Service (UN OCHA FTS),ocha_fts,0,0,0,0,0,0,0,0,0,0,0,0,More than one year
United Nations Office for the Coordination of Humanitarian Affairs (OCHA),unocha,0,0,0,0,0,0,0,0,0,0,0,0,More than one year
United Nations Office for the Coordination of Humanitarian Affairs (Specially-Designated Contributions),unocha-sdc,0,0,0,0,0,0,0,0,0,0,0,0,More than one year
United Work,united_work,0,0,0,0,0,0,0,0,0,0,0,0,More than one year
University College London,ucl,0,0,0,0,0,0,0,0,0,0,0,0,More than one year
University Twente,utwente,0,0,0,0,0,0,0,0,0,0,0,0,More than one year
University of Amsterdam,uva_org,0,0,0,0,0,0,0,0,0,0,0,0,More than one year
University of Birmingham (Governance and Social Development Resource Centre),universityofbirmingham_gsdrc,0,0,0,0,0,0,0,0,0,0,0,0,More than one year
University of Leeds,leedsuni,0,0,0,0,0,0,0,0,0,0,0,0,More than one year
Vision Aid Overseas,vao,0,0,0,0,0,0,0,0,0,0,0,0,More than one year
Vision for a Nation Foundation,vfan,0,0,0,0,0,0,0,0,0,0,0,0,More than one year
Voluntary Health Association of India,vhai-org,0,0,0,0,0,0,0,0,0,0,0,0,More than one year
WASH Alliance International,wai,0,0,0,0,0,0,0,0,0,0,0,0,More than one year
WASTE advisers on urban environment and development,waste,0,0,0,0,0,0,0,0,0,0,0,0,More than one year
WWF-UK,wwf-uk,0,0,0,0,0,0,0,0,0,0,0,0,More than one year
War Child Canada,wcc,0,0,0,0,0,0,0,0,0,0,0,0,More than one year
War on Want,waronwant,0,0,0,0,0,0,0,0,0,0,0,0,More than one year
War on Want NI,wowni,0,0,0,0,0,0,0,0,0,0,0,0,More than one year
Water & Sanitation for the Urban Poor (WSUP),wsup,0,0,0,0,0,0,0,0,0,0,0,0,More than one year
Water Integrity Network Association,win,0,0,0,0,0,0,0,0,0,0,0,0,More than one year
Water Works,waterworks,0,0,0,0,0,0,0,0,0,0,0,0,More than one year
Water for People,w4p,0,0,0,0,0,0,0,0,0,0,0,0,More than one year
Welthungerhilfe,whh,0,0,0,0,0,0,0,0,0,0,0,0,More than one year
Windle Trust Kenya,wtk,0,0,0,0,0,0,0,0,0,0,0,0,More than one year
Womankind Worldwide,womankindworld,0,0,0,0,0,0,0,0,0,0,0,0,More than one year
Women Peacemakers Program,wpp,0,0,0,0,0,0,0,0,0,0,0,0,More than one year
Women and Children First (UK),wcf,0,0,0,0,0,0,0,0,0,0,0,0,More than one year
Women's Action Group,wag-1983,0,0,0,0,0,0,0,0,0,0,0,0,More than one year
Women's Global Network on Reproductive Rights,wgnrr_iati,0,0,0,0,0,0,0,0,0,0,0,0,More than one year
World Agroforestry Centre,icraf_,0,0,0,0,0,0,0,0,0,0,0,0,More than one year
World Association for Christian Communication (UK),wacc-uk,0,0,0,0,0,0,0,0,0,0,0,0,More than one year
World Economic Forum Geneva,weforum_geneva,0,0,0,0,0,0,0,0,0,0,0,0,More than one year
World Vision International,wvi,0,0,0,0,0,0,0,0,0,0,0,0,More than one year
World Vision Syria,wvsyria,0,0,0,0,0,0,0,0,0,0,0,0,More than one year
World Wide Fund for Nature - Pakistan,wwfpakistan,0,0,0,0,0,0,0,0,0,0,0,0,More than one year
YMCA of Liberia,libymca,0,0,0,0,0,0,0,0,0,0,0,0,More than one year
Young Innovations Pvt. Ltd,yipl,0,0,0,0,0,0,0,0,0,0,0,0,More than one year
Youth Business International,ybi,0,0,0,0,0,0,0,0,0,0,0,0,More than one year
Youth Net and Counselling - YONECO,yoneco1997,0,0,0,0,0,0,0,0,0,0,0,0,More than one year
Zimbabwe Educational Trust,zet,0,0,0,0,0,0,0,0,0,0,0,0,More than one year
Zimmerman & Zimmerman,zimmzimm,0,0,0,0,0,0,0,0,0,0,0,0,More than one year
Zing,zing,0,0,0,0,0,0,0,0,0,0,0,0,More than one year
act4africa,act4africa,0,0,0,0,0,0,0,0,0,0,0,0,More than one year
equileap,equileap,0,0,0,0,0,0,0,0,0,0,0,0,More than one year
iPartner India,ip-india,0,0,0,0,0,0,0,0,0,0,0,0,More than one year
marysmeals,marysmeals,0,0,0,0,0,0,0,0,0,0,0,0,More than one year
mothers2mothers,m2m_sa,0,0,0,0,0,0,0,0,0,0,0,0,More than one year
openmindedly,openmindedly,0,0,0,0,0,0,0,0,0,0,0,0,More than one year
the center for victimized women and children,cavwoc,0,0,0,0,0,0,0,0,0,0,0,0,More than one year
