Publisher Name,Publisher Registry Id,2018-06,2018-07,2018-08,2018-09,2018-10,2018-11,2018-12,2019-01,2019-02,2019-03,2019-04,2019-05,Frequency
AICS - Agenzia Italiana per la Cooperazione allo Sviluppo / Italian Agency for Cooperation and Development,aics,2,0,0,0,1,0,1,1,0,1,1,1,Monthly
ActionAid UK,aauk,2,0,1,0,0,1,1,1,1,0,1,1,Monthly
African Development Bank,afdb,1,2,0,0,0,1,1,1,1,2,0,1,Monthly
Agence Française de Développement,afd,2,1,1,0,1,0,2,0,1,1,2,0,Monthly
Asian Development Bank,asdb,1,1,2,0,1,1,1,1,1,1,1,1,Monthly
Bill & Melinda Gates Foundation,bmgf,0,0,1,1,1,1,1,1,1,1,1,1,Monthly
CARE International UK,ciuk,1,1,1,1,0,1,0,0,1,1,0,1,Monthly
Canada - Global Affairs Canada | Affaires mondiales Canada,gac-amc,4,5,10,8,8,7,10,7,7,10,8,8,Monthly
Catholic Agency For Overseas Development (CAFOD),cafod,1,2,1,1,0,1,0,1,2,0,4,0,Monthly
Christian Aid,caid,1,0,1,0,1,1,0,1,1,0,1,0,Monthly
Denmark - Ministry of Foreign Affairs,danida,4,5,10,9,9,9,9,8,7,9,6,8,Monthly
Development Initiatives Poverty Research,dipr,2,1,1,1,1,1,1,1,0,2,0,2,Monthly
Dorcas Aid International,dai,0,2,0,0,0,1,1,1,1,1,0,2,Monthly
European Bank for Reconstruction and Development,ebrd,1,2,1,1,1,1,1,0,1,2,0,2,Monthly
European Commission - Directorate-General for International Cooperation and Development,ec-devco,2,1,1,1,1,1,2,1,0,1,4,1,Monthly
European Commission - Humanitarian Aid & Civil Protection,ec-echo,2,0,2,1,1,0,5,5,7,10,7,7,Monthly
European Commission - Neighbourhood and Enlargement Negotiations,ec-near,2,1,1,1,1,1,2,1,0,1,4,1,Monthly
European Commission - Service for Foreign Policy Instruments,ec-fpi,2,1,1,1,1,1,2,1,0,1,2,1,Monthly
European Investment Bank,eib,2,1,1,1,1,1,1,1,1,1,1,1,Monthly
Finland - Ministry of Foreign Affairs,finland_mfa,2,2,1,4,3,2,4,2,2,1,2,4,Monthly
France - Ministry for Europe and Foreign Affairs,france,4,5,10,9,9,9,10,8,8,10,7,9,Monthly
Germany - Ministry for Economic Cooperation and Development,bmz,1,0,1,1,1,1,1,0,1,1,1,0,Monthly
Hivos,stichting_hivos,4,4,7,7,7,8,8,2,5,5,4,7,Monthly
ICCO Cooperation,icco-cooperation,2,0,2,0,0,1,1,2,1,0,1,3,Monthly
Inter-American Development Bank,iadb,0,0,1,0,1,1,1,1,1,1,0,2,Monthly
InterAction's NGO Aid Map,ia_nam,1,0,0,1,0,1,1,0,2,1,1,1,Monthly
International Development Law Organization (IDLO),idlo,1,0,2,0,2,3,4,2,2,1,2,1,Monthly
International Finance Corporation,ifcwbg,3,1,1,1,1,1,1,1,1,1,1,1,Monthly
International Fund for Agricultural Development (IFAD),ifad,3,4,1,0,3,7,5,6,7,5,5,6,Monthly
International Rescue Committee UK,irc_uk,1,1,2,1,1,0,1,2,1,0,1,2,Monthly
Multilateral Investment Fund,fomin,0,1,0,0,0,1,0,1,1,1,0,2,Monthly
Netherlands - Ministry of Foreign Affairs,minbuza_nl,2,1,1,1,1,1,1,1,1,1,1,1,Monthly
OCHA Country Based Pooled Funds,unocha-cbpf,0,0,0,0,1,1,3,2,0,1,3,9,Monthly
Oxfam Novib,onl,0,1,1,1,1,1,1,1,1,1,1,1,Monthly
Saferworld,saferworld,1,0,1,0,3,1,0,1,2,1,1,2,Monthly
Stichting Deltares,deltares,0,0,0,0,0,0,1,0,1,1,0,1,Monthly
"Sweden, through Swedish International Development Cooperation Agency (Sida)",sida,1,1,1,1,1,1,3,1,1,2,1,1,Monthly
Terre des Hommes Netherlands,tdh_nl,1,0,1,1,1,1,5,1,3,0,1,2,Monthly
The International Rescue Committee,irc_inc,1,1,1,1,1,0,1,2,0,0,1,2,Monthly
The Open University,open_university,1,2,0,2,1,1,0,1,2,1,0,1,Monthly
The William and Flora Hewlett Foundation,hewlett-foundation,0,1,0,1,1,1,1,0,1,1,1,1,Monthly
The World Bank,worldbank,1,1,0,0,0,0,1,0,1,1,1,1,Monthly
UK - Department for International Development (DFID),dfid,1,1,2,3,1,0,1,1,2,1,1,1,Monthly
UN Women,unw,0,2,0,1,1,0,1,1,1,1,1,1,Monthly
UNITAID,utd,2,4,0,2,2,4,5,1,0,1,1,2,Monthly
United Nations Central Emergency Response Fund (CERF),cerf,3,4,6,7,9,7,9,4,3,5,6,9,Monthly
United Nations Children's Fund (UNICEF),unicef,1,1,2,1,1,0,1,1,1,1,1,1,Monthly
United Nations Development Programme (UNDP),undp,2,1,1,1,1,1,1,1,1,1,0,2,Monthly
United Nations High Commissioner for Refugees (UNHCR),unhcr,0,0,0,1,1,1,1,1,1,1,3,3,Monthly
United Nations Industrial Development Organization (UNIDO),unido,0,0,0,0,1,1,1,1,0,1,1,1,Monthly
United Nations Office for Project Services (UNOPS),unops,2,0,1,1,2,0,0,1,1,0,1,1,Monthly
United Nations Office for the Coordination of Humanitarian Affairs (OCHA),unocha,3,5,5,3,6,6,8,5,5,9,6,7,Monthly
United Nations World Food Programme (WFP),wfp,1,1,1,1,1,1,1,2,1,1,1,1,Monthly
War Child Holland,warchildholland,1,1,1,1,1,5,1,1,1,0,1,2,Monthly
ZOA,zoa,2,0,3,1,0,2,2,1,1,0,0,1,Monthly
ADD International (Action on Disability and Development),addinternational,0,1,1,0,0,1,0,0,1,0,1,2,Quarterly
AECOM,aecom,0,0,1,0,1,1,0,1,0,0,0,1,Quarterly
AFEW International,afewinternational,1,0,1,0,0,1,0,0,1,0,1,0,Quarterly
APT Action on Poverty,apt,0,0,0,0,0,1,1,0,0,1,0,1,Quarterly
AbleChildAfrica,ablechildafrica,0,1,0,0,1,0,0,1,0,0,1,0,Quarterly
Access to Medicine Foundation,atmf,0,0,0,0,0,1,0,0,1,0,1,0,Quarterly
ActionAid Denmark (Mellemfolkeligt Samvirke),aadk,0,0,0,0,0,0,0,0,1,1,0,0,Quarterly
Adam Smith International,asi,0,0,0,1,0,0,1,0,1,0,1,0,Quarterly
Administração de Infra-Estruturas de Águas e Saneamento,aias,0,1,0,0,1,0,1,0,0,1,0,0,Quarterly
Afghanaid,afghanaid,0,1,0,0,1,0,0,1,0,0,1,0,Quarterly
African Center for Economic Transformation (ACET),acet,0,0,0,1,0,0,0,1,0,1,0,0,Quarterly
African Initiatives,ai_1064413,0,0,0,0,1,0,1,0,0,0,1,0,Quarterly
Agência de Desenvolvimento do Vale do Zambeze,agencia_do_zambeze,0,1,0,0,1,0,1,0,0,0,1,0,Quarterly
Akvo Foundation,akvo,1,0,1,0,1,1,0,0,1,0,0,1,Quarterly
Alliance of Religions and Conservation,alliance_of_religions_and_conservation,0,1,0,1,0,0,1,0,0,0,1,1,Quarterly
Amref Flying Doctors,amrefnl,1,0,2,1,0,1,0,0,2,0,1,0,Quarterly
Anti-Slavery International,asil,0,0,1,0,0,1,0,0,1,1,1,0,Quarterly
Association pour la Promotion de l'Education et de la Formation à l'Etranger,apefe,1,0,0,0,0,0,0,1,0,0,0,1,Quarterly
Australia - Department of  Foreign Affairs and Trade,ausgov,1,0,1,0,0,0,1,0,1,0,0,0,Quarterly
Belgian Development Cooperation,be-dgd,0,1,1,0,0,1,1,0,0,1,0,0,Quarterly
Benelux Afro Center,bac,1,0,0,0,0,0,0,1,0,0,1,0,Quarterly
Beweging voor Internationale Solidariteit - Mouvement pour la Solidarité Internationale,bismsi,1,0,0,0,0,0,0,1,0,0,1,0,Quarterly
Both ENDS,bothends,1,1,0,0,0,1,0,0,1,0,0,1,Quarterly
British & Irish Agencies Afghanistan Group,baag,0,1,0,0,0,2,0,1,0,0,1,0,Quarterly
British Asian Trust,b_a_t,0,0,0,0,1,0,0,1,0,0,0,1,Quarterly
British Red Cross,gb-chc-220949,1,0,0,1,0,1,1,1,1,1,0,0,Quarterly
Broederlijk Delen,bd,1,0,0,0,0,0,0,0,0,0,1,1,Quarterly
Brulocalis,brulocalis,1,0,0,0,0,0,0,1,0,1,0,0,Quarterly
CARE Nederland,carenederland,1,0,1,0,0,1,0,0,1,0,0,1,Quarterly
CHOICE for Youth and Sexuality,cfyas,1,0,1,1,0,1,0,0,1,0,0,1,Quarterly
COC Nederland,cocnl_publisher,1,1,0,0,0,1,0,0,1,0,0,1,Quarterly
COMMISSION JUSTICE ET PAIX ASBL (cjp),cjp,1,0,0,0,0,0,0,1,0,0,0,1,Quarterly
COWI,cowi,0,0,1,0,0,0,2,0,0,1,1,0,Quarterly
Canada Department of Finance / Ministère des Finances Canada,finance_canada,1,0,0,0,0,1,0,0,0,0,0,1,Quarterly
Cardno Emerging Markets,cardnoem,0,0,1,0,1,0,1,0,0,0,0,1,Quarterly
Caritas Denmark,caritas_denmark,0,1,0,0,1,0,0,0,1,0,0,0,Quarterly
Caritas International (Belgium),cibe,1,0,1,0,0,0,0,1,0,0,1,0,Quarterly
Center for Civilians in Conflict,civic_admin,0,1,0,0,1,0,0,0,0,0,1,0,Quarterly
Centre Tricontinental - CETRI,ct-admin,1,0,0,0,0,0,0,1,0,0,0,1,Quarterly
Chemonics International Inc.,chemonics,1,0,0,0,1,0,0,0,1,0,0,1,Quarterly
ChildHope UK,childhopeuk,2,0,0,0,1,0,0,1,0,1,0,1,Quarterly
Climate Investment Funds,cif,0,0,1,0,0,0,1,0,0,0,0,1,Quarterly
Coffey International Development,coffey,0,0,0,1,1,0,0,1,0,0,0,1,Quarterly
Comité pour l'abolition des dettes illégitimes,cadtm,1,0,0,0,0,0,0,1,0,0,0,1,Quarterly
Concern Worldwide,concern_worldwide,0,0,0,0,1,0,0,0,1,0,1,0,Quarterly
Concern Worldwide UK,concernuk,1,0,0,1,0,0,0,0,1,0,1,0,Quarterly
Conciliation Resources,cr,1,0,1,0,0,0,0,0,0,0,0,1,Quarterly
Cordaid,cordaid,1,1,1,0,0,0,1,0,1,0,0,1,Quarterly
Croix-Rouge de Belgique Communauté francophone - Activités internationales ASBL,crb-ai_admin,1,0,0,0,0,0,0,1,0,0,0,1,Quarterly
Crown Agents Limited,cal,0,1,0,0,1,0,0,0,1,0,1,0,Quarterly
DAI Europe,dai-e,0,0,1,0,0,1,0,0,0,1,1,1,Quarterly
Damiaanactie / Action Damien,damien-foundation,1,0,0,0,0,0,0,1,0,0,0,1,Quarterly
DanChurchAid,dca,1,1,0,0,0,2,0,1,1,0,0,1,Quarterly
Danish Refugee Council,drc,0,0,0,0,0,0,0,0,2,0,0,1,Quarterly
Disability and Development Partners,ddp,0,0,0,1,1,0,0,1,0,0,1,0,Quarterly
Disasters Emergency Committee,dec-uk,0,0,1,0,1,0,1,0,0,0,1,0,Quarterly
"Discovery Learning Alliance, Inc.",dla,1,0,1,0,0,1,0,0,1,0,0,1,Quarterly
Dynamo International asbl,dynamo_international,1,0,0,0,0,0,0,1,0,1,0,0,Quarterly
ECDPM,ecdpm,2,0,0,0,0,1,0,0,1,0,0,1,Quarterly
EMMS International,emms,0,0,0,0,1,0,0,1,0,0,0,1,Quarterly
Education Development Trust,edt_kenya,1,1,0,1,0,0,0,0,0,0,1,0,Quarterly
European Journalism Centre,ejc,1,0,1,0,0,1,0,0,1,0,0,2,Quarterly
FONCABA ASBL KBA VZW,foncaba,1,0,0,0,0,0,0,1,0,0,0,1,Quarterly
Fair Wear Foundation,fwf,1,0,1,0,0,1,0,0,1,0,0,1,Quarterly
Farm Africa,fa,0,1,1,1,0,1,0,0,0,1,0,1,Quarterly
Federation of Women Lawyers Kenya,fida,1,0,0,1,0,0,0,0,0,1,0,0,Quarterly
Fondo Centroamericano de Mujeres,fcam,1,0,0,1,0,1,0,0,1,0,0,1,Quarterly
Food and Agriculture Organization of the United Nations (FAO),fao,0,1,0,0,0,1,0,0,0,1,0,1,Quarterly
Free Press Unlimited,free_press_unlimited,1,0,1,0,0,1,0,1,0,0,0,1,Quarterly
Free a Girl,freeagirl,0,1,0,0,1,0,0,1,0,0,2,0,Quarterly
GAVI Alliance,gavi,0,2,1,0,1,1,2,0,0,0,1,0,Quarterly
GOAL,goal,0,0,0,0,0,1,0,0,0,0,1,1,Quarterly
GPPAC Foundation,gppac,1,0,1,0,0,1,0,0,1,0,0,1,Quarterly
Geneva Centre for the Democratic Control of Armed Forces (DCAF),dcaf,0,0,0,2,0,1,1,1,0,0,1,0,Quarterly
Girls’ Education Challenge – Fund Manager PwC,gecfundmanagerpwc,0,0,0,1,0,0,0,0,1,0,0,1,Quarterly
Global Innovation Fund,gif,1,1,0,0,1,0,0,0,0,1,0,1,Quarterly
Global Network of Sex Work Projects (NSWP),nswp,0,0,1,0,0,1,0,0,1,0,0,1,Quarterly
Global Rights Compliance,grc2018,0,0,0,0,1,0,2,1,0,0,0,1,Quarterly
GlobalGiving.org,globalgiving,0,0,0,0,0,0,0,0,2,10,7,9,Quarterly
Guttmacher Institute,guttmacher,1,0,0,1,0,0,1,0,0,0,0,1,Quarterly
HE Foundation,hefoundation,1,0,0,0,0,1,0,0,1,0,0,1,Quarterly
Handicap International UK,hiuk,0,1,0,0,0,1,2,1,0,1,0,1,Quarterly
Health Poverty Action,hpa,1,1,0,0,1,0,0,0,1,0,0,1,Quarterly
HealthProm,hp_12,1,1,0,0,1,0,0,1,0,0,0,1,Quarterly
HelpAge International,helpage_international,0,0,0,0,1,0,1,0,0,1,0,0,Quarterly
HelpAge International UK,ageintl,0,0,0,0,1,0,0,1,1,0,0,0,Quarterly
Hope and Homes for Children,hhc,0,0,0,0,1,0,0,1,0,1,0,0,Quarterly
ICF Consulting Services Ltd,icf,0,1,0,0,1,0,0,0,0,1,0,1,Quarterly
IMC WORLDWIDE,imcw_admin,1,0,1,0,1,0,1,0,1,0,1,0,Quarterly
IRC,irc,2,0,1,0,0,1,0,0,1,0,0,1,Quarterly
IUCN Nederlands Comité,iucn_nl,1,0,1,0,0,1,0,0,1,0,0,1,Quarterly
Institut de Formation Syndical International - Internationaal Syndicaal Vormingsinstituut,ifsi_isvi,1,0,0,0,0,0,0,1,0,0,0,1,Quarterly
Institute of Development Studies,ids,1,0,1,0,0,1,0,0,1,0,0,1,Quarterly
International Federation of the Red Cross and Red Crescent (IFRC),ifrcrcs,0,0,0,1,0,0,0,1,0,1,2,0,Quarterly
International Medical Corps UK,imc_uk,1,0,0,0,0,0,0,1,1,0,0,2,Quarterly
International Organization for Migration (IOM),iom,1,1,0,2,0,0,1,0,0,1,0,1,Quarterly
International Planned Parenthood Federation,ippf,0,2,0,0,1,0,1,0,1,1,1,0,Quarterly
International Women's Development Agency,iwda,0,1,0,0,0,1,0,0,1,0,0,1,Quarterly
Internews Europe,ieu,0,1,0,0,0,0,0,1,0,1,1,0,Quarterly
Irise International,irise_int,1,0,0,0,0,1,0,0,0,1,0,0,Quarterly
Islamic Relief Worldwide,irw,0,1,0,0,1,0,1,0,0,0,1,0,Quarterly
Itad,itad,0,1,0,1,0,0,1,0,0,0,0,1,Quarterly
Joshua Orphan and Community Care,jocc_uk,0,1,0,0,1,0,0,1,0,0,1,0,Quarterly
KPMG East Africa,kpmgea,0,0,1,1,0,0,0,1,0,1,0,1,Quarterly
Koepel van de Vlaamse Noord-Zuidbeweging 11.11.11 VZW,111111_publisher,1,0,0,0,0,0,0,1,0,0,0,1,Quarterly
LIGHT FOR THE WORLD The Netherlands,lftwnl,1,0,0,1,0,0,0,0,0,1,0,0,Quarterly
LTS International Limited,lts,0,0,0,0,0,0,0,0,1,0,0,1,Quarterly
Leonard Cheshire Disability,lcd_admin,1,0,0,0,0,0,0,0,0,2,0,1,Quarterly
MAG,mag,1,0,0,0,1,0,0,1,1,0,0,0,Quarterly
MVO Nederland,mvo_nederland,0,1,0,0,1,0,0,0,1,0,0,1,Quarterly
Mainline,mainline,1,0,0,0,0,0,1,1,0,0,0,1,Quarterly
Malaria Consortium,malariaconsortium,1,1,0,0,0,1,0,0,1,0,0,1,Quarterly
Mama Cash,mamac,1,0,0,1,1,0,0,0,1,0,0,1,Quarterly
MannionDaniels,manniondaniels,1,0,0,0,0,0,1,1,0,0,1,0,Quarterly
Marie Stopes International,msi,0,0,1,0,0,1,0,0,2,0,0,1,Quarterly
Max Foundation,max-foundation,1,0,0,1,0,0,0,0,0,0,0,1,Quarterly
Mercy Corps Europe,mce,1,1,0,0,0,1,0,0,1,0,0,1,Quarterly
Millennium Challenge Corporation,millenniumchallenge,0,0,1,0,0,0,0,0,0,1,0,1,Quarterly
Ministère de l'Economie et des Finances du Bénin,mefbenin,0,0,0,1,0,0,0,1,0,1,0,0,Quarterly
Mondiaal FNV,mondiaalfnv,1,1,0,0,0,0,1,0,0,1,0,0,Quarterly
Motivation,motivation,0,0,0,0,0,1,0,1,0,1,0,1,Quarterly
Médecins Sans Vacances,msv,1,0,0,0,0,0,0,1,0,0,0,1,Quarterly
Netherlands Commission for Environmental Assessment,ncea,0,1,0,0,1,0,1,0,0,1,0,0,Quarterly
Netherlands Enterprise Agency,rvo,2,1,0,1,0,0,2,1,1,1,0,0,Quarterly
Netherlands Institute for Multiparty Democracy (NIMD),nimd-hq,1,1,0,0,0,0,1,0,1,0,0,1,Quarterly
Netherlands Red Cross,nlrc,0,1,0,0,0,0,1,0,0,1,0,1,Quarterly
Ngo-federatie (Vlaamse federatie van ngo's voor ontwikkelingssamenwerking),ngo-federatie,1,0,0,0,0,0,0,1,0,1,0,0,Quarterly
Norwegian People's Aid,npa,1,1,0,0,0,1,0,0,1,0,0,0,Quarterly
Norwegian Refugee Council,nrc,1,1,0,1,0,1,0,0,1,0,1,0,Quarterly
ODI Sales Limited,odi_sales_ltd,0,1,0,0,0,1,0,0,0,0,1,0,Quarterly
Opportunity International UK,opportunity-international-uk,0,0,0,0,1,0,1,0,0,0,1,0,Quarterly
Orbis Africa,orbis_africa,1,0,1,0,0,1,0,0,0,1,0,1,Quarterly
Orbis Charitable Trust,orbis_uk,1,0,1,0,0,1,0,1,0,0,0,1,Quarterly
Overseas Development Institute,odi,1,0,0,0,0,1,0,0,0,0,1,0,Quarterly
Oxfam America,oxfamus,1,0,0,1,0,1,0,0,1,0,0,0,Quarterly
Oxfam Solidarité-Solidariteit,oxsol,1,0,0,0,0,1,0,1,0,1,2,1,Quarterly
PAX,pax,1,0,1,1,0,1,0,0,1,0,0,1,Quarterly
PEAS (Promoting Equality in African Schools),peas,0,0,1,0,1,0,0,0,0,1,0,0,Quarterly
PHASE Worldwide,phase_worldwide,0,1,0,0,0,0,0,1,0,0,0,1,Quarterly
PRACTICA Foundation,practica,0,1,0,0,0,0,0,0,1,0,0,1,Quarterly
People in Need,pin,0,0,1,0,0,1,0,0,1,0,0,1,Quarterly
Plan International Netherlands,plannlno,1,0,1,1,0,1,0,0,1,0,0,1,Quarterly
Plan International UK,plan_uk,1,1,0,0,0,1,0,0,1,1,0,0,Quarterly
Population Service International,psi,1,0,1,0,0,1,0,0,1,0,0,2,Quarterly
PricewaterhouseCoopers Private Limited India,pwcplindia,1,0,1,0,0,1,0,1,0,0,0,1,Quarterly
Protos,protos,1,0,0,0,0,0,0,1,0,0,0,3,Quarterly
Pump Aid,pumpaid,1,0,0,0,0,0,0,1,1,0,1,0,Quarterly
PwC,pwc,1,0,0,0,0,0,0,1,1,0,1,1,Quarterly
Queen Rania Foundation for Education and Development,qrfed,0,0,0,0,1,0,1,0,0,1,0,1,Quarterly
RCN Justice & Démocratie,rcn,1,0,0,0,0,0,0,1,0,0,0,1,Quarterly
Railway Children,rc,0,0,1,0,2,1,0,1,1,0,1,0,Quarterly
Raleigh International,raleigh_int,1,1,0,1,1,1,0,0,0,1,0,0,Quarterly
Red Cross Red Crescent Climate Centre,climate_centre,1,0,1,0,0,1,0,0,1,0,0,1,Quarterly
Rikolto,rikolto,1,0,0,0,0,0,1,0,0,0,0,1,Quarterly
Rikolto in Belgium,rikolto_belgium,1,0,0,0,0,0,0,1,0,0,0,1,Quarterly
Royal Tropical Institute,kit,1,0,1,0,0,1,0,0,1,0,0,1,Quarterly
Rutgers,rutgers,1,2,1,0,0,0,0,0,1,0,0,1,Quarterly
SCI Projets Internationaux ASBL_Service Civil International branche belge,scibelgium,1,0,0,0,0,0,0,1,0,0,0,1,Quarterly
SNV Netherlands Development Organisation,snv,1,0,1,1,0,0,0,0,1,1,0,1,Quarterly
SOS Children's Villages The Netherlands,sosnl,0,2,0,0,1,0,1,0,0,0,0,1,Quarterly
SOS Kinderdorpen België / SOS Villages d'Enfants Belgique,svdbskb_admin,1,0,0,0,0,0,0,1,0,0,0,1,Quarterly
Save the Children International,sci,0,1,0,0,1,0,0,1,0,0,0,1,Quarterly
Save the Children Netherlands,scnl,1,0,1,0,0,1,0,0,1,0,0,1,Quarterly
Save the Children UK,scuk,0,1,0,0,1,0,0,1,0,0,0,1,Quarterly
Scottish Catholic International Aid Fund (SCIAF),sciaf,1,0,0,0,1,1,0,1,1,0,0,2,Quarterly
Search for Common Ground (SFCG),sfcg,0,1,1,0,0,1,0,0,1,0,0,1,Quarterly
Send a Cow,sendacow,1,1,0,0,1,1,0,1,0,0,1,0,Quarterly
Send a Cow Ethiopia,sacethiopia,0,0,1,0,0,1,0,0,0,0,1,0,Quarterly
Send a Cow Kenya,sac_kenya,0,0,0,1,1,0,0,1,0,0,1,0,Quarterly
Sense International,sense_international,0,0,0,0,0,1,1,0,0,1,0,2,Quarterly
Sightsavers,ss-org,0,0,1,0,2,0,0,1,1,0,0,0,Quarterly
Simavi,simavi,1,0,1,0,0,1,0,0,1,0,0,1,Quarterly
Solidaridad,solidaridad,1,0,0,0,0,1,0,1,0,0,0,1,Quarterly
Solidaridad Europe,solidaridad-europe,1,0,0,0,0,1,0,0,0,0,0,1,Quarterly
Solidaridad South & South-East Asia,solidaridad-ssea,1,0,0,0,0,1,0,0,0,0,0,1,Quarterly
Solidaridad West Africa,solidaridad-waf,1,0,0,0,0,1,0,0,0,0,0,2,Quarterly
Solsoc,solsoc,1,0,0,0,0,0,0,1,0,0,1,0,Quarterly
Sonke Gender Justice,sjg,1,1,0,0,0,1,0,0,1,0,0,1,Quarterly
Sound Seekers Limited,soundseekers,0,1,0,0,1,0,0,0,1,0,0,1,Quarterly
Stichting Health Action International,hai,0,1,1,0,0,0,0,0,1,0,0,0,Quarterly
Stichting Onderzoek Multinationale Ondernemingen (SOMO),somo,1,0,1,0,0,1,0,0,0,0,0,1,Quarterly
Stichting Red een Kind,redeenkind,1,0,1,0,0,1,0,0,0,0,0,1,Quarterly
Stichting Vluchteling,st_vluchteling,1,0,1,0,0,1,0,2,1,0,0,1,Quarterly
Stichting Woord en Daad,w-d,1,0,1,0,0,0,1,1,0,1,0,1,Quarterly
Street Child,street_child,0,0,0,1,0,2,0,0,1,0,0,1,Quarterly
Studio Globo,sg,1,0,0,0,0,0,0,0,0,0,1,1,Quarterly
Support Trust for Africa Development (STAD),stad,0,0,0,0,0,1,1,0,1,0,0,0,Quarterly
Switzerland - Swiss Agency for Development and Cooperation (SDC),sdc_ch,0,0,0,0,1,0,1,0,0,1,0,0,Quarterly
TEAR fund Nederland,tear,1,0,1,0,0,1,0,0,1,0,0,1,Quarterly
Tearfund,tearfund,1,0,0,1,0,1,0,1,1,0,0,0,Quarterly
The Access to Nutrition Foundation,atnf,0,1,1,0,0,0,0,1,0,0,0,1,Quarterly
The Commonwealth Secretariat,commonwealthsecretariat,0,1,0,0,1,0,0,1,0,0,1,0,Quarterly
"The Global Fund to Fight AIDS, Tuberculosis and Malaria",theglobalfund,4,5,10,5,0,0,0,0,0,0,0,6,Quarterly
The Leprosy Mission England and Wales,tlmew,0,1,0,0,1,0,0,0,1,0,0,0,Quarterly
The MENTOR Initiative,the_mentor_initiative,0,0,0,0,1,0,0,1,0,0,1,0,Quarterly
The OPEC Fund for International Development (OFID),ofid,0,1,0,0,0,0,1,0,0,0,0,1,Quarterly
TradeMark East Africa,tmea,1,0,1,0,0,0,1,0,0,1,0,0,Quarterly
Traidcraft Exchange,traidcraft,1,0,1,0,0,0,0,0,1,1,1,0,Quarterly
Transnational Institute,tni,0,0,1,0,0,1,0,0,1,0,0,1,Quarterly
Transparency International Bangladesh,tib,1,1,0,0,1,0,0,0,1,0,0,1,Quarterly
Trias,trias,1,0,0,0,0,0,1,1,0,0,0,1,Quarterly
Trocaire (Northern Ireland),troc,0,0,1,1,0,0,0,0,1,0,0,1,Quarterly
UK - Department of Health and Social Care (DHSC),dhsc,0,1,0,0,1,1,0,1,0,1,0,1,Quarterly
UK - Foreign & Commonwealth Office,fco,0,1,0,1,0,0,1,0,0,1,0,0,Quarterly
ULB-Coopération,ulbcoop,1,0,0,1,0,0,0,0,0,0,0,1,Quarterly
UN-Habitat,unhabitat,0,0,0,0,1,0,0,3,2,0,1,2,Quarterly
UNICEF Netherlands National Committee,unicefnl,1,1,0,1,0,1,0,1,0,1,0,0,Quarterly
UTZ,utz,1,1,0,0,0,1,0,0,1,0,0,1,Quarterly
UWEZO Youth Empowerment,uwezo_youth_empowerment,1,1,0,0,1,0,0,1,0,0,1,0,Quarterly
Union des Villes et Communes de Wallonie (UVCW),uvcw,1,0,0,0,0,0,1,1,0,1,0,0,Quarterly
Union of Agricultural Work Committees,uawc,1,0,1,0,0,0,1,0,0,0,1,0,Quarterly
United Disabled Persons of Kenya,udpk,1,0,0,1,0,0,1,0,0,1,0,0,Quarterly
United Nations Foundation,unf,0,0,1,0,0,0,1,0,0,1,0,1,Quarterly
United Nations Joint Programme on HIV and AIDS Secretariat (UNAIDS),unaids,1,0,0,0,0,0,0,0,0,0,1,2,Quarterly
United Nations Population Fund,unfpa,0,1,0,0,0,0,1,0,1,1,1,1,Quarterly
United Purpose,cu,1,1,0,0,0,1,0,0,1,0,0,0,Quarterly
United States,unitedstates,0,1,0,0,1,0,0,0,1,0,1,0,Quarterly
United States Agency for International Development (USAID),usaid,0,1,0,0,0,1,0,0,0,1,0,0,Quarterly
Upper Quartile,uq,0,1,0,0,0,0,1,0,1,0,0,1,Quarterly
VEI (Vitens-Evides International),vei_nl,0,1,0,0,0,2,0,0,1,0,0,1,Quarterly
VVOB Education for Development,vvob,1,0,0,0,0,0,0,1,0,0,1,0,Quarterly
VVSG - Vereniging van Vlaamse Steden en Gemeenten,vvsg,1,0,0,0,0,0,0,1,0,0,3,0,Quarterly
Varkey Foundation,varkeyfoundation,1,0,0,0,0,0,2,0,1,0,0,0,Quarterly
Voluntary Service Overseas (VSO),vso,1,0,1,1,1,0,0,0,1,0,0,1,Quarterly
WYG International B.V.,wygi,0,1,1,0,0,1,0,1,0,0,0,1,Quarterly
War Child UK,wcuk,0,0,0,0,0,1,0,0,1,0,0,1,Quarterly
WaterAid,wateraid,1,0,0,0,0,0,1,0,0,1,0,0,Quarterly
Wetlands International,wi,1,1,0,0,0,1,0,0,0,1,0,0,Quarterly
Win Win Strategies,wws,1,1,0,0,2,0,0,0,1,0,0,0,Quarterly
Women for Women International (UK),wfwiuk,1,0,1,0,0,1,0,0,1,0,0,1,Quarterly
Women's Environment & Development Organization,wedo,0,1,0,0,1,0,0,1,0,0,1,0,Quarterly
World Federalist Movement - Institute for Global Policy,wfm-igp,1,0,1,0,0,1,0,0,1,0,0,0,Quarterly
World Health Organization,who,1,0,1,0,0,1,0,0,1,0,0,1,Quarterly
World Resources Institute,wri,1,1,0,1,0,0,0,0,2,0,0,1,Quarterly
World University Service of Canada,wusc,1,0,1,0,0,1,0,0,1,0,0,1,Quarterly
World Vision Netherlands,wvnld,1,0,1,1,0,1,1,0,0,0,1,0,Quarterly
World Vision UK,wvuk,2,1,1,0,0,0,0,0,0,1,1,1,Quarterly
World Wide Fund for Nature Belgium (WWF-BE),wwf-be,1,1,0,0,0,0,0,1,0,0,0,1,Quarterly
Worldwide Hospice Palliative Care Alliance,whpca,0,0,0,0,0,1,0,1,0,0,1,0,Quarterly
Y Care International,ycare,0,2,0,0,2,1,0,1,0,0,0,2,Quarterly
ACODEV,acodev,1,0,0,0,0,0,0,1,0,0,0,0,Six-Monthly
Action Against Hunger UK,acf,0,0,0,1,0,0,0,0,1,0,0,0,Six-Monthly
AfriKids,afrikids,1,0,1,0,0,0,1,1,0,0,0,0,Six-Monthly
Africalia,africalia,1,0,0,0,0,0,0,1,0,0,0,0,Six-Monthly
Aga Khan Foundation (United Kingdom),akfuk73,0,1,0,0,0,0,1,0,0,0,0,0,Six-Monthly
Aids Fonds - STOP AIDS NOW! - Soa Aids Nederland,nl-kvk-41207989,1,1,1,1,2,2,2,1,0,0,0,0,Six-Monthly
Amref Health Africa Malawi,amrefmw,0,0,1,0,0,0,0,0,0,0,0,1,Six-Monthly
Arab foundation for freedoms and equality,afemena,1,0,0,0,0,0,0,0,1,0,0,0,Six-Monthly
Association for Cultural Technical and Educational Cooperation (ACTEC),actec,1,0,0,0,0,0,0,1,0,0,0,0,Six-Monthly
Association for Women's Rights in Development (AWID),awid,0,1,0,0,0,0,0,0,0,0,0,1,Six-Monthly
Auto-Développement Afrique (ADA),ada,1,0,0,0,0,0,0,0,0,1,0,0,Six-Monthly
Autre Terre asbl,a-t,1,0,0,0,0,0,0,1,0,0,0,0,Six-Monthly
Avocats Sans Frontières,asf,1,0,0,0,0,0,0,1,0,0,0,0,Six-Monthly
BBC Media Action,bbcmediaaction,0,0,1,0,0,0,0,0,0,1,0,0,Six-Monthly
BOS+ tropen,bos_plus_tropen,1,0,0,0,0,0,0,1,0,0,0,0,Six-Monthly
BRAC,brac_admin2,1,0,0,0,0,0,0,0,0,1,0,0,Six-Monthly
Bangladesh Nari Progati Sangha,bnps,1,0,0,0,0,0,0,0,0,0,0,1,Six-Monthly
BasicNeeds,basicneeds,0,0,1,0,0,1,0,1,0,0,0,0,Six-Monthly
Baylor College of Medicine Children's Foundation Malawi,bcm-cf,1,0,0,0,0,0,1,0,0,0,0,0,Six-Monthly
Bucks Community NGO,bucksfarm,0,0,0,1,0,0,1,0,0,0,0,0,Six-Monthly
CABI,cabi,1,0,0,0,0,0,0,0,0,0,1,0,Six-Monthly
Caribbean Development Bank (CDB),caribank,1,0,0,0,0,1,1,0,0,0,0,0,Six-Monthly
Chaîne de l'Espoir Belgique / Keten van Hoop België / Chain of Hope Belgium,cdeb-kvhb_admin,1,0,0,0,0,0,0,1,0,0,0,0,Six-Monthly
Collectif Stratégies Alimentaires,csa,1,0,0,0,0,0,0,1,0,0,0,0,Six-Monthly
Congodorpen vzw,congodorpen,1,0,0,0,0,0,0,1,0,0,0,0,Six-Monthly
Coopération par l'Education et la Culture,cec,1,0,0,0,0,0,0,0,0,0,1,0,Six-Monthly
Cyan International,cyan,1,0,0,0,0,1,1,0,0,0,0,0,Six-Monthly
Djapo VZW,djapo,1,0,0,0,0,0,0,0,0,0,0,1,Six-Monthly
Défi Belgique Afrique,dba,1,0,0,0,0,0,0,1,0,0,0,0,Six-Monthly
Echos Communication,ec,1,0,0,0,0,0,0,0,0,0,0,1,Six-Monthly
Enhanced Integrated Framework,eif,0,1,0,0,0,1,1,0,0,0,0,0,Six-Monthly
Entraide et Fraternité,ef_,1,0,0,0,0,0,0,1,0,0,0,0,Six-Monthly
FIAN Belgium,fian-belgium,1,0,0,0,0,0,0,1,0,0,0,0,Six-Monthly
FMO,fmo,0,1,0,0,1,0,0,1,0,0,0,0,Six-Monthly
Fairtrade Belgium,fairtrade_be,1,0,0,0,0,0,0,0,0,0,0,1,Six-Monthly
Family Aids Caring Trust,fact,0,1,0,0,0,0,0,1,0,0,0,0,Six-Monthly
Feed the Minds,ftm-291333,1,0,0,0,0,0,0,0,0,0,1,0,Six-Monthly
Fiabel,fiabel,1,0,0,0,0,0,0,0,0,0,0,1,Six-Monthly
Fonds voor Ontwikkelingssamenwerking - Socialistische Solidariteit VZW,fos,1,0,0,0,0,0,0,1,0,0,0,0,Six-Monthly
Forum Universitaire pour la Coopération Internationale au Développement -FUCID ASBL,fucid,1,0,0,0,0,0,0,1,0,0,0,0,Six-Monthly
Friends of the Earth International,foei,1,0,0,0,0,0,0,0,0,0,0,1,Six-Monthly
GEOMOUN ASBL,geomoun,1,0,0,0,0,0,0,1,0,0,0,0,Six-Monthly
Giro555 (Stichting Samenwerkende Hulporganisaties),giro555,0,0,0,0,0,1,0,0,1,0,0,0,Six-Monthly
Handicap International Belgique,hib,1,0,0,0,0,0,0,1,0,0,0,0,Six-Monthly
IHE Delft Institute for Water Education,ihedelft,0,0,2,0,0,0,1,1,0,0,0,0,Six-Monthly
ITECO - Centre de formation pour le développement,iteco,1,0,0,0,0,0,0,1,0,0,0,0,Six-Monthly
Iles de Paix,idp,1,0,0,0,0,0,0,1,0,0,0,0,Six-Monthly
Institute for International Workers Education,iiwe,1,0,0,0,0,0,0,1,0,0,0,0,Six-Monthly
Institute of Tropical Medicine,itm,1,0,0,0,0,0,0,1,0,0,0,0,Six-Monthly
Integrity Action,integrity_action,0,0,0,0,0,1,1,1,0,0,0,0,Six-Monthly
International Bureau of Fiscal Documentation (IBFD),ibfd,1,0,0,0,0,0,1,0,0,0,0,0,Six-Monthly
International Child Development Initiatives,icdi,0,1,0,0,0,0,1,0,0,0,0,0,Six-Monthly
International IDEA,idea,0,0,0,0,0,1,1,0,0,0,0,0,Six-Monthly
International Monetary Fund,imf,1,0,0,0,0,0,1,0,0,0,0,0,Six-Monthly
International Service,unais,0,0,0,1,0,0,0,0,1,0,0,0,Six-Monthly
Ipas,ipas,0,0,0,0,1,0,0,0,0,0,1,0,Six-Monthly
KIYO,kiyo,1,0,0,0,0,0,0,2,0,0,0,0,Six-Monthly
Le Monde selon les femmes asbl,mondefemmes,1,0,0,0,0,0,0,0,0,1,0,0,Six-Monthly
Lepra,lepra,1,0,0,1,0,1,0,1,0,0,0,0,Six-Monthly
Link Community Development International,lcdi_admin,0,0,0,0,1,0,0,0,0,1,0,0,Six-Monthly
Medair,medair,1,0,0,1,0,0,1,0,0,0,0,0,Six-Monthly
Medecins du Monde Belgique - Dokters van de Wereld Belgïe,medecins,1,0,0,0,0,0,0,0,0,0,0,1,Six-Monthly
Memisa,memisa,1,0,0,0,0,0,0,1,0,0,0,0,Six-Monthly
Mensen met een Missie,mm1,0,0,1,0,0,1,0,1,0,0,0,0,Six-Monthly
Miel Maya Honing asbl,mmha,1,0,0,0,0,0,0,1,0,0,0,0,Six-Monthly
Milieudefensie,foenl,2,0,0,0,0,0,0,0,0,0,0,1,Six-Monthly
Mott MacDonald Limited,mml,0,0,0,1,0,0,0,0,0,0,0,1,Six-Monthly
Natural Resource Governance Institute (NRGI),nrgi,0,0,0,0,0,1,1,0,0,0,0,0,Six-Monthly
"NpM, Platform for Inclusive Finance",npm,1,0,0,0,0,0,0,0,0,0,0,1,Six-Monthly
ONG ALCRER,alcrer-1,0,0,0,0,1,0,0,0,0,1,0,0,Six-Monthly
Orbis Ethiopia,orbis_ethiopia,0,0,1,0,0,1,0,1,0,0,0,0,Six-Monthly
Orbis International,orbis_international,1,0,1,0,0,1,0,1,0,0,0,0,Six-Monthly
Oxfam Wereldwinkels,oww,1,0,0,0,0,0,0,1,0,0,0,0,Six-Monthly
Oxfam-Magasins du monde (omdm),omdm,1,0,0,0,0,0,0,1,0,0,0,0,Six-Monthly
Plan International Belgium,pib,1,0,0,0,0,0,0,0,0,0,0,1,Six-Monthly
Publish What You Fund,pwyf,0,0,0,0,1,0,0,0,0,0,1,0,Six-Monthly
Quinoa,quinoa,1,0,0,0,0,0,0,1,0,0,0,0,Six-Monthly
RUAF Foundation,ruaf,0,1,0,0,0,0,0,0,0,0,1,0,Six-Monthly
Restless Development,restless,0,2,0,0,0,0,0,0,0,0,1,0,Six-Monthly
Rode Kruis-Vlaanderen Internationaal vzw,rkiv,1,0,0,0,0,0,0,0,0,0,0,1,Six-Monthly
Rotary Clubs For Development,rc4d,1,0,0,0,0,0,0,1,0,0,0,0,Six-Monthly
Royal Netherlands Football Association,knvb,1,0,0,0,1,1,0,1,0,0,0,0,Six-Monthly
SOS FAIM - SOS HUNGER,sosfaim,1,0,0,0,0,0,0,0,0,0,0,1,Six-Monthly
Solidagro,solidagro_admin,1,0,0,0,0,0,0,2,0,0,0,0,Six-Monthly
Stichting ActionAId,aanl,0,1,0,0,0,0,0,0,0,0,0,1,Six-Monthly
Stichting fondsbeheer DGGF lokaal MKB,dggf_financing_local_smes,1,0,1,0,0,0,2,1,0,0,0,0,Six-Monthly
TB Alert,tbalert,1,1,0,0,0,0,0,1,0,0,0,0,Six-Monthly
Tearfund VZW (TFBE),tfb_admin1,1,0,0,0,0,0,0,1,0,0,0,0,Six-Monthly
TechnoServe,tns,1,0,0,0,0,0,0,0,1,0,0,0,Six-Monthly
The Power of Nutrition,the_power_of_nutrition,0,0,0,0,0,1,0,0,0,0,0,1,Six-Monthly
Trianglen,trianglen,0,0,0,0,1,0,0,0,0,0,1,0,Six-Monthly
UHAI EASHRI,uhai-eashri,1,0,0,0,0,0,0,1,0,0,0,0,Six-Monthly
Unicef Belgium National Committee,ub,1,0,0,0,0,0,0,0,0,0,1,0,Six-Monthly
United Mission to Nepal,umn,1,0,0,0,0,0,0,0,0,1,0,0,Six-Monthly
Universitair Centrum voor Ontwikkelingssamenwerking,ucos,1,0,0,0,0,0,0,1,0,0,0,0,Six-Monthly
Urgent Action Fund Latin America and the Caribbean,uafla,0,1,0,0,0,0,0,0,0,0,0,1,Six-Monthly
Urgent Action Fund for Women's Human Rights,uaf,0,1,0,0,0,0,0,0,0,0,0,1,Six-Monthly
Urgent Action Fund-Africa,uaf-africa,1,0,0,0,0,0,0,0,0,0,0,1,Six-Monthly
VETERINAIRES SANS FRONTIERES / DIERENARTSEN ZONDER GRENZEN - BELGIUM,vsfbelgium,1,0,0,0,0,0,0,1,0,0,0,0,Six-Monthly
VIA Don Bosco,via-db,1,0,0,0,0,0,0,0,0,0,0,1,Six-Monthly
VNG International,vngi,0,0,1,0,0,0,0,0,0,0,0,1,Six-Monthly
Viva,viva,0,0,1,1,0,0,1,0,0,0,0,0,Six-Monthly
Viva Salud,g3w-m3m_admin,1,0,0,0,0,0,0,2,0,0,0,0,Six-Monthly
WNF Wereld Natuur Fonds,wnf,0,0,0,1,0,0,0,1,0,0,0,0,Six-Monthly
"WO=MEN, Dutch Gender Platform",wo-men,1,0,0,0,0,0,0,0,0,0,1,0,Six-Monthly
Wellfound,wellfound,0,1,0,0,0,0,0,0,0,0,1,0,Six-Monthly
Wemos Foundation,wemos,0,1,0,0,0,0,0,0,1,0,0,0,Six-Monthly
Wereldsolidariteit-Solidarité Mondiale (WSM),wsm,1,0,0,0,0,0,0,1,0,0,0,0,Six-Monthly
World Child Cancer UK,wccuk,1,0,0,0,0,0,0,0,0,0,1,0,Six-Monthly
World Vision Zimbabwe,wvz-gec,0,0,0,0,1,0,0,0,0,0,0,1,Six-Monthly
World Waternet,worldwaternet,0,1,0,0,0,0,0,0,1,0,0,0,Six-Monthly
interburns,interburns,1,0,0,0,0,0,0,0,0,0,0,1,Six-Monthly
ACTION AGAINST HUNGER SPAIN,acfspain,1,0,0,0,0,0,0,0,0,0,0,0,Annual
ACTIONAID INTERNATIONAL KENYA,aaik,0,0,0,0,0,0,0,0,0,0,1,0,Annual
ADRA Denmark,adra-dk,0,0,0,0,0,0,0,0,1,0,0,0,Annual
ADRA-UK,adrauk,0,0,1,0,0,0,0,0,0,0,0,0,Annual
ADS-Nyanza,ads-nyanza,1,0,0,0,0,0,0,0,0,0,0,0,Annual
AFELT,afelt,0,0,0,0,0,0,0,0,0,0,0,1,Annual
AIDSPAN,aidspan,0,0,1,0,0,0,0,0,0,0,0,0,Annual
AVSI FOUNDATION IN UGANDA,avsi_uganda,0,0,1,0,0,0,0,0,0,0,0,0,Annual
AVT-L Association of Victims of Terrorism Lebanon,avt-l,0,0,0,0,0,0,0,1,0,0,0,0,Annual
AWEPA,awepa,0,0,0,0,0,0,0,0,0,1,0,0,Annual
Aapasi Sahayog Kendra Syangja Nepal (ASK Nepal),ask,0,0,0,0,0,1,0,0,0,0,0,0,Annual
Académie de recherche et d'enseignement supérieur,ares,0,0,0,0,1,0,0,1,0,0,0,0,Annual
Accountability Lab,alab,0,0,0,0,0,0,0,0,0,0,0,1,Annual
ActionAid International,aai,1,0,0,0,0,0,0,0,0,0,0,0,Annual
ActionAid Rwanda,aar,0,0,0,0,0,0,1,0,1,0,0,1,Annual
Acumen,acumen,0,0,1,0,0,0,0,0,0,0,0,0,Annual
Aeras,aeras,1,0,0,0,0,0,0,0,0,0,0,0,Annual
Afghanistan Public Policy Research Organization (APPRO),appro-af,0,1,0,0,0,0,0,0,0,0,0,0,Annual
Africa Educational Trust,aet,0,1,0,0,0,0,0,0,0,0,0,0,Annual
African Centre for Global Health and Social Transformation,achest,1,1,0,0,0,0,0,0,0,0,0,0,Annual
African Revival,africanrevival,0,0,0,0,0,0,0,1,0,0,0,0,Annual
African Women's Development Fund,awdf,0,0,0,0,0,0,0,0,0,2,0,0,Annual
Afrikagrupperna Sweden,afrikagrupperna,0,0,0,0,0,0,1,1,0,0,0,0,Annual
AgDevCo,agdevco,0,0,0,0,0,0,0,0,0,0,0,0,Annual
AgResults Initiative,agresults,0,0,0,0,0,0,0,0,0,0,0,0,Annual
Aga Khan Foundation Afghanistan,akf_afghanistan,0,1,0,0,0,0,0,0,0,0,0,0,Annual
Agence Nationale d'Approvisionnement en Eau Potable en Milieu Rural du Benin,anaepmr_benin,0,0,0,1,0,0,0,0,0,0,0,0,Annual
AgriProFocus,agriprofocus,1,0,1,0,0,0,0,0,0,0,0,0,Annual
Agulhas Applied Knowledge,aak,0,0,0,0,0,0,0,0,0,0,0,0,Annual
Al Quds Public Health Society,aqphs,0,0,0,0,0,0,0,0,0,0,0,0,Annual
American Friends Service Committee,afsc,0,0,0,1,0,0,0,0,0,0,0,0,Annual
Amnesty International The Netherlands,amnesty,1,0,1,0,0,0,0,0,0,0,0,0,Annual
Amref Health Africa - UK,amrefha,0,0,0,0,0,0,0,0,1,0,0,0,Annual
Amref Health Africa Headquarters,amrefhq,0,0,0,0,0,0,0,0,0,0,0,1,Annual
Amref Health Africa in Ethiopia,amrefeth,0,0,0,1,0,0,0,0,0,0,0,0,Annual
Amref Health Africa in Kenya,amrefkenya,0,0,0,0,1,0,0,0,0,0,0,0,Annual
Amref Health Africa in Tanzania,amreftz,0,0,0,0,0,0,0,0,0,0,0,1,Annual
Amref Health Africa in Uganda,amrefug,0,0,0,0,0,0,0,0,0,0,1,0,Annual
Ananda Marga Universal Relief Team (AMURT) Africa,amurt_kenya,0,0,1,0,0,0,0,0,0,0,0,0,Annual
Association Centrafricaine de Traduction de la Bible et Alphabetisation,acatba,0,0,0,0,0,0,0,0,0,0,0,0,Annual
Association for Progressive Communication,apc,1,0,0,0,0,0,0,0,0,0,0,0,Annual
Association of Commonwealth Universities,acu,0,0,0,0,1,0,0,0,0,1,0,0,Annual
Atradius Dutch State Business,adsb,0,0,0,0,1,0,0,0,0,0,0,0,Annual
Avanti Communications Plc,ava_admin,0,0,0,0,0,0,0,0,0,0,1,0,Annual
BDO LLP,bdo,0,0,0,0,0,1,1,0,0,0,0,0,Annual
BRAC International,bracintl,1,0,0,0,0,0,0,0,0,0,0,0,Annual
Babawatoto Centre For Children and Youth,bawacecy-tz,0,0,0,0,0,0,1,0,0,0,0,0,Annual
Bees for Development Trust,beesfordevelopment,1,0,0,0,1,0,0,0,0,0,0,0,Annual
Berytech Foundation,berytech,0,0,0,0,0,0,0,0,0,0,0,0,Annual
Bond,bond,0,0,0,0,0,0,0,0,1,0,0,1,Annual
Brigham and Women's Hospital,bwh,0,0,0,0,0,0,0,0,1,0,0,0,Annual
British Council,britishcouncil,0,0,0,0,0,0,0,0,0,0,1,0,Annual
Build Africa,buildafrica,0,0,0,0,0,0,0,0,1,0,0,1,Annual
CARE BENIN/TOGO,carebenintogo,0,0,0,0,0,0,0,0,0,0,0,1,Annual
CARE Danmark Fonden for Frivillig Ulandsbistand,12921047,0,0,0,0,0,0,1,1,1,0,0,0,Annual
CARE International Afghanistan,ciafg,0,0,0,0,0,0,0,0,1,0,0,0,Annual
CARE International in Zimbabwe,ciz,0,1,0,0,0,0,0,0,0,0,0,0,Annual
CARE SOMALIA,csom1,0,0,0,0,0,0,0,0,0,0,0,0,Annual
CHEKA SANA TANZANIA,cst,0,0,0,0,0,0,1,0,0,0,0,0,Annual
CINI,cini_jhk,0,1,0,0,0,0,0,0,0,0,0,0,Annual
CISU,cisu,0,0,0,0,0,0,0,0,0,0,1,0,Annual
CIVICUS World Alliance for Citizen Participation,civicus,0,0,0,0,1,0,0,0,1,0,0,0,Annual
CLASP,clasp,0,1,0,0,0,0,0,0,0,0,0,0,Annual
CNV Internationaal,nl-kvk-54436222-27541,1,0,1,0,0,1,0,0,0,0,0,0,Annual
CRANE,crane,0,0,0,0,0,1,0,0,0,0,0,0,Annual
CREA,creausa-org,0,0,0,0,0,0,0,1,0,0,0,1,Annual
Camfed International,camfed,0,0,0,0,0,0,0,1,0,0,1,0,Annual
Canada - International Development Research Centre/Centre de recherches pour le développement international,idrccrdi,0,0,0,0,0,0,1,0,0,0,0,1,Annual
Catholic Relief Services,crs,0,0,0,0,0,0,0,1,2,0,0,0,Annual
Center for International Studies and Cooperation,ceci,0,0,0,0,0,0,0,0,0,0,0,0,Annual
Center for Research on Environment Health and Population Activities (CREHPA),crehpa,1,0,0,0,0,0,0,0,0,0,0,0,Annual
Centre National de Coopération au Développement (CNCD-11.11.11),cncd,0,0,0,0,0,0,0,1,0,0,1,0,Annual
Centre for the Study of Adolescence,csa-kenya,1,0,0,0,0,0,0,0,0,0,0,0,Annual
Chama cha Uzazi na Malezi Bora Tanzania (UMATI),umati,1,0,0,0,0,0,0,0,0,0,0,0,Annual
Charity Projects Ltd (Comic Relief),cprojects,1,1,0,0,0,1,0,0,0,0,0,0,Annual
Christian Blind Mission (UK) Ltd.,cbm,0,0,0,0,0,0,0,0,0,0,0,0,Annual
Clinton Health Access Initiative,chai,1,0,0,0,0,0,0,0,0,0,0,0,Annual
ColaLife,colalife,0,1,0,0,0,0,0,0,0,0,0,0,Annual
Commune de Adja-Ouere - Bénin,adja-ouere,0,0,0,0,1,0,0,0,0,0,0,0,Annual
Commune de Adjarra - Bénin,adjarra,0,0,0,0,1,0,0,0,0,1,0,0,Annual
Commune de Adjohoun - Bénin,adjohoun,0,0,0,0,1,0,0,0,0,0,0,0,Annual
Commune de Akpro-Missérété - Bénin,akpro-misserete,0,0,0,1,0,0,0,0,0,1,0,0,Annual
Commune de Allada - Bénin,allada,0,0,0,0,1,0,0,0,0,1,0,0,Annual
Commune de Aplahoué - Bénin,aplahoue,0,0,0,0,1,0,0,0,0,0,0,0,Annual
Commune de Avrankou - Bénin,avrankou,0,0,0,0,1,0,0,0,0,0,0,0,Annual
Commune de Bopa - Bénin,bopa,0,0,0,0,1,0,0,0,0,0,0,0,Annual
Commune de Comè - Bénin,come,0,0,0,0,1,0,0,0,0,0,0,0,Annual
Commune de Dangbo - Benin,dangbo,0,0,0,0,1,0,0,0,0,0,0,0,Annual
Commune de Ifangni - Bénin,ifangni,0,0,0,1,0,0,0,0,0,0,0,0,Annual
Commune de Klouékanmè - Bénin,klouekanme,0,0,0,1,0,0,0,0,0,1,0,0,Annual
Commune de Kpomassè - Bénin,kpomasse,0,0,0,0,1,0,0,0,0,0,0,0,Annual
Commune de Kétou - Bénin,ketou,0,0,0,1,0,0,0,0,0,0,0,0,Annual
Commune de Lalo - Bénin,lalo,0,0,0,0,1,0,0,0,0,1,0,0,Annual
Commune de Parakou - Bénin,parakou,0,0,0,0,1,0,0,0,0,0,0,0,Annual
Commune de Pobè - Bénin,pobe,0,0,0,0,1,0,0,0,0,0,0,0,Annual
Commune de Toffo - Bénin,toffo,0,0,0,0,1,0,0,0,0,1,0,0,Annual
Commune de Toviklin - Bénin,toviklin,0,0,0,0,1,0,0,0,0,1,0,0,Annual
Commune de Zè - Bénin,ze,0,0,0,0,1,0,0,0,0,0,0,0,Annual
Concordis International,concordis,0,0,0,0,0,1,0,1,0,0,0,0,Annual
Cowater International Inc,cowater,0,0,0,0,0,0,0,0,0,0,0,0,Annual
D-Rev,d-rev,0,0,0,0,0,0,0,0,0,0,0,0,Annual
DAI Global Health,healthpartners-international,0,0,1,0,0,0,0,0,0,0,0,0,Annual
DECP,decp,0,1,0,0,0,0,0,0,0,0,0,0,Annual
DKT - (Pakistan),dkt,0,0,0,0,0,0,0,0,0,0,0,0,Annual
DUF - The Danish Youth Council,duf,0,0,0,0,0,0,0,0,1,0,0,0,Annual
Danish Family Planning Association,dfpa,0,0,0,0,0,0,0,0,1,0,0,0,Annual
Danish Red Cross,danishrc,0,0,0,0,0,0,0,0,1,0,0,0,Annual
Danmission,danmission,0,0,0,0,0,0,0,0,1,0,0,0,Annual
Dansk Missionråds Udviklingsafdeling,dmru,0,0,0,0,0,0,0,0,1,0,0,0,Annual
Data4Development,d4d,0,0,0,0,0,0,1,0,0,0,1,0,Annual
David Gordon Memorial Hospital,dgmh,0,0,0,0,0,0,0,0,0,1,0,1,Annual
Dawuro Development Association,dawuro_da,0,0,0,0,0,0,0,0,0,0,0,1,Annual
Defence for Children International Netherlands - ECPAT Netherlands,dciecpatnl,0,1,0,1,0,1,0,0,0,0,0,0,Annual
Deloitte Touche Tohmatsu India LLP,dttillp,0,0,0,0,1,0,0,0,0,0,0,0,Annual
Democracy Reporting International gGmbH,dri,0,0,0,0,0,0,0,0,0,0,0,0,Annual
Democratic Governance Facility,dgf,0,0,0,0,0,0,0,0,1,0,0,0,Annual
Development Organisation of the Rural Poor,dorp-org,1,0,0,0,0,0,0,0,0,0,0,0,Annual
Diakonia Sweden,diakonia802017-3517,0,0,0,0,0,0,0,1,0,0,1,0,Annual
Direcção Provincial de Saúde de Nampula,dps-nampula,0,0,0,0,0,0,0,0,2,0,0,1,Annual
Disabled People's Organisations Denmark,dpod,0,0,0,0,0,0,0,0,0,1,0,0,Annual
EDUCATION DEVELOPMENT TRUST - RWANDA,edt_rwanda,0,0,0,0,0,0,0,0,2,1,0,0,Annual
Eclosio,eclosio,0,0,0,0,0,0,1,1,0,0,0,0,Annual
Ecorys Nederland B.V.,ecorysnl,0,0,0,0,0,1,0,0,0,0,0,0,Annual
Ecorys UK,ecuk,0,0,0,0,0,0,0,1,0,0,1,0,Annual
Educate!,educate,0,0,0,0,0,0,1,0,0,0,0,0,Annual
Edukans Foundation,edukans_foundation,0,0,0,0,0,0,0,0,0,0,0,0,Annual
Energy 4 Impact,e4i,0,0,0,0,0,0,0,0,0,0,0,0,Annual
Energy Saving Trust,energy_saving_trust,0,0,1,0,0,0,0,0,0,0,0,0,Annual
Enfance Tiers Monde Kinderen Derde Wereld,etmkdw,0,0,0,0,0,0,0,1,0,0,0,0,Annual
Ethiopiaid UK,ethiopiaiduk,1,0,0,0,0,0,0,1,0,0,0,0,Annual
FHI360,fhi360,0,0,0,0,0,0,0,0,0,0,0,0,Annual
Family Life Education Program,flepuganda,1,0,0,0,0,0,0,0,0,0,0,0,Annual
Farm Concern International,fci,0,0,0,0,0,0,0,0,2,0,0,0,Annual
Food for the Hungry UK,fh,0,0,0,0,0,0,0,1,0,0,1,0,Annual
Friends of Kipkelion,kipkelion,0,1,0,0,1,0,0,0,0,0,0,0,Annual
Friends of Publish What You Fund,friendsofpwyf,0,0,0,0,1,0,0,0,0,0,0,0,Annual
Frontline AIDS,f-aids,0,0,0,0,0,0,0,0,1,0,0,0,Annual
Fundacion Acceso,fundacion-acceso,0,0,1,0,0,0,0,0,0,0,0,0,Annual
Fundación Fondo Mujeres del Sur,fms,0,0,0,0,0,0,0,0,0,1,0,0,Annual
Fundación Oriéntame,orientame,0,0,1,0,0,0,0,0,0,0,0,0,Annual
Fundo de Investimento e Patrimonio do Abastecimento de Água (FIPAG),fipag,0,1,0,0,0,0,0,0,0,0,0,0,Annual
Geneva International Centre for Humanitarian Demining,gichd,0,0,0,0,0,0,0,0,1,0,0,0,Annual
Germany - Federal Foreign Office,fo_germany,0,0,0,0,0,0,0,0,0,1,1,1,Annual
GiveDirectly,givedirectly,1,0,0,1,0,0,0,0,0,0,0,0,Annual
Global Canopy,globalcanopy,0,0,0,0,0,0,0,0,0,0,0,1,Annual
Global Focus,globaltfokus,0,0,0,0,0,0,0,0,0,0,0,0,Annual
Global Green Growth Institute (GGGI),gggi,0,0,0,0,0,0,1,0,0,0,0,0,Annual
Global Network of People Living with HIV (GNP+),gnpplus,0,0,0,0,1,1,0,0,0,0,0,0,Annual
Groupe Pivot Santé Population,gpsp-org,0,0,0,0,0,0,0,0,0,1,0,0,Annual
Hand in Hand International,handinhand,0,0,1,0,0,0,0,0,0,0,0,0,Annual
HealthNet TPO,healthnet,0,0,1,0,0,1,0,0,0,0,0,0,Annual
Heartland Alliance International,ha-i,0,0,0,0,0,0,0,0,0,0,0,1,Annual
HiiL innovating Justice,hiil_mfa,0,0,0,0,0,0,0,1,0,0,0,0,Annual
Hope for Children,hfc,0,0,0,0,0,0,0,0,0,0,1,0,Annual
IDinsight,idinsight,0,0,0,0,0,0,0,0,0,1,0,0,Annual
Index Initiative Foundation,iif,0,0,0,0,0,0,0,0,0,0,1,0,Annual
Instiglio,instiglio,0,0,0,0,0,0,0,0,0,0,0,1,Annual
"Institut National de l'Eau, Benin",ine_benin,0,0,0,1,0,0,0,0,0,0,0,0,Annual
Institute for Security Studies,issafrica,0,0,0,0,0,0,1,0,0,0,0,1,Annual
Institute for War & Peace Reporting,iwpr,0,0,0,0,0,0,0,0,0,0,0,0,Annual
International Alert,international-alert,0,0,1,0,0,1,0,0,0,0,0,0,Annual
International Center for Not-for-Profit Law,icnl_org,0,0,0,0,0,0,0,0,0,0,0,0,Annual
International Centre of Insect Physiology and Ecology (icipe),icipe,0,0,0,0,0,0,0,0,0,0,0,0,Annual
International Climate Initiative / BMU - IKI Secretariat,bmu_iki,0,0,0,0,1,0,0,1,0,0,0,0,Annual
International Committee of the Red Cross (ICRC),icrc,0,0,0,0,0,0,1,0,0,0,0,2,Annual
International Fertilizer Development Center,ifdc-us,0,0,0,0,0,0,0,0,0,1,0,0,Annual
International Indigenous Women Forum,fimi_iiwf_2019,0,0,0,0,0,0,0,0,0,1,0,0,Annual
International Initiative for Impact Evaluation,3ie,1,0,0,0,0,1,0,0,0,0,0,0,Annual
International Labour Organization (ILO),ilo,1,0,0,0,0,0,0,0,0,0,0,0,Annual
International Media Support,ims,0,0,0,0,0,0,0,0,1,0,0,0,Annual
International Network for the Availability of Scientific Publications,inasp,0,0,0,0,0,0,0,0,0,0,0,1,Annual
International Trade Centre (ITC),itc,0,0,0,0,0,0,1,0,0,0,0,0,Annual
International Treatment Preparedness Coalition (ITPC),itpc,0,0,0,0,0,0,0,0,0,0,1,0,Annual
International Union for Conservation of Nature and Natural Resources,iucn,0,0,0,0,0,0,0,0,0,0,0,1,Annual
Interpeace,interpeace,0,0,0,0,0,0,0,0,1,0,0,0,Annual
IntraHealth International,intrahealth,0,0,0,0,0,0,0,0,0,0,0,1,Annual
Iraq Foundation,iraq_foundation,0,0,0,0,0,0,1,0,1,0,0,0,Annual
Ireland - Department of Foreign Affairs and Trade,irishaid,0,0,1,1,0,0,0,0,0,0,0,0,Annual
"Iringa Development of Youth, Disabled and Children Care",idydc,0,0,0,0,0,0,1,0,0,0,0,0,Annual
Irrawaddy Policy Exchange,ipe,0,0,0,0,0,0,0,0,0,1,0,0,Annual
Johns Hopkins University,gi-jhu,1,1,0,0,0,0,0,0,0,0,0,0,Annual
Just Associates,jass,0,1,0,0,0,0,0,0,0,0,0,0,Annual
KPMG LLP,kpmgllp,0,0,0,0,0,0,0,0,0,0,0,1,Annual
Kadaster International,kad,0,0,0,0,1,0,0,1,0,0,0,0,Annual
Karuna Mission Social Solidarity - KMSS,kmss,0,0,0,0,0,0,1,0,0,1,0,0,Annual
Kesho Kenya,kesho_kenya,0,0,0,1,0,0,0,0,0,0,0,0,Annual
King Salman Humanitarian Aid and Relief Centre,ksrelief291,0,0,0,0,0,0,0,0,0,0,0,0,Annual
Kisumu Medical and Education Trust,kmet,0,0,1,0,0,0,0,0,0,0,0,0,Annual
Koninklijk Nederlands Meteorologisch Instituut,knmi,0,0,0,0,0,0,0,0,0,0,0,0,Annual
LAMB Health Care Foundation,lhcf,1,0,1,0,0,1,0,0,0,0,0,0,Annual
LIWA programme trust,liwa-admin,0,0,0,0,0,0,0,0,0,0,0,1,Annual
Learning for Life,learningforlife,0,0,0,1,0,0,0,0,0,0,0,0,Annual
Light For The World Belgium,lftw-be,0,0,0,0,0,0,0,0,0,1,1,0,Annual
"Lithuania, Ministry of Foreign Affairs",lithuania_mfa,0,0,0,0,0,0,1,0,0,0,0,0,Annual
Liverpool School of Tropical Medicine,lstm,0,0,0,0,0,0,0,0,0,1,0,0,Annual
Louvain Coopération,lc,1,0,0,0,0,0,0,0,0,0,0,0,Annual
MDF Global,mdf,0,0,0,0,0,0,0,0,1,0,0,1,Annual
Mastercard Foundation,mastercard-foundation,0,0,0,0,0,0,0,0,1,0,0,0,Annual
Medecins du Monde France,mdm-fr,0,0,0,0,0,0,0,0,0,0,0,0,Annual
Mercy Corps Global,mcg,0,0,0,0,0,0,0,0,0,0,0,0,Annual
Mercy Corps Netherlands,mcn,0,0,0,0,0,0,0,0,0,0,0,0,Annual
Ministry of Foreign Affairs of  Japan,mofa-jpn,0,0,0,0,1,0,0,0,0,0,0,0,Annual
Ministry of Foreign and European Affairs of the Slovak Republic,slovakaid,0,0,0,0,0,1,0,0,0,0,0,0,Annual
Mission Øst,missioneast,0,0,0,0,0,0,0,1,0,1,0,0,Annual
Mukisa Foundation,mukisa_foundation,0,0,0,0,0,1,0,0,0,0,0,0,Annual
Mulanje Mission Hospital,mmh,0,0,0,0,0,0,0,1,0,0,0,1,Annual
Musalaha Ministry of Reconciliation,mmr_admin2,0,1,0,0,1,0,0,1,0,0,0,0,Annual
Mzumbe University,m_u,0,0,1,0,0,0,0,0,0,0,0,0,Annual
NKHOMA MISSION HOSPITAL,nmhiati,0,0,0,0,0,0,0,0,0,2,0,1,Annual
"Namati, Inc",namati_inc,0,0,0,0,0,0,0,0,0,0,1,0,Annual
Nathan Associates London Ltd.,nathan,0,0,0,0,0,0,0,1,0,0,0,1,Annual
National Coalition of Human Rights Defenders - Kenya,nchrdk,0,0,0,0,1,0,0,0,0,0,0,0,Annual
"Natural Resources Institute, University of Greenwich.",nri,0,0,0,0,0,0,0,0,0,1,0,0,Annual
Nepal Disabled Human Rights Center,dhrc_nepal,0,0,0,0,0,0,0,0,0,0,1,0,Annual
Netherlands Leprosy Relief,nlr,0,0,0,1,0,0,0,0,1,0,0,0,Annual
Network For Enterprise Enhancement and Development Support,needs,1,0,0,0,0,0,0,0,0,0,0,0,Annual
Niger Delta Stakeholders Initiative for Community Development and Empowerment,ndsicde,0,0,0,0,0,0,0,0,0,1,0,0,Annual
Norad - Norwegian Agency for Development Cooperation,norad,0,0,0,0,0,0,1,0,0,0,0,0,Annual
Northern Network for Education Development,nned,0,0,0,0,0,0,0,0,0,0,0,1,Annual
Northern Rangelands Trust,nrt-kenya,0,0,0,0,0,0,0,0,0,0,0,0,Annual
One Acre Fund,oneacrefund,0,0,0,0,0,1,0,0,0,0,0,0,Annual
OpenNorth,opennorth,0,0,0,0,0,0,0,0,0,0,0,0,Annual
Options Consultancy Services,options,0,0,0,0,0,0,0,0,0,1,1,0,Annual
Oxfam GB,oxfamgb,0,1,0,1,0,1,0,0,0,0,0,0,Annual
Oxfam IBIS,ibis_denmark,0,0,0,0,0,0,0,0,0,0,0,1,Annual
Oxford Policy Management,opml,0,0,0,0,0,0,1,0,0,0,0,0,Annual
PATH,_path_,0,0,0,0,0,0,0,0,0,0,0,0,Annual
Palladium International Ltd (UK),palladium,0,0,0,0,0,0,0,0,0,1,0,0,Annual
Palliative Care Association of Malawi,pacam,0,0,0,0,0,0,0,1,1,0,0,1,Annual
Palliative Care Support Trust,pcst,0,0,0,0,0,0,0,0,0,1,0,1,Annual
Panos Institute West Africa (PIWA),ipao,1,0,0,0,0,0,0,0,0,0,0,0,Annual
Pastoralist Girls Initiative,pgi_kenya,0,0,0,1,0,0,0,0,0,0,0,0,Annual
PlanBørnefonden,plb,0,0,0,0,0,0,0,0,1,0,0,0,Annual
Plataforma Moçambicana da Água (PLAMA),plama,0,0,0,0,0,0,0,0,0,0,0,1,Annual
Population Services and Training Centre (PSTC),pstc_1102,1,0,0,0,0,0,0,0,0,0,0,0,Annual
PositiveNegatives,posneg,0,0,0,0,0,0,1,0,0,0,0,0,Annual
Promundo-US,pmo-us,1,0,1,0,0,0,0,0,0,0,0,0,Annual
Protecting Families Against HIV/AIDS,prefa_1,0,1,0,0,0,0,0,0,0,0,0,0,Annual
RAIN Foundation (former),rainfoundation,0,0,0,0,0,0,0,0,1,0,0,0,Annual
Railway Children Africa,rc2africa,0,0,0,0,0,0,0,1,0,0,0,0,Annual
Rainforest Alliance,rainforest-alliance,0,0,0,0,0,0,0,0,0,1,0,0,Annual
Rainforest Foundation UK,rfuk,0,1,0,0,0,0,0,0,0,0,0,0,Annual
Regional Advisory Information and Network Systems,rains,0,0,0,0,0,0,0,0,0,0,1,0,Annual
"Rehabilitation, Education and Community Health (REACH)",reach-iraq,0,0,0,0,1,0,0,1,1,0,0,0,Annual
Relief International - Somalia,ri_kenya,0,1,1,0,0,1,0,0,1,0,0,0,Annual
Republic of Korea,odakorea,0,0,0,0,0,0,1,1,0,0,0,0,Annual
Responsible Mining Foundation,rmf,0,0,0,0,0,0,0,0,0,0,0,0,Annual
Right to Play Netherlands Foundation,rtp,1,0,1,0,0,1,0,0,0,0,0,0,Annual
Royal College of General Practitioners (RCGP),rcgp-international,0,0,0,0,0,0,0,0,0,0,0,0,Annual
Royal College of Obstetricians & Gynaecologists,rcog_resilience_in_obstetric_skills,1,0,0,0,0,0,0,0,0,0,0,0,Annual
SPARK,spark,0,0,0,0,0,0,0,0,0,0,1,0,Annual
Samaritan's Purse UK,spuk,0,1,0,0,0,1,0,0,0,0,0,0,Annual
Savana Signatures,savsign-org,1,0,0,0,0,0,0,0,0,0,0,0,Annual
Save the Children DK,redbarnet,0,0,0,0,0,0,1,1,0,0,1,0,Annual
Seefar,seefar,0,0,0,0,0,0,0,0,0,0,0,0,Annual
Sehat Kahani (Community Innovation Hub),sehatkahanicih,0,0,0,0,0,0,0,0,1,0,0,0,Annual
Sensorial Handicap Cooperation,shc,0,0,0,0,0,0,0,1,0,0,0,0,Annual
Silsab Foundation,silsab1-_,0,0,0,0,0,0,0,0,0,0,0,0,Annual
Siren Associates,siren,0,0,0,0,0,0,0,0,1,0,0,0,Annual
Social Development Direct Limited,sddirect,0,1,0,1,0,0,0,0,0,0,0,0,Annual
"Social Fund for Development, Yemen",sfd-yemen,0,0,0,0,0,0,0,0,0,0,0,0,Annual
Société Nationale des eaux du Bénin (SONEB),soneb-benin,0,0,0,0,0,0,0,0,1,0,0,0,Annual
SolarNow Services (U) Ltd,solarnowsofa,0,0,0,0,0,0,0,0,0,0,1,0,Annual
Special Hope Network,shn,0,0,0,0,0,0,0,0,0,0,1,0,Annual
Stakeholder Democracy Network,sdn,0,0,0,0,0,0,0,0,0,1,0,0,Annual
Stichting Agriterra,agriterra,0,0,1,0,0,0,0,0,0,0,0,0,Annual
Stichting Aidenvironment,aidenvironment,1,0,0,0,0,0,0,0,0,0,0,0,Annual
Stichting Kinderpostzegels Nederland,skn,0,1,0,0,0,0,0,0,0,0,0,0,Annual
Stichting Nederlands Instituut voor Internationale Betrekkingen 'Clingendael',clingendael,0,0,0,0,0,0,1,0,0,0,0,0,Annual
Stichting VU Amsterdam - Amsterdam Centre for World Food Studies,acwfs_vu,0,0,0,0,0,0,0,0,0,0,0,0,Annual
Syria Relief,sr,0,0,0,0,0,0,0,0,1,0,0,0,Annual
The Carter Center,carter-center,0,1,0,0,0,0,0,0,0,0,0,0,Annual
The Fred Hollows Foundation (UK),fhfuk,0,0,0,0,0,0,0,0,0,1,0,0,Annual
"The Global Development Incubator, Inc",gdi,0,0,0,0,0,0,0,0,0,1,1,0,Annual
The Global Forum on MSM & HIV (MSMGF),msmgf,0,0,0,0,1,0,1,0,0,0,0,0,Annual
The HALO Trust,halo,0,0,0,0,0,0,0,0,0,0,0,1,Annual
The Hunger Project Netherlands,thp_org,0,1,0,0,0,0,0,0,0,0,0,0,Annual
The LO/FTF Council (Ulandssekretariatet),loftf,0,0,0,0,0,0,0,0,1,0,0,0,Annual
The Louis Berger Group Inc.,lbg,0,0,0,0,0,0,0,0,0,0,1,1,Annual
"The Population Council, Inc.",populationcouncil,0,0,0,0,0,0,1,0,0,0,0,0,Annual
The Princess Alia Foundation,paf_2018,0,0,0,0,0,0,0,0,0,0,0,0,Annual
"The University of Dodoma (UDOM), Tanzania",udom,0,0,0,0,0,0,0,0,0,0,0,1,Annual
The University of Manchester,uom,0,0,0,0,0,0,0,0,1,0,0,0,Annual
The University of Oxford,oxford,0,0,0,0,0,0,0,0,0,0,0,0,Annual
Timidria,timidria,0,0,0,0,0,1,0,0,0,1,0,0,Annual
Transparency International Kenya,ti_kenya,0,0,1,0,0,0,0,0,0,0,0,0,Annual
Transparency International Secretariat,transparency-international,0,0,0,0,0,0,0,2,0,0,0,0,Annual
Transparency International UK,ti-uk,0,0,0,0,0,0,1,0,0,0,0,0,Annual
Trocaire,trocaire,0,0,0,0,0,0,0,0,0,0,0,1,Annual
Tropenbos International,tbi,0,0,0,1,0,0,0,0,0,0,0,0,Annual
Tropical Health and Education Trust,tropicalhealth,0,0,0,1,0,0,0,0,0,0,0,0,Annual
Twin,twin-iati,0,0,0,0,0,0,0,1,0,0,0,0,Annual
UN Pooled Funds,unpf,1,0,0,0,0,0,0,0,0,0,0,0,Annual
Uganda Martyrs University,umu,0,0,0,0,0,0,0,0,0,0,0,1,Annual
United Nations Capital Development Fund,uncdf,0,0,0,0,0,0,1,0,0,0,0,0,Annual
"United Nations Educational, Scientific and Cultural Organization (UNESCO)",unesco,0,0,0,0,1,0,0,0,0,0,0,0,Annual
United Nations Office for the Coordination of Humanitarian Affairs (Specially-Designated Contributions),unocha-sdc,0,0,1,0,0,0,0,0,0,0,0,0,Annual
Universiteit Leiden,universiteit_leiden,0,0,0,0,0,0,0,0,0,0,0,1,Annual
University College London,ucl,0,0,0,0,0,0,0,0,0,0,0,0,Annual
University Of Zimbabwe,1-uz,0,0,0,0,0,0,0,0,1,0,0,0,Annual
University Twente,utwente,0,0,0,0,0,0,1,0,0,0,0,0,Annual
University of Birmingham (Governance and Social Development Resource Centre),universityofbirmingham_gsdrc,0,0,0,0,0,0,0,0,0,0,0,0,Annual
University of Nottingham,uni_of_nottingham,0,0,0,0,0,0,0,0,0,0,0,1,Annual
Village Enterprise,villageenterprise,0,0,0,0,0,0,0,0,0,0,1,0,Annual
VisionFund International,vfi,0,0,0,0,0,0,0,0,0,0,0,1,Annual
Vlaamse Interuniversitaire Raad voor Universitaire Ontwikkelingssamenwerking (VLIR-UOS),vlir-uos,0,0,0,0,1,0,0,1,0,0,0,0,Annual
Voluntary Health Association of India,vhai-org,1,0,0,0,0,0,0,0,0,0,0,0,Annual
WWF Sweden,wwf-se,0,0,0,0,0,0,0,0,1,0,0,0,Annual
Wageningen University & Research - Stichting Wageningen Research,wageningen_ur,0,0,0,0,0,0,0,0,0,0,1,1,Annual
Water & Sanitation for the Urban Poor (WSUP),wsup,0,0,0,0,0,1,0,0,0,0,0,0,Annual
Water Finance Facility,wff,0,0,0,0,0,1,0,0,0,0,0,1,Annual
Water Integrity Network Association,win,0,0,0,1,0,0,0,0,0,0,0,0,Annual
Water Witness International,water-witness-international,0,0,0,0,0,0,0,1,0,0,0,0,Annual
We Effect,weeffect,0,0,0,0,0,0,1,1,0,0,0,0,Annual
We World - GVC Onlus,ww-gvc,0,0,0,0,0,0,0,0,0,1,0,0,Annual
Welbodi Partnership,welbodipartnership,0,1,0,1,0,0,0,0,0,0,0,0,Annual
Welthungerhilfe,whh,0,0,0,0,0,0,0,0,0,0,0,0,Annual
Wolayita Development Association,woda_0486,0,0,0,0,0,0,0,0,0,0,0,1,Annual
Womankind Worldwide,womankindworld,0,0,0,0,0,0,0,0,0,1,0,0,Annual
Women Environmental Programme,wep,0,0,0,0,0,0,0,0,1,0,0,0,Annual
Women's Fund Asia,wf-asia,0,0,0,0,0,0,0,0,0,1,0,0,Annual
Women's Global Network on Reproductive Rights,wgnrr_iati,0,0,0,0,0,0,0,0,1,0,0,0,Annual
Women's Refugee Commission,w_r_c,0,0,0,0,0,0,1,0,0,0,0,0,Annual
World Agroforestry Centre,icraf_,0,1,0,0,0,0,0,0,0,0,0,0,Annual
World Economic Forum,worldeconomicforum,0,1,0,0,0,0,0,0,0,0,0,0,Annual
World Vegetable Center,worldveg,0,0,0,0,0,0,0,0,0,0,1,0,Annual
World Vision International,wvi,0,0,0,0,1,0,0,0,0,0,0,0,Annual
World Wide Fund for Nature Denmark,wwfdk,0,0,0,0,0,0,0,0,1,0,0,0,Annual
YWCA of Bangladesh,ywcabd,1,0,1,0,0,0,0,0,0,0,1,0,Annual
Zambia Orphans Aid UK,zoa_uk,0,0,0,0,0,0,0,0,0,0,1,0,Annual
dance4life,dance4life,0,0,1,0,0,0,0,0,0,0,0,0,Annual
equileap,equileap,1,1,0,0,0,0,0,0,0,0,0,0,Annual
living peace institute,lpi,0,0,0,0,0,0,0,0,0,0,0,1,Annual
the center for victimized women and children,cavwoc,1,0,0,0,0,0,0,0,0,0,0,0,Annual
ABAAD - Resource Center for Gender Equality,arcfge,0,0,0,0,0,0,0,0,0,0,0,0,Less than Annual
ACTED,acted,0,0,0,0,0,0,0,0,0,0,0,0,Less than Annual
ANDA,anda,0,0,0,0,0,0,0,0,0,0,0,0,Less than Annual
APPRO-Europe,appro-eu,0,0,0,0,0,0,0,0,0,0,0,0,Less than Annual
ARK (Absolute Return for Kids),ark,0,0,0,0,0,0,0,0,0,0,0,0,Less than Annual
Aasaman Nepal,aasaman,0,0,0,0,0,0,0,0,0,0,0,0,Less than Annual
Abaseen Foundation UK,abaseen,0,0,0,0,0,0,0,0,0,0,0,0,Less than Annual
Abt Associates Inc,abt,0,0,0,0,0,0,0,0,0,0,0,0,Less than Annual
Academy for Health Development (AHEAD),ahead,0,0,0,0,0,0,0,0,0,0,0,0,Less than Annual
Access to Seeds Foundation,atsf,0,0,0,0,0,0,0,0,0,0,0,0,Less than Annual
Acid Survivors Foundation,_admin,0,0,0,0,0,0,0,0,0,0,0,0,Less than Annual
Across,across,0,0,0,0,0,0,0,0,0,0,0,0,Less than Annual
Adaptation Fund,af,0,0,0,0,0,0,0,0,0,0,0,0,Less than Annual
Adventist Development and Relief Agency (ADRA Somalia),adrasom,0,0,0,0,0,0,0,0,0,0,0,0,Less than Annual
Afghanistan and Central Asian Association,acaa,0,0,0,0,0,0,0,0,0,0,0,0,Less than Annual
African Population and Health Research Center,aphrc,0,0,0,0,0,0,0,0,0,0,0,0,Less than Annual
Agency for Cooperation and Research in Development (ACORD),acord,0,0,0,0,0,0,0,0,0,0,0,0,Less than Annual
AidData,aiddata,0,0,0,0,0,0,0,0,0,0,0,0,Less than Annual
Ajuda de Desenvolvimento de Povo para Povo (ADPP),adpp,0,0,0,0,0,0,0,0,0,0,0,0,Less than Annual
Aktis Strategy Ltd,aktis,0,0,0,0,0,0,0,0,0,0,0,0,Less than Annual
Alcis Holdings Limited,alcis,0,0,0,0,0,0,0,0,0,0,0,0,Less than Annual
Alfalit,alfalit,0,0,0,0,0,0,0,0,0,0,0,0,Less than Annual
All We Can (formerly Methodist Relief and Development Fund),allwecan,0,0,0,0,0,0,0,0,0,0,0,0,Less than Annual
Amnesty International UK Section Charitable Trust,aiuk,0,0,0,0,0,0,0,0,0,0,0,0,Less than Annual
Aqua for All,aqua4all,0,0,0,0,0,0,0,0,0,0,0,0,Less than Annual
Article19,art19,0,0,0,0,0,0,0,0,0,0,0,0,Less than Annual
Association for Reproductive and Family Health,arfh,0,0,0,0,0,0,0,0,0,0,0,0,Less than Annual
Atos IT Services Ltd,atosuk,0,0,0,0,0,0,0,0,0,0,0,0,Less than Annual
BSR,bsr_admin,0,0,0,0,0,0,0,0,0,0,0,0,Less than Annual
Backward Society Education (BASE),base_22,0,0,0,0,0,0,0,0,0,0,0,0,Less than Annual
Bees Abroad UK,bauk,0,0,0,0,0,0,0,0,0,0,0,0,Less than Annual
Belgian development agency (Enabel),enabel,0,0,0,0,0,0,0,0,0,0,0,0,Less than Annual
Bioclimate Research and Development,bioclimate,0,0,0,0,0,0,0,0,0,0,0,0,Less than Annual
Blue Ventures Conservation,blueventures,0,0,0,0,0,0,0,0,0,0,0,0,Less than Annual
Burns Violence Survivors - Nepal,bvs-nepal,0,0,0,0,0,0,0,0,0,0,0,0,Less than Annual
C40 Cities Climate Leadership Group,c40cities,0,0,0,0,0,0,0,0,0,0,0,0,Less than Annual
CDA Collaborative Learning Projects,cda,0,0,0,0,0,0,0,0,0,0,0,0,Less than Annual
CDC Group plc,cdc,0,0,0,0,0,0,0,0,0,0,0,0,Less than Annual
CIFAL Scotland,cifal,0,0,0,0,0,0,0,0,0,0,0,0,Less than Annual
CODA International,coda,0,0,0,0,0,0,0,0,0,0,0,0,Less than Annual
CUAMM Trustees,cuammtrustees,0,0,0,0,0,0,0,0,0,0,0,0,Less than Annual
Canon Collins Trust,canoncollinstrust,0,0,0,0,0,0,0,0,0,0,0,0,Less than Annual
Carers Worldwide,cww,0,0,0,0,0,0,0,0,0,0,0,0,Less than Annual
Caritas Finland,caritasfin,0,0,0,0,0,0,0,0,0,0,0,0,Less than Annual
Caritas Serbia,caritas_serbia,0,0,0,0,0,0,0,0,0,0,0,0,Less than Annual
Cecily's Fund,cecily,0,0,0,0,0,0,0,0,0,0,0,0,Less than Annual
Centre For Citizens With Disabilities,ccdnigeria,0,0,0,0,0,0,0,0,0,0,0,0,Less than Annual
Centre for Economic Policy Research,cepr,0,0,0,0,0,0,0,0,0,0,0,0,Less than Annual
Centre for Indian Knowledge Systems,ciks,0,0,0,0,0,0,0,0,0,0,0,0,Less than Annual
Child-to-Child,ctc,0,0,0,0,0,0,0,0,0,0,0,0,Less than Annual
ChildFund International,childfund,0,0,0,0,0,0,0,0,0,0,0,0,Less than Annual
Children in Crisis,cic,0,0,0,0,0,0,0,0,0,0,0,0,Less than Annual
Christian Aid Ireland,caid_ireland,0,0,0,0,0,0,0,0,0,0,0,0,Less than Annual
Christian Engineers in Development,ced,0,0,0,0,0,0,0,0,0,0,0,0,Less than Annual
Clean Clothes Campaign,ccc,0,0,0,0,0,0,0,0,0,0,0,0,Less than Annual
Climate Policy Initiative,cpi,0,0,0,0,0,0,0,0,0,0,0,0,Less than Annual
Conflict Dynamics International,cdi,0,0,0,0,0,0,0,0,0,0,0,0,Less than Annual
Construction Sector Transparency Initiative (CoST),cost_uk,0,0,0,0,0,0,0,0,0,0,0,0,Less than Annual
Cord,cord,0,0,0,0,0,0,0,0,0,0,0,0,Less than Annual
DNH Mali (Direction Nationale de l’Hydraulique du Mali),pca-gire,0,0,0,0,0,0,0,0,0,0,0,0,Less than Annual
Delivery Associates Ltd,delivery_associates,0,0,0,0,0,0,0,0,0,0,0,0,Less than Annual
Desmond Tutu HIV Foundation,dthfxx12,0,0,0,0,0,0,0,0,0,0,0,0,Less than Annual
Development Aid from People to People (DAPP) Malawi,dapp,0,0,0,0,0,0,0,0,0,0,0,0,Less than Annual
Developments In Literacy Trust UK,diltuk,0,0,0,0,0,0,0,0,0,0,0,0,Less than Annual
Digital Campus,dc,0,0,0,0,0,0,0,0,0,0,0,0,Less than Annual
Disability Rights Advocacy Fund,draf,0,0,0,0,0,0,0,0,0,0,0,0,Less than Annual
Disability Rights Fund,drf,0,0,0,0,0,0,0,0,0,0,0,0,Less than Annual
Doctors of the World UK,dotw_uk,0,0,0,0,0,0,0,0,0,0,0,0,Less than Annual
Dóchas - Irish Association of Non Governmental Development Organisations,dochas,0,0,0,0,0,0,0,0,0,0,0,0,Less than Annual
Eco-fuel Africa Limited,eco-fuelafrica,0,0,0,0,0,0,0,0,0,0,0,0,Less than Annual
Economic and Social Research Foundation (ESRF),esrf,0,0,0,0,0,0,0,0,0,0,0,0,Less than Annual
Emmanuel International UK,eiuk,0,0,0,0,0,0,0,0,0,0,0,0,Less than Annual
EngenderHealth Ethiopia,engenderhealth_eth,0,0,0,0,0,0,0,0,0,0,0,0,Less than Annual
Engineers Without Borders Canada,ewb_canada,0,0,0,0,0,0,0,0,0,0,0,0,Less than Annual
Ethical Trading Initiative,eti,0,0,0,0,0,0,0,0,0,0,0,0,Less than Annual
Ethiopian Horticulture Producer Exporters Association (EHPEA),ehpea,0,0,0,0,0,0,0,0,0,0,0,0,Less than Annual
European Institute of Peace,eip,0,0,0,0,0,0,0,0,0,0,0,0,Less than Annual
EveryChild,evc,0,0,0,0,0,0,0,0,0,0,0,0,Less than Annual
Excellent Development,excellent,0,0,0,0,0,0,0,0,0,0,0,0,Less than Annual
Exeter Ethiopia Link,eel,0,0,0,0,0,0,0,0,0,0,0,0,Less than Annual
FRANK Water,frankwater,0,0,0,0,0,0,0,0,0,0,0,0,Less than Annual
Fairfood International,fairfood,0,0,0,0,0,0,0,0,0,0,0,0,Less than Annual
Fairtrade Labelling Organizations International e.V.,fairtrade_international,0,0,0,0,0,0,0,0,0,0,0,0,Less than Annual
Fauna & Flora International,ffi_publisher,0,0,0,0,0,0,0,0,0,0,0,0,Less than Annual
Find Your Feet,fyf,0,0,0,0,0,0,0,0,0,0,0,0,Less than Annual
Forests Monitor,fm,0,0,0,0,0,0,0,0,0,0,0,0,Less than Annual
Freedom Forum,ff,0,0,0,0,0,0,0,0,0,0,0,0,Less than Annual
"Friends of the Earth England, Wales and Northern Ireland",foe_ewni,0,0,0,0,0,0,0,0,0,0,0,0,Less than Annual
Friends of the Earth-Ghana,foe-ghana,0,0,0,0,0,0,0,0,0,0,0,0,Less than Annual
GEMS Education Solutions,mgcubed,0,0,0,0,0,0,0,0,0,0,0,0,Less than Annual
GOGLA - Global Off-Grid Lighting Association,gogla,0,0,0,0,0,0,0,0,0,0,0,0,Less than Annual
Gender Links,gl,0,0,0,0,0,0,0,0,0,0,0,0,Less than Annual
Girls Not Brides: The Global Partnership to End Child Marriage,girlsnotbrides,0,0,0,0,0,0,0,0,0,0,0,0,Less than Annual
Global Action Nepal,gan,0,0,0,0,0,0,0,0,0,0,0,0,Less than Annual
Global Alliance for TB Drug Development,tb-a,0,0,0,0,0,0,0,0,0,0,0,0,Less than Annual
Global Integrity,globalintegrity,0,0,0,0,0,0,0,0,0,0,0,0,Less than Annual
Global Partnership for Education,gpe,0,0,0,0,0,0,0,0,0,0,0,0,Less than Annual
Grow Movement,growmovement_admin,0,0,0,0,0,0,0,0,0,0,0,0,Less than Annual
HTSPE,htspe,0,0,0,0,0,0,0,0,0,0,0,0,Less than Annual
Habitat for Humanity Great Britain,hfhgb,0,0,0,0,0,0,0,0,0,0,0,0,Less than Annual
Hagar International UK,hagar_uk,0,0,0,0,0,0,0,0,0,0,0,0,Less than Annual
Haiti Hospital Appeal,hha,0,0,0,0,0,0,0,0,0,0,0,0,Less than Annual
Handicap International,hifed,0,0,0,0,0,0,0,0,0,0,0,0,Less than Annual
Heifer International South Africa,hsa,0,0,0,0,0,0,0,0,0,0,0,0,Less than Annual
Heifer Nederland,heifernederland,0,0,0,0,0,0,0,0,0,0,0,0,Less than Annual
Helvetas Swiss Intercooperation,hsi,0,0,0,0,0,0,0,0,0,0,0,0,Less than Annual
Hilfswerk Austria Zimbabwe,hwa-zm,0,0,0,0,0,0,0,0,0,0,0,0,Less than Annual
Homeless International,hi,0,0,0,0,0,0,0,0,0,0,0,0,Less than Annual
Horizons for Green Development,horizons,0,0,0,0,0,0,0,0,0,0,0,0,Less than Annual
Hospice Africa Ltd,hauk,0,0,0,0,0,0,0,0,0,0,0,0,Less than Annual
Human Relief Foundation,hrf,0,0,0,0,0,0,0,0,0,0,0,0,Less than Annual
I Choose Life Africa,ke-ngc-3372,0,0,0,0,0,0,0,0,0,0,0,0,Less than Annual
ICA:UK,icauk,0,0,0,0,0,0,0,0,0,0,0,0,Less than Annual
ICS,ics,0,0,0,0,0,0,0,0,0,0,0,0,Less than Annual
IDEO.org,ideo_org,0,0,0,0,0,0,0,0,0,0,0,0,Less than Annual
"IDH, the Sustainable Trade Initiative",idh,0,0,0,0,0,0,0,0,0,0,0,0,Less than Annual
IFOAM - Organics International,ifoam,0,0,0,0,0,0,0,0,0,0,0,0,Less than Annual
INTERNATIONAL DISABILITY ALLIANCE,ida,0,0,0,0,0,0,0,0,0,0,0,0,Less than Annual
IOD PARC,iodparc,0,0,0,0,0,0,0,0,0,0,0,0,Less than Annual
IPE Global Limited,ipeglobal,0,0,0,0,0,0,0,0,0,0,0,0,Less than Annual
IREX (International Research and Exchange Board),suhanajjar,0,0,0,0,0,0,0,0,0,0,0,0,Less than Annual
Indigo Trust,indtrust,0,0,0,0,0,0,0,0,0,0,0,0,Less than Annual
Integrity Research and Consultancy Ltd,integrity,0,0,0,0,0,0,0,0,0,0,0,0,Less than Annual
InterAction,interaction,0,0,0,0,0,0,0,0,0,0,0,0,Less than Annual
InterClimate Network,icn,0,0,0,0,0,0,0,0,0,0,0,0,Less than Annual
Interact Worldwide,iww_publish,0,0,0,0,0,0,0,0,0,0,0,0,Less than Annual
International Federation of Accountants,ifac,0,0,0,0,0,0,0,0,0,0,0,0,Less than Annual
International Law & Policy Institute (ILPI),ilpi,0,0,0,0,0,0,0,0,0,0,0,0,Less than Annual
International NGO Safety Orgnisation,inso,0,0,0,0,0,0,0,0,0,0,0,0,Less than Annual
International Network for Bamboo and Rattan (INBAR),inbar,0,0,0,0,0,0,0,0,0,0,0,0,Less than Annual
International Network of People who Use Drugs (INPUD),inpud_admin,0,0,0,0,0,0,0,0,0,0,0,0,Less than Annual
International Procurement Agency,ipa,0,0,0,0,0,0,0,0,0,0,0,0,Less than Annual
Japan International Cooperation Agency (JICA),jica,0,0,0,0,0,0,0,0,0,0,0,0,Less than Annual
Jeevika Trust,jeevika_trust,0,0,0,0,0,0,0,0,0,0,0,0,Less than Annual
Karuna Trust,karuna,0,0,0,0,0,0,0,0,0,0,0,0,Less than Annual
Kepa ry,kepa,0,0,0,0,0,0,0,0,0,0,0,0,Less than Annual
KwaAfrica,kwaafrica,0,0,0,0,0,0,0,0,0,0,0,0,Less than Annual
LEAD International,lead_international,0,0,0,0,0,0,0,0,0,0,0,0,Less than Annual
Landell Mills,landell-mills,0,0,0,0,0,0,0,0,0,0,0,0,Less than Annual
Link Community Development Scotland,lcds,0,0,0,0,0,0,0,0,0,0,0,0,Less than Annual
Lively Minds,livelyminds,0,0,0,0,0,0,0,0,0,0,0,0,Less than Annual
Living Earth Foundation,livingearth12,0,0,0,0,0,0,0,0,0,0,0,0,Less than Annual
Local Development and Small Projects Support,ldsps,0,0,0,0,0,0,0,0,0,0,0,0,Less than Annual
MADE in Europe,mie-1134415,0,0,0,0,0,0,0,0,0,0,0,0,Less than Annual
MAMTA - Health Institute for Mother and Child,mamta_himc,0,0,0,0,0,0,0,0,0,0,0,0,Less than Annual
MICAIA,mic-uk,0,0,0,0,0,0,0,0,0,0,0,0,Less than Annual
Magariro,magariro,0,0,0,0,0,0,0,0,0,0,0,0,Less than Annual
Manx Times,manxtimes,0,0,0,0,0,0,0,0,0,0,0,0,Less than Annual
MapAction,mapaction,0,0,0,0,0,0,0,0,0,0,0,0,Less than Annual
Maxwell Stamp PLC,mstamp,0,0,0,0,0,0,0,0,0,0,0,0,Less than Annual
McKinsey & Company,mck,0,0,0,0,0,0,0,0,0,0,0,0,Less than Annual
"Medical Research Centre (MRC), Sierra Leone",mrc-sierra-leone,0,0,0,0,0,0,0,0,0,0,0,0,Less than Annual
Meningitis Research Foundation,mrf,0,0,0,0,0,0,0,0,0,0,0,0,Less than Annual
Micro Insurance Academy,mia_india,0,0,0,0,0,0,0,0,0,0,0,0,Less than Annual
MicroLoan Foundation,mlf,0,0,0,0,0,0,0,0,0,0,0,0,Less than Annual
Mifumi UK,mifumi_uk,0,0,0,0,0,0,0,0,0,0,0,0,Less than Annual
Ministry of Planning and International Cooperation,yem_mopic,0,0,0,0,0,0,0,0,0,0,0,0,Less than Annual
Muslim Aid,muslimaid,0,0,0,0,0,0,0,0,0,0,0,0,Less than Annual
NGO Federation of Nepal,nfn,0,0,0,0,0,0,0,0,0,0,0,0,Less than Annual
Near East Foundation (NEF USA),nef_usa,0,0,0,0,0,0,0,0,0,0,0,0,Less than Annual
Network for Africa,network4africa,0,0,0,0,0,0,0,0,0,0,0,0,Less than Annual
Network of International Development Organisations in Scotland,nidos,0,0,0,0,0,0,0,0,0,0,0,0,Less than Annual
New Zealand - Ministry of Foreign Affairs and Trade - New Zealand Aid Programme,mfat,0,0,0,0,0,0,0,0,0,0,0,0,Less than Annual
Nuffic,nuffic20171017,0,0,0,0,0,0,0,0,0,0,0,0,Less than Annual
ONG VDRPEFANB,ongvdrpefanb,0,0,0,0,0,0,0,0,0,0,0,0,Less than Annual
Omidyar Network Fund Inc.,omidyarnetwork,0,0,0,0,0,0,0,0,0,0,0,0,Less than Annual
One to One Children's Fund,onetoonecf,0,0,0,0,0,0,0,0,0,0,0,0,Less than Annual
Oxfam India,oxfamindia,0,0,0,0,0,0,0,0,0,0,0,0,Less than Annual
Oxfam Intermón,oxfamintermon,0,0,0,0,0,0,0,0,0,0,0,0,Less than Annual
PHASE Nepal,phase-nepal,0,0,0,0,0,0,0,0,0,0,0,0,Less than Annual
PONT,pont,0,0,0,0,0,0,0,0,0,0,0,0,Less than Annual
PUM Netherlands,pumnl,0,0,0,0,0,0,0,0,0,0,0,0,Less than Annual
Pact,pact,0,0,0,0,0,0,0,0,0,0,0,0,Less than Annual
Penal Reform International,pri,0,0,0,0,0,0,0,0,0,0,0,0,Less than Annual
People In Aid,peopleinaid,0,0,0,0,0,0,0,0,0,0,0,0,Less than Annual
Plan International Finland,planinternationalfinland,0,0,0,0,0,0,0,0,0,0,0,0,Less than Annual
Plan International USA,plan_usa,0,0,0,0,0,0,0,0,0,0,0,0,Less than Annual
Plan Ireland Charitable Assistance Limited,plan_ireland,0,0,0,0,0,0,0,0,0,0,0,0,Less than Annual
Pontis Foundation,pontis,0,0,0,0,0,0,0,0,0,0,0,0,Less than Annual
Power International,power,0,0,0,0,0,0,0,0,0,0,0,0,Less than Annual
Practical Action,pa,0,0,0,0,0,0,0,0,0,0,0,0,Less than Annual
Pragya India,pragya,0,0,0,0,0,0,0,0,0,0,0,0,Less than Annual
Private Infrastructure Development Group,pidg,0,0,0,0,0,0,0,0,0,0,0,0,Less than Annual
Progressio,progressio,0,0,0,0,0,0,0,0,0,0,0,0,Less than Annual
Project Harar,phe,0,0,0,0,0,0,0,0,0,0,0,0,Less than Annual
RNW Media,rnw_org,0,0,0,0,0,0,0,0,0,0,0,0,Less than Annual
Rahnuma-Family Planning Assocation of Pakistan,rfpap,0,0,0,0,0,0,0,0,0,0,0,0,Less than Annual
Relief International UK,ri-uk,0,0,0,0,0,0,0,0,0,0,0,0,Less than Annual
Resource Extraction Monitoring,rem,0,0,0,0,0,0,0,0,0,0,0,0,Less than Annual
Retrak,retrak,0,0,0,0,0,0,0,0,0,0,0,0,Less than Annual
Rojiroti UK,rojiroti,0,0,0,0,0,0,0,0,0,0,0,0,Less than Annual
Romania Ministry of Foreign Affairs,uasd,0,0,0,0,0,0,0,0,0,0,0,0,Less than Annual
Royal Society for the Protection of Birds,rspb_,0,0,0,0,0,0,0,0,0,0,0,0,Less than Annual
SECOURS CATHOLIQUE - CARITAS FRANCE,sccf,0,0,0,0,0,0,0,0,0,0,0,0,Less than Annual
SOS Children's Villages Kenya,soscvkenya,0,0,0,0,0,0,0,0,0,0,0,0,Less than Annual
SOS Sahel International UK,sossaheluk,0,0,0,0,0,0,0,0,0,0,0,0,Less than Annual
Sabah Integrity Alliance Association (SINAR),sinar,0,0,0,0,0,0,0,0,0,0,0,0,Less than Annual
Self Help Africa,self-help-africa,0,0,0,0,0,0,0,0,0,0,0,0,Less than Annual
Send a Cow Uganda,sacu,0,0,0,0,0,0,0,0,0,0,0,0,Less than Annual
ShelterBox,shelterbox,0,0,0,0,0,0,0,0,0,0,0,0,Less than Annual
Shtrii Shakti,shtrii_shakti,0,0,0,0,0,0,0,0,0,0,0,0,Less than Annual
Signal,signal,0,0,0,0,0,0,0,0,0,0,0,0,Less than Annual
Simprints,simprints,0,0,0,0,0,0,0,0,0,0,0,0,Less than Annual
Social Impact Lab CIC,simlab,0,0,0,0,0,0,0,0,0,0,0,0,Less than Annual
Social Watch Benin,swb_1,0,0,0,0,0,0,0,0,0,0,0,0,Less than Annual
Southern African Catholic Bishops' Conference Aids Office,sacbc,0,0,0,0,0,0,0,0,0,0,0,0,Less than Annual
Spain - Ministry of Foreign Affairs and Cooperation,maec,0,0,0,0,0,0,0,0,0,0,0,0,Less than Annual
Stars Foundation,starsfoundation,0,0,0,0,0,0,0,0,0,0,0,0,Less than Annual
Stichting Aflatoun International,aflatoun,0,0,0,0,0,0,0,0,0,0,0,0,Less than Annual
Stichting Humana,humana_houben,0,0,0,0,0,0,0,0,0,0,0,0,Less than Annual
Stichting Mayday Rescue Foundation,maydayrescue,0,0,0,0,0,0,0,0,0,0,0,0,Less than Annual
Stichting Tosangana,tos-nl,0,0,0,0,0,0,0,0,0,0,0,0,Less than Annual
StreetInvest,si,0,0,0,0,0,0,0,0,0,0,0,0,Less than Annual
Stromme Foundation,stromme_ug,0,0,0,0,0,0,0,0,0,0,0,0,Less than Annual
Survivors Fund (SURF),surf,0,0,0,0,0,0,0,0,0,0,0,0,Less than Annual
Sympany+,simone_sympany,0,0,0,0,0,0,0,0,0,0,0,0,Less than Annual
TREE AID,treea,0,0,0,0,0,0,0,0,0,0,0,0,Less than Annual
Target TB,targettb,0,0,0,0,0,0,0,0,0,0,0,0,Less than Annual
Teach A Man To Fish,tamtf,0,0,0,0,0,0,0,0,0,0,0,0,Less than Annual
The Asia Foundation,taf,0,0,0,0,0,0,0,0,0,0,0,0,Less than Annual
The Coca-Cola Export Corporation,tccec,0,0,0,0,0,0,0,0,0,0,0,0,Less than Annual
The Convention on Business Integrity,cbi-nigeria,0,0,0,0,0,0,0,0,0,0,0,0,Less than Annual
The Foundation Center,foundation_center,0,0,0,0,0,0,0,0,0,0,0,0,Less than Annual
The Freedom Fund,thefreedomfund,0,0,0,0,0,0,0,0,0,0,0,0,Less than Annual
The Global Alliance for Improved Nutrition,gain,0,0,0,0,0,0,0,0,0,0,0,0,Less than Annual
The International Children's Trust,theict,0,0,0,0,0,0,0,0,0,0,0,0,Less than Annual
The National Association of Municipalities of Benin (ANCB),ancb_benin,0,0,0,0,0,0,0,0,0,0,0,0,Less than Annual
The Queen Elizabeth Diamond Jubilee Trust,qedjt,0,0,0,0,0,0,0,0,0,0,0,0,Less than Annual
The Sabre Charitable Trust,sct,0,0,0,0,0,0,0,0,0,0,0,0,Less than Annual
The Salvation Army International Development UK,said-uk,0,0,0,0,0,0,0,0,0,0,0,0,Less than Annual
Theatre for a Change Malawi,tfacmalawi,0,0,0,0,0,0,0,0,0,0,0,0,Less than Annual
Theatre for a Change UK,tfac,0,0,0,0,0,0,0,0,0,0,0,0,Less than Annual
Triple Line,tripleline_crownagents,0,0,0,0,0,0,0,0,0,0,0,0,Less than Annual
Trust for Africa's Orphans,tao-03473165,0,0,0,0,0,0,0,0,0,0,0,0,Less than Annual
Twaweza,twaweza,0,0,0,0,0,0,0,0,0,0,0,0,Less than Annual
"UK - Department for Business, Energy and Industrial Strategy",beis,0,0,0,0,0,0,0,0,0,0,0,0,Less than Annual
"UK - Department for Environment, Food and Rural Affairs",defra_transparency,0,0,0,0,0,0,0,0,0,0,0,0,Less than Annual
UK - Department for Work and Pensions,dwp,0,0,0,0,0,0,0,0,0,0,0,0,Less than Annual
UK - Medical Research Council,mrc,0,0,0,0,0,0,0,0,0,0,0,0,Less than Annual
UK - Ministry of Defence,ukmod,0,0,0,0,0,0,0,0,0,0,0,0,Less than Annual
UK - Scottish Government,scottish_government,0,0,0,0,0,0,0,0,0,0,0,0,Less than Annual
UK - Welsh Government's Wales for Africa Programme,wfa,0,0,0,0,0,0,0,0,0,0,0,0,Less than Annual
United Nations Environment Programme (UNEP),un-environment,0,0,0,0,0,0,0,0,0,0,0,0,Less than Annual
United Nations OCHA Financial Tracking Service (UN OCHA FTS),ocha_fts,0,0,0,0,0,0,0,0,0,0,0,0,Less than Annual
United Work,united_work,0,0,0,0,0,0,0,0,0,0,0,0,Less than Annual
University of Amsterdam,uva_org,0,0,0,0,0,0,0,0,0,0,0,0,Less than Annual
University of Leeds,leedsuni,0,0,0,0,0,0,0,0,0,0,0,0,Less than Annual
Vision Aid Overseas,vao,0,0,0,0,0,0,0,0,0,0,0,0,Less than Annual
Vision for a Nation Foundation,vfan,0,0,0,0,0,0,0,0,0,0,0,0,Less than Annual
WASH Alliance International,wai,0,0,0,0,0,0,0,0,0,0,0,0,Less than Annual
WASTE advisers on urban environment and development,waste,0,0,0,0,0,0,0,0,0,0,0,0,Less than Annual
WWF-UK,wwf-uk,0,0,0,0,0,0,0,0,0,0,0,0,Less than Annual
War Child Canada,wcc,0,0,0,0,0,0,0,0,0,0,0,0,Less than Annual
War on Want,waronwant,0,0,0,0,0,0,0,0,0,0,0,0,Less than Annual
War on Want NI,wowni,0,0,0,0,0,0,0,0,0,0,0,0,Less than Annual
Water Works,waterworks,0,0,0,0,0,0,0,0,0,0,0,0,Less than Annual
Water for People,w4p,0,0,0,0,0,0,0,0,0,0,0,0,Less than Annual
Windle Trust Kenya,wtk,0,0,0,0,0,0,0,0,0,0,0,0,Less than Annual
Women Peacemakers Program,wpp,0,0,0,0,0,0,0,0,0,0,0,0,Less than Annual
Women and Children First (UK),wcf,0,0,0,0,0,0,0,0,0,0,0,0,Less than Annual
Women's Action Group,wag-1983,0,0,0,0,0,0,0,0,0,0,0,0,Less than Annual
World Association for Christian Communication (UK),wacc-uk,0,0,0,0,0,0,0,0,0,0,0,0,Less than Annual
World Economic Forum Geneva,weforum_geneva,0,0,0,0,0,0,0,0,0,0,0,0,Less than Annual
World Vision Syria,wvsyria,0,0,0,0,0,0,0,0,0,0,0,0,Less than Annual
World Wide Fund for Nature - Pakistan,wwfpakistan,0,0,0,0,0,0,0,0,0,0,0,0,Less than Annual
YMCA of Liberia,libymca,0,0,0,0,0,0,0,0,0,0,0,0,Less than Annual
Young Innovations Pvt. Ltd,yipl,0,0,0,0,0,0,0,0,0,0,0,0,Less than Annual
Youth Business International,ybi,0,0,0,0,0,0,0,0,0,0,0,0,Less than Annual
Youth Net and Counselling - YONECO,yoneco1997,0,0,0,0,0,0,0,0,0,0,0,0,Less than Annual
Zimbabwe Educational Trust,zet,0,0,0,0,0,0,0,0,0,0,0,0,Less than Annual
Zimmerman & Zimmerman,zimmzimm,0,0,0,0,0,0,0,0,0,0,0,0,Less than Annual
Zing,zing,0,0,0,0,0,0,0,0,0,0,0,0,Less than Annual
act4africa,act4africa,0,0,0,0,0,0,0,0,0,0,0,0,Less than Annual
iPartner India,ip-india,0,0,0,0,0,0,0,0,0,0,0,0,Less than Annual
marysmeals,marysmeals,0,0,0,0,0,0,0,0,0,0,0,0,Less than Annual
mothers2mothers,m2m_sa,0,0,0,0,0,0,0,0,0,0,0,0,Less than Annual
openmindedly,openmindedly,0,0,0,0,0,0,0,0,0,0,0,0,Less than Annual
partos,partos_nl,0,0,0,0,0,0,0,0,0,0,0,0,Less than Annual
